요양개시연월,광역시/도,연령군,성별,진료에피소드 건수,미세먼지
201001,경기도,1,남자,22291,68.0
201001,경기도,1,여자,20267,68.0
201001,경기도,2,남자,20301,68.0
201001,경기도,2,여자,17495,68.0
201001,경기도,3,남자,15022,68.0
201001,경기도,3,여자,12539,68.0
201001,경상남도,1,남자,6930,45.0
201001,경상남도,1,여자,6276,45.0
201001,경상남도,2,남자,6177,45.0
201001,경상남도,2,여자,5262,45.0
201001,경상남도,3,남자,4681,45.0
201001,경상남도,3,여자,4096,45.0
201001,경상북도,1,남자,4611,50.0
201001,경상북도,1,여자,4189,50.0
201001,경상북도,2,남자,4197,50.0
201001,경상북도,2,여자,3456,50.0
201001,경상북도,3,남자,3142,50.0
201001,경상북도,3,여자,2695,50.0
201001,광주광역시,1,남자,3224,46.0
201001,광주광역시,1,여자,2938,46.0
201001,광주광역시,2,남자,2949,46.0
201001,광주광역시,2,여자,2595,46.0
201001,광주광역시,3,남자,2052,46.0
201001,광주광역시,3,여자,1863,46.0
201001,대구광역시,1,남자,4447,56.0
201001,대구광역시,1,여자,3997,56.0
201001,대구광역시,2,남자,4508,56.0
201001,대구광역시,2,여자,3871,56.0
201001,대구광역시,3,남자,3816,56.0
201001,대구광역시,3,여자,2943,56.0
201001,대전광역시,1,남자,2945,48.0
201001,대전광역시,1,여자,2713,48.0
201001,대전광역시,2,남자,2908,48.0
201001,대전광역시,2,여자,2647,48.0
201001,대전광역시,3,남자,2443,48.0
201001,대전광역시,3,여자,2057,48.0
201001,부산광역시,1,남자,4875,47.0
201001,부산광역시,1,여자,4702,47.0
201001,부산광역시,2,남자,5335,47.0
201001,부산광역시,2,여자,4461,47.0
201001,부산광역시,3,남자,4503,47.0
201001,부산광역시,3,여자,3807,47.0
201001,서울특별시,1,남자,13130,59.0
201001,서울특별시,1,여자,11997,59.0
201001,서울특별시,2,남자,13624,59.0
201001,서울특별시,2,여자,11527,59.0
201001,서울특별시,3,남자,10522,59.0
201001,서울특별시,3,여자,9086,59.0
201001,세종특별자치시,1,남자,179,54.25
201001,세종특별자치시,1,여자,190,54.25
201001,세종특별자치시,2,남자,166,54.25
201001,세종특별자치시,2,여자,115,54.25
201001,세종특별자치시,3,남자,97,54.25
201001,세종특별자치시,3,여자,96,54.25
201001,울산광역시,1,남자,1957,46.0
201001,울산광역시,1,여자,1685,46.0
201001,울산광역시,2,남자,1900,46.0
201001,울산광역시,2,여자,1617,46.0
201001,울산광역시,3,남자,1817,46.0
201001,울산광역시,3,여자,1491,46.0
201001,인천광역시,1,남자,4332,64.0
201001,인천광역시,1,여자,3959,64.0
201001,인천광역시,2,남자,4332,64.0
201001,인천광역시,2,여자,3798,64.0
201001,인천광역시,3,남자,3554,64.0
201001,인천광역시,3,여자,3328,64.0
201001,전라남도,1,남자,3510,46.0
201001,전라남도,1,여자,3073,46.0
201001,전라남도,2,남자,3122,46.0
201001,전라남도,2,여자,2808,46.0
201001,전라남도,3,남자,2481,46.0
201001,전라남도,3,여자,2294,46.0
201001,전라북도,1,남자,2798,55.0
201001,전라북도,1,여자,2490,55.0
201001,전라북도,2,남자,2895,55.0
201001,전라북도,2,여자,2615,55.0
201001,전라북도,3,남자,2274,55.0
201001,전라북도,3,여자,2011,55.0
201001,제주특별자치도,1,남자,3139,54.0
201001,제주특별자치도,1,여자,2768,54.0
201001,제주특별자치도,2,남자,3354,54.0
201001,제주특별자치도,2,여자,2862,54.0
201001,제주특별자치도,3,남자,2679,54.0
201001,제주특별자치도,3,여자,2334,54.0
201001,충청남도,1,남자,3706,45.0
201001,충청남도,1,여자,3305,45.0
201001,충청남도,2,남자,3311,45.0
201001,충청남도,2,여자,2861,45.0
201001,충청남도,3,남자,2129,45.0
201001,충청남도,3,여자,1888,45.0
201001,충청북도,1,남자,2386,77.0
201001,충청북도,1,여자,1986,77.0
201001,충청북도,2,남자,2462,77.0
201001,충청북도,2,여자,2074,77.0
201001,충청북도,3,남자,1984,77.0
201001,충청북도,3,여자,1683,77.0
201002,경기도,1,남자,25149,56.0
201002,경기도,1,여자,23325,56.0
201002,경기도,2,남자,28263,56.0
201002,경기도,2,여자,25698,56.0
201002,경기도,3,남자,15868,56.0
201002,경기도,3,여자,14586,56.0
201002,경상남도,1,남자,7386,42.0
201002,경상남도,1,여자,6810,42.0
201002,경상남도,2,남자,8819,42.0
201002,경상남도,2,여자,8030,42.0
201002,경상남도,3,남자,5457,42.0
201002,경상남도,3,여자,4988,42.0
201002,경상북도,1,남자,5099,47.0
201002,경상북도,1,여자,4489,47.0
201002,경상북도,2,남자,5710,47.0
201002,경상북도,2,여자,5033,47.0
201002,경상북도,3,남자,3537,47.0
201002,경상북도,3,여자,2979,47.0
201002,광주광역시,1,남자,3560,39.0
201002,광주광역시,1,여자,3245,39.0
201002,광주광역시,2,남자,4125,39.0
201002,광주광역시,2,여자,3755,39.0
201002,광주광역시,3,남자,2442,39.0
201002,광주광역시,3,여자,2196,39.0
201002,대구광역시,1,남자,4716,49.0
201002,대구광역시,1,여자,4156,49.0
201002,대구광역시,2,남자,6221,49.0
201002,대구광역시,2,여자,5501,49.0
201002,대구광역시,3,남자,3824,49.0
201002,대구광역시,3,여자,3249,49.0
201002,대전광역시,1,남자,3171,39.0
201002,대전광역시,1,여자,2934,39.0
201002,대전광역시,2,남자,3819,39.0
201002,대전광역시,2,여자,3569,39.0
201002,대전광역시,3,남자,2268,39.0
201002,대전광역시,3,여자,2188,39.0
201002,부산광역시,1,남자,5477,44.0
201002,부산광역시,1,여자,4784,44.0
201002,부산광역시,2,남자,6912,44.0
201002,부산광역시,2,여자,6234,44.0
201002,부산광역시,3,남자,4648,44.0
201002,부산광역시,3,여자,4137,44.0
201002,서울특별시,1,남자,14659,50.0
201002,서울특별시,1,여자,13520,50.0
201002,서울특별시,2,남자,17486,50.0
201002,서울특별시,2,여자,15573,50.0
201002,서울특별시,3,남자,11438,50.0
201002,서울특별시,3,여자,10310,50.0
201002,세종특별자치시,1,남자,214,46.8125
201002,세종특별자치시,1,여자,196,46.8125
201002,세종특별자치시,2,남자,185,46.8125
201002,세종특별자치시,2,여자,193,46.8125
201002,세종특별자치시,3,남자,97,46.8125
201002,세종특별자치시,3,여자,98,46.8125
201002,울산광역시,1,남자,2290,44.0
201002,울산광역시,1,여자,1938,44.0
201002,울산광역시,2,남자,2733,44.0
201002,울산광역시,2,여자,2312,44.0
201002,울산광역시,3,남자,1934,44.0
201002,울산광역시,3,여자,1714,44.0
201002,인천광역시,1,남자,4878,54.0
201002,인천광역시,1,여자,4687,54.0
201002,인천광역시,2,남자,5737,54.0
201002,인천광역시,2,여자,5214,54.0
201002,인천광역시,3,남자,3447,54.0
201002,인천광역시,3,여자,3362,54.0
201002,전라남도,1,남자,3763,40.0
201002,전라남도,1,여자,3455,40.0
201002,전라남도,2,남자,4057,40.0
201002,전라남도,2,여자,3789,40.0
201002,전라남도,3,남자,2547,40.0
201002,전라남도,3,여자,2382,40.0
201002,전라북도,1,남자,3272,47.0
201002,전라북도,1,여자,2891,47.0
201002,전라북도,2,남자,3705,47.0
201002,전라북도,2,여자,3472,47.0
201002,전라북도,3,남자,2509,47.0
201002,전라북도,3,여자,2317,47.0
201002,제주특별자치도,1,남자,3228,41.0
201002,제주특별자치도,1,여자,2896,41.0
201002,제주특별자치도,2,남자,4128,41.0
201002,제주특별자치도,2,여자,3529,41.0
201002,제주특별자치도,3,남자,2629,41.0
201002,제주특별자치도,3,여자,2432,41.0
201002,충청남도,1,남자,4063,40.0
201002,충청남도,1,여자,3763,40.0
201002,충청남도,2,남자,4170,40.0
201002,충청남도,2,여자,3819,40.0
201002,충청남도,3,남자,2074,40.0
201002,충청남도,3,여자,1912,40.0
201002,충청북도,1,남자,2718,62.0
201002,충청북도,1,여자,2435,62.0
201002,충청북도,2,남자,3231,62.0
201002,충청북도,2,여자,2713,62.0
201002,충청북도,3,남자,1904,62.0
201002,충청북도,3,여자,1813,62.0
201003,경기도,1,남자,40033,67.0
201003,경기도,1,여자,37341,67.0
201003,경기도,2,남자,51185,67.0
201003,경기도,2,여자,49003,67.0
201003,경기도,3,남자,53014,67.0
201003,경기도,3,여자,49724,67.0
201003,경상남도,1,남자,10124,61.0
201003,경상남도,1,여자,9356,61.0
201003,경상남도,2,남자,10482,61.0
201003,경상남도,2,여자,9641,61.0
201003,경상남도,3,남자,12587,61.0
201003,경상남도,3,여자,10554,61.0
201003,경상북도,1,남자,7387,62.0
201003,경상북도,1,여자,6708,62.0
201003,경상북도,2,남자,8674,62.0
201003,경상북도,2,여자,8032,62.0
201003,경상북도,3,남자,9493,62.0
201003,경상북도,3,여자,8212,62.0
201003,광주광역시,1,남자,4764,65.0
201003,광주광역시,1,여자,4466,65.0
201003,광주광역시,2,남자,5519,65.0
201003,광주광역시,2,여자,5111,65.0
201003,광주광역시,3,남자,6115,65.0
201003,광주광역시,3,여자,5635,65.0
201003,대구광역시,1,남자,6920,69.0
201003,대구광역시,1,여자,6336,69.0
201003,대구광역시,2,남자,8685,69.0
201003,대구광역시,2,여자,8041,69.0
201003,대구광역시,3,남자,9259,69.0
201003,대구광역시,3,여자,7428,69.0
201003,대전광역시,1,남자,4694,52.0
201003,대전광역시,1,여자,4342,52.0
201003,대전광역시,2,남자,5417,52.0
201003,대전광역시,2,여자,5263,52.0
201003,대전광역시,3,남자,5891,52.0
201003,대전광역시,3,여자,5386,52.0
201003,부산광역시,1,남자,7655,64.0
201003,부산광역시,1,여자,7139,64.0
201003,부산광역시,2,남자,9406,64.0
201003,부산광역시,2,여자,8837,64.0
201003,부산광역시,3,남자,11001,64.0
201003,부산광역시,3,여자,9587,64.0
201003,서울특별시,1,남자,23152,61.0
201003,서울특별시,1,여자,21162,61.0
201003,서울특별시,2,남자,28371,61.0
201003,서울특별시,2,여자,26065,61.0
201003,서울특별시,3,남자,33424,61.0
201003,서울특별시,3,여자,29215,61.0
201003,세종특별자치시,1,남자,316,63.6875
201003,세종특별자치시,1,여자,311,63.6875
201003,세종특별자치시,2,남자,346,63.6875
201003,세종특별자치시,2,여자,333,63.6875
201003,세종특별자치시,3,남자,331,63.6875
201003,세종특별자치시,3,여자,285,63.6875
201003,울산광역시,1,남자,3396,60.0
201003,울산광역시,1,여자,2976,60.0
201003,울산광역시,2,남자,3272,60.0
201003,울산광역시,2,여자,2901,60.0
201003,울산광역시,3,남자,4055,60.0
201003,울산광역시,3,여자,3614,60.0
201003,인천광역시,1,남자,7948,67.0
201003,인천광역시,1,여자,7047,67.0
201003,인천광역시,2,남자,10040,67.0
201003,인천광역시,2,여자,9895,67.0
201003,인천광역시,3,남자,10275,67.0
201003,인천광역시,3,여자,9804,67.0
201003,전라남도,1,남자,5218,58.0
201003,전라남도,1,여자,4764,58.0
201003,전라남도,2,남자,5574,58.0
201003,전라남도,2,여자,5487,58.0
201003,전라남도,3,남자,6331,58.0
201003,전라남도,3,여자,5893,58.0
201003,전라북도,1,남자,4411,62.0
201003,전라북도,1,여자,4037,62.0
201003,전라북도,2,남자,6461,62.0
201003,전라북도,2,여자,6079,62.0
201003,전라북도,3,남자,8290,62.0
201003,전라북도,3,여자,7213,62.0
201003,제주특별자치도,1,남자,5460,71.0
201003,제주특별자치도,1,여자,4937,71.0
201003,제주특별자치도,2,남자,7099,71.0
201003,제주특별자치도,2,여자,6691,71.0
201003,제주특별자치도,3,남자,7685,71.0
201003,제주특별자치도,3,여자,7170,71.0
201003,충청남도,1,남자,6521,57.0
201003,충청남도,1,여자,6125,57.0
201003,충청남도,2,남자,6850,57.0
201003,충청남도,2,여자,6402,57.0
201003,충청남도,3,남자,5984,57.0
201003,충청남도,3,여자,5118,57.0
201003,충청북도,1,남자,4192,73.0
201003,충청북도,1,여자,3906,73.0
201003,충청북도,2,남자,4705,73.0
201003,충청북도,2,여자,4335,73.0
201003,충청북도,3,남자,5224,73.0
201003,충청북도,3,여자,4421,73.0
201004,경기도,1,남자,30700,57.0
201004,경기도,1,여자,28683,57.0
201004,경기도,2,남자,38834,57.0
201004,경기도,2,여자,35928,57.0
201004,경기도,3,남자,37454,57.0
201004,경기도,3,여자,36060,57.0
201004,경상남도,1,남자,8966,45.0
201004,경상남도,1,여자,8289,45.0
201004,경상남도,2,남자,10881,45.0
201004,경상남도,2,여자,9886,45.0
201004,경상남도,3,남자,10778,45.0
201004,경상남도,3,여자,9596,45.0
201004,경상북도,1,남자,6317,48.0
201004,경상북도,1,여자,5693,48.0
201004,경상북도,2,남자,7243,48.0
201004,경상북도,2,여자,6452,48.0
201004,경상북도,3,남자,7248,48.0
201004,경상북도,3,여자,6507,48.0
201004,광주광역시,1,남자,3778,42.0
201004,광주광역시,1,여자,3565,42.0
201004,광주광역시,2,남자,5775,42.0
201004,광주광역시,2,여자,5300,42.0
201004,광주광역시,3,남자,5435,42.0
201004,광주광역시,3,여자,5013,42.0
201004,대구광역시,1,남자,5731,47.0
201004,대구광역시,1,여자,5400,47.0
201004,대구광역시,2,남자,9291,47.0
201004,대구광역시,2,여자,8168,47.0
201004,대구광역시,3,남자,9568,47.0
201004,대구광역시,3,여자,7914,47.0
201004,대전광역시,1,남자,3905,41.0
201004,대전광역시,1,여자,3736,41.0
201004,대전광역시,2,남자,5588,41.0
201004,대전광역시,2,여자,5184,41.0
201004,대전광역시,3,남자,6028,41.0
201004,대전광역시,3,여자,5458,41.0
201004,부산광역시,1,남자,6766,50.0
201004,부산광역시,1,여자,6286,50.0
201004,부산광역시,2,남자,8714,50.0
201004,부산광역시,2,여자,8041,50.0
201004,부산광역시,3,남자,10186,50.0
201004,부산광역시,3,여자,9060,50.0
201004,서울특별시,1,남자,17811,49.0
201004,서울특별시,1,여자,16647,49.0
201004,서울특별시,2,남자,24261,49.0
201004,서울특별시,2,여자,22424,49.0
201004,서울특별시,3,남자,24936,49.0
201004,서울특별시,3,여자,22627,49.0
201004,세종특별자치시,1,남자,235,49.1875
201004,세종특별자치시,1,여자,216,49.1875
201004,세종특별자치시,2,남자,245,49.1875
201004,세종특별자치시,2,여자,237,49.1875
201004,세종특별자치시,3,남자,213,49.1875
201004,세종특별자치시,3,여자,217,49.1875
201004,울산광역시,1,남자,3002,47.0
201004,울산광역시,1,여자,2679,47.0
201004,울산광역시,2,남자,3249,47.0
201004,울산광역시,2,여자,2997,47.0
201004,울산광역시,3,남자,3628,47.0
201004,울산광역시,3,여자,3215,47.0
201004,인천광역시,1,남자,6283,55.0
201004,인천광역시,1,여자,5925,55.0
201004,인천광역시,2,남자,8604,55.0
201004,인천광역시,2,여자,7961,55.0
201004,인천광역시,3,남자,9460,55.0
201004,인천광역시,3,여자,8987,55.0
201004,전라남도,1,남자,4486,39.0
201004,전라남도,1,여자,4175,39.0
201004,전라남도,2,남자,5984,39.0
201004,전라남도,2,여자,5722,39.0
201004,전라남도,3,남자,5972,39.0
201004,전라남도,3,여자,5687,39.0
201004,전라북도,1,남자,3786,52.0
201004,전라북도,1,여자,3338,52.0
201004,전라북도,2,남자,5738,52.0
201004,전라북도,2,여자,5172,52.0
201004,전라북도,3,남자,5411,52.0
201004,전라북도,3,여자,5051,52.0
201004,제주특별자치도,1,남자,4394,47.0
201004,제주특별자치도,1,여자,3780,47.0
201004,제주특별자치도,2,남자,6462,47.0
201004,제주특별자치도,2,여자,5783,47.0
201004,제주특별자치도,3,남자,6844,47.0
201004,제주특별자치도,3,여자,6438,47.0
201004,충청남도,1,남자,5161,47.0
201004,충청남도,1,여자,4983,47.0
201004,충청남도,2,남자,6451,47.0
201004,충청남도,2,여자,6004,47.0
201004,충청남도,3,남자,6249,47.0
201004,충청남도,3,여자,5608,47.0
201004,충청북도,1,남자,3377,63.0
201004,충청북도,1,여자,3058,63.0
201004,충청북도,2,남자,4437,63.0
201004,충청북도,2,여자,4097,63.0
201004,충청북도,3,남자,4898,63.0
201004,충청북도,3,여자,4410,63.0
201005,경기도,1,남자,27477,66.0
201005,경기도,1,여자,25008,66.0
201005,경기도,2,남자,23947,66.0
201005,경기도,2,여자,20709,66.0
201005,경기도,3,남자,22953,66.0
201005,경기도,3,여자,20974,66.0
201005,경상남도,1,남자,7040,52.0
201005,경상남도,1,여자,6407,52.0
201005,경상남도,2,남자,6058,52.0
201005,경상남도,2,여자,5079,52.0
201005,경상남도,3,남자,6199,52.0
201005,경상남도,3,여자,4997,52.0
201005,경상북도,1,남자,5560,54.0
201005,경상북도,1,여자,5010,54.0
201005,경상북도,2,남자,4821,54.0
201005,경상북도,2,여자,4129,54.0
201005,경상북도,3,남자,4291,54.0
201005,경상북도,3,여자,3582,54.0
201005,광주광역시,1,남자,2935,62.0
201005,광주광역시,1,여자,2743,62.0
201005,광주광역시,2,남자,2716,62.0
201005,광주광역시,2,여자,2329,62.0
201005,광주광역시,3,남자,2720,62.0
201005,광주광역시,3,여자,2440,62.0
201005,대구광역시,1,남자,4629,55.0
201005,대구광역시,1,여자,4139,55.0
201005,대구광역시,2,남자,5031,55.0
201005,대구광역시,2,여자,3996,55.0
201005,대구광역시,3,남자,5371,55.0
201005,대구광역시,3,여자,4009,55.0
201005,대전광역시,1,남자,3248,52.0
201005,대전광역시,1,여자,2858,52.0
201005,대전광역시,2,남자,3156,52.0
201005,대전광역시,2,여자,2690,52.0
201005,대전광역시,3,남자,3613,52.0
201005,대전광역시,3,여자,2793,52.0
201005,부산광역시,1,남자,5494,56.0
201005,부산광역시,1,여자,5249,56.0
201005,부산광역시,2,남자,4940,56.0
201005,부산광역시,2,여자,4293,56.0
201005,부산광역시,3,남자,5933,56.0
201005,부산광역시,3,여자,4880,56.0
201005,서울특별시,1,남자,16123,56.0
201005,서울특별시,1,여자,14788,56.0
201005,서울특별시,2,남자,15304,56.0
201005,서울특별시,2,여자,12819,56.0
201005,서울특별시,3,남자,15317,56.0
201005,서울특별시,3,여자,12869,56.0
201005,세종특별자치시,1,남자,166,57.6875
201005,세종특별자치시,1,여자,195,57.6875
201005,세종특별자치시,2,남자,173,57.6875
201005,세종특별자치시,2,여자,148,57.6875
201005,세종특별자치시,3,남자,133,57.6875
201005,세종특별자치시,3,여자,94,57.6875
201005,울산광역시,1,남자,2439,54.0
201005,울산광역시,1,여자,2196,54.0
201005,울산광역시,2,남자,1813,54.0
201005,울산광역시,2,여자,1646,54.0
201005,울산광역시,3,남자,2242,54.0
201005,울산광역시,3,여자,1680,54.0
201005,인천광역시,1,남자,5355,62.0
201005,인천광역시,1,여자,4956,62.0
201005,인천광역시,2,남자,4864,62.0
201005,인천광역시,2,여자,4371,62.0
201005,인천광역시,3,남자,5279,62.0
201005,인천광역시,3,여자,4772,62.0
201005,전라남도,1,남자,3551,51.0
201005,전라남도,1,여자,3365,51.0
201005,전라남도,2,남자,3073,51.0
201005,전라남도,2,여자,2800,51.0
201005,전라남도,3,남자,2973,51.0
201005,전라남도,3,여자,2660,51.0
201005,전라북도,1,남자,3271,66.0
201005,전라북도,1,여자,2998,66.0
201005,전라북도,2,남자,3112,66.0
201005,전라북도,2,여자,2781,66.0
201005,전라북도,3,남자,3250,66.0
201005,전라북도,3,여자,2716,66.0
201005,제주특별자치도,1,남자,3647,58.0
201005,제주특별자치도,1,여자,3389,58.0
201005,제주특별자치도,2,남자,3568,58.0
201005,제주특별자치도,2,여자,2823,58.0
201005,제주특별자치도,3,남자,3755,58.0
201005,제주특별자치도,3,여자,3105,58.0
201005,충청남도,1,남자,4423,52.0
201005,충청남도,1,여자,4239,52.0
201005,충청남도,2,남자,3753,52.0
201005,충청남도,2,여자,3300,52.0
201005,충청남도,3,남자,2979,52.0
201005,충청남도,3,여자,2699,52.0
201005,충청북도,1,남자,3022,67.0
201005,충청북도,1,여자,2707,67.0
201005,충청북도,2,남자,2873,67.0
201005,충청북도,2,여자,2301,67.0
201005,충청북도,3,남자,2866,67.0
201005,충청북도,3,여자,2231,67.0
201006,경기도,1,남자,23495,62.0
201006,경기도,1,여자,21601,62.0
201006,경기도,2,남자,18540,62.0
201006,경기도,2,여자,17225,62.0
201006,경기도,3,남자,16961,62.0
201006,경기도,3,여자,17114,62.0
201006,경상남도,1,남자,5673,43.0
201006,경상남도,1,여자,5503,43.0
201006,경상남도,2,남자,4964,43.0
201006,경상남도,2,여자,4359,43.0
201006,경상남도,3,남자,4169,43.0
201006,경상남도,3,여자,3713,43.0
201006,경상북도,1,남자,4529,44.0
201006,경상북도,1,여자,4120,44.0
201006,경상북도,2,남자,3521,44.0
201006,경상북도,2,여자,3270,44.0
201006,경상북도,3,남자,3182,44.0
201006,경상북도,3,여자,2928,44.0
201006,광주광역시,1,남자,2800,39.0
201006,광주광역시,1,여자,2605,39.0
201006,광주광역시,2,남자,2746,39.0
201006,광주광역시,2,여자,2596,39.0
201006,광주광역시,3,남자,2401,39.0
201006,광주광역시,3,여자,2361,39.0
201006,대구광역시,1,남자,3826,47.0
201006,대구광역시,1,여자,3570,47.0
201006,대구광역시,2,남자,3886,47.0
201006,대구광역시,2,여자,3476,47.0
201006,대구광역시,3,남자,3531,47.0
201006,대구광역시,3,여자,3080,47.0
201006,대전광역시,1,남자,2975,40.0
201006,대전광역시,1,여자,2815,40.0
201006,대전광역시,2,남자,2449,40.0
201006,대전광역시,2,여자,2111,40.0
201006,대전광역시,3,남자,2403,40.0
201006,대전광역시,3,여자,2366,40.0
201006,부산광역시,1,남자,4646,46.0
201006,부산광역시,1,여자,4225,46.0
201006,부산광역시,2,남자,4081,46.0
201006,부산광역시,2,여자,3582,46.0
201006,부산광역시,3,남자,3807,46.0
201006,부산광역시,3,여자,3684,46.0
201006,서울특별시,1,남자,13760,51.0
201006,서울특별시,1,여자,12597,51.0
201006,서울특별시,2,남자,11269,51.0
201006,서울특별시,2,여자,10070,51.0
201006,서울특별시,3,남자,11618,51.0
201006,서울특별시,3,여자,11655,51.0
201006,세종특별자치시,1,남자,168,48.0
201006,세종특별자치시,1,여자,148,48.0
201006,세종특별자치시,2,남자,130,48.0
201006,세종특별자치시,2,여자,98,48.0
201006,세종특별자치시,3,남자,115,48.0
201006,세종특별자치시,3,여자,105,48.0
201006,울산광역시,1,남자,2242,50.0
201006,울산광역시,1,여자,2041,50.0
201006,울산광역시,2,남자,1571,50.0
201006,울산광역시,2,여자,1351,50.0
201006,울산광역시,3,남자,1614,50.0
201006,울산광역시,3,여자,1512,50.0
201006,인천광역시,1,남자,4652,57.0
201006,인천광역시,1,여자,4316,57.0
201006,인천광역시,2,남자,3956,57.0
201006,인천광역시,2,여자,3631,57.0
201006,인천광역시,3,남자,4241,57.0
201006,인천광역시,3,여자,4236,57.0
201006,전라남도,1,남자,3295,37.0
201006,전라남도,1,여자,2887,37.0
201006,전라남도,2,남자,2952,37.0
201006,전라남도,2,여자,2656,37.0
201006,전라남도,3,남자,2786,37.0
201006,전라남도,3,여자,2664,37.0
201006,전라북도,1,남자,2790,61.0
201006,전라북도,1,여자,2665,61.0
201006,전라북도,2,남자,2893,61.0
201006,전라북도,2,여자,2541,61.0
201006,전라북도,3,남자,2561,61.0
201006,전라북도,3,여자,2561,61.0
201006,제주특별자치도,1,남자,3433,37.0
201006,제주특별자치도,1,여자,3121,37.0
201006,제주특별자치도,2,남자,3115,37.0
201006,제주특별자치도,2,여자,2808,37.0
201006,제주특별자치도,3,남자,2970,37.0
201006,제주특별자치도,3,여자,2868,37.0
201006,충청남도,1,남자,4110,46.0
201006,충청남도,1,여자,3720,46.0
201006,충청남도,2,남자,3265,46.0
201006,충청남도,2,여자,2927,46.0
201006,충청남도,3,남자,2613,46.0
201006,충청남도,3,여자,2550,46.0
201006,충청북도,1,남자,2529,60.0
201006,충청북도,1,여자,2301,60.0
201006,충청북도,2,남자,2080,60.0
201006,충청북도,2,여자,1855,60.0
201006,충청북도,3,남자,1990,60.0
201006,충청북도,3,여자,1875,60.0
201007,경기도,1,남자,19750,41.0
201007,경기도,1,여자,17912,41.0
201007,경기도,2,남자,21682,41.0
201007,경기도,2,여자,19332,41.0
201007,경기도,3,남자,14457,41.0
201007,경기도,3,여자,13464,41.0
201007,경상남도,1,남자,5157,36.0
201007,경상남도,1,여자,4601,36.0
201007,경상남도,2,남자,5692,36.0
201007,경상남도,2,여자,4954,36.0
201007,경상남도,3,남자,4228,36.0
201007,경상남도,3,여자,3741,36.0
201007,경상북도,1,남자,3685,33.0
201007,경상북도,1,여자,3483,33.0
201007,경상북도,2,남자,3939,33.0
201007,경상북도,2,여자,3434,33.0
201007,경상북도,3,남자,2788,33.0
201007,경상북도,3,여자,2502,33.0
201007,광주광역시,1,남자,2160,27.0
201007,광주광역시,1,여자,2072,27.0
201007,광주광역시,2,남자,2667,27.0
201007,광주광역시,2,여자,2407,27.0
201007,광주광역시,3,남자,1945,27.0
201007,광주광역시,3,여자,1776,27.0
201007,대구광역시,1,남자,3355,36.0
201007,대구광역시,1,여자,2937,36.0
201007,대구광역시,2,남자,4389,36.0
201007,대구광역시,2,여자,3670,36.0
201007,대구광역시,3,남자,3235,36.0
201007,대구광역시,3,여자,2663,36.0
201007,대전광역시,1,남자,2448,26.0
201007,대전광역시,1,여자,2204,26.0
201007,대전광역시,2,남자,2831,26.0
201007,대전광역시,2,여자,2459,26.0
201007,대전광역시,3,남자,2144,26.0
201007,대전광역시,3,여자,2000,26.0
201007,부산광역시,1,남자,3884,41.0
201007,부산광역시,1,여자,3576,41.0
201007,부산광역시,2,남자,4612,41.0
201007,부산광역시,2,여자,3957,41.0
201007,부산광역시,3,남자,3604,41.0
201007,부산광역시,3,여자,2986,41.0
201007,서울특별시,1,남자,11399,33.0
201007,서울특별시,1,여자,10123,33.0
201007,서울특별시,2,남자,13285,33.0
201007,서울특별시,2,여자,11557,33.0
201007,서울특별시,3,남자,9348,33.0
201007,서울특별시,3,여자,8877,33.0
201007,세종특별자치시,1,남자,128,33.875
201007,세종특별자치시,1,여자,125,33.875
201007,세종특별자치시,2,남자,145,33.875
201007,세종특별자치시,2,여자,120,33.875
201007,세종특별자치시,3,남자,90,33.875
201007,세종특별자치시,3,여자,97,33.875
201007,울산광역시,1,남자,1716,39.0
201007,울산광역시,1,여자,1556,39.0
201007,울산광역시,2,남자,1736,39.0
201007,울산광역시,2,여자,1441,39.0
201007,울산광역시,3,남자,1454,39.0
201007,울산광역시,3,여자,1178,39.0
201007,인천광역시,1,남자,4058,37.0
201007,인천광역시,1,여자,3646,37.0
201007,인천광역시,2,남자,4611,37.0
201007,인천광역시,2,여자,4094,37.0
201007,인천광역시,3,남자,3529,37.0
201007,인천광역시,3,여자,3287,37.0
201007,전라남도,1,남자,2467,27.0
201007,전라남도,1,여자,2385,27.0
201007,전라남도,2,남자,2744,27.0
201007,전라남도,2,여자,2456,27.0
201007,전라남도,3,남자,2099,27.0
201007,전라남도,3,여자,1859,27.0
201007,전라북도,1,남자,2150,36.0
201007,전라북도,1,여자,2044,36.0
201007,전라북도,2,남자,2775,36.0
201007,전라북도,2,여자,2363,36.0
201007,전라북도,3,남자,2192,36.0
201007,전라북도,3,여자,1935,36.0
201007,제주특별자치도,1,남자,2745,31.0
201007,제주특별자치도,1,여자,2486,31.0
201007,제주특별자치도,2,남자,3138,31.0
201007,제주특별자치도,2,여자,2817,31.0
201007,제주특별자치도,3,남자,2376,31.0
201007,제주특별자치도,3,여자,2211,31.0
201007,충청남도,1,남자,3270,29.0
201007,충청남도,1,여자,2842,29.0
201007,충청남도,2,남자,3182,29.0
201007,충청남도,2,여자,2860,29.0
201007,충청남도,3,남자,2200,29.0
201007,충청남도,3,여자,1911,29.0
201007,충청북도,1,남자,2051,37.0
201007,충청북도,1,여자,1941,37.0
201007,충청북도,2,남자,2219,37.0
201007,충청북도,2,여자,1938,37.0
201007,충청북도,3,남자,1709,37.0
201007,충청북도,3,여자,1552,37.0
201008,경기도,1,남자,20492,39.0
201008,경기도,1,여자,18431,39.0
201008,경기도,2,남자,26131,39.0
201008,경기도,2,여자,20311,39.0
201008,경기도,3,남자,16830,39.0
201008,경기도,3,여자,13669,39.0
201008,경상남도,1,남자,5869,36.0
201008,경상남도,1,여자,5212,36.0
201008,경상남도,2,남자,5971,36.0
201008,경상남도,2,여자,4787,36.0
201008,경상남도,3,남자,3817,36.0
201008,경상남도,3,여자,2917,36.0
201008,경상북도,1,남자,3789,33.0
201008,경상북도,1,여자,3386,33.0
201008,경상북도,2,남자,4203,33.0
201008,경상북도,2,여자,3354,33.0
201008,경상북도,3,남자,2969,33.0
201008,경상북도,3,여자,2241,33.0
201008,광주광역시,1,남자,2619,28.0
201008,광주광역시,1,여자,2445,28.0
201008,광주광역시,2,남자,3218,28.0
201008,광주광역시,2,여자,2649,28.0
201008,광주광역시,3,남자,2060,28.0
201008,광주광역시,3,여자,1645,28.0
201008,대구광역시,1,남자,3677,38.0
201008,대구광역시,1,여자,3365,38.0
201008,대구광역시,2,남자,4816,38.0
201008,대구광역시,2,여자,3920,38.0
201008,대구광역시,3,남자,3312,38.0
201008,대구광역시,3,여자,2409,38.0
201008,대전광역시,1,남자,2734,27.0
201008,대전광역시,1,여자,2387,27.0
201008,대전광역시,2,남자,3234,27.0
201008,대전광역시,2,여자,2586,27.0
201008,대전광역시,3,남자,2229,27.0
201008,대전광역시,3,여자,1719,27.0
201008,부산광역시,1,남자,4305,42.0
201008,부산광역시,1,여자,4014,42.0
201008,부산광역시,2,남자,4975,42.0
201008,부산광역시,2,여자,4016,42.0
201008,부산광역시,3,남자,3494,42.0
201008,부산광역시,3,여자,2655,42.0
201008,서울특별시,1,남자,11495,32.0
201008,서울특별시,1,여자,10312,32.0
201008,서울특별시,2,남자,15507,32.0
201008,서울특별시,2,여자,11996,32.0
201008,서울특별시,3,남자,10765,32.0
201008,서울특별시,3,여자,8682,32.0
201008,세종특별자치시,1,남자,165,34.0625
201008,세종특별자치시,1,여자,169,34.0625
201008,세종특별자치시,2,남자,140,34.0625
201008,세종특별자치시,2,여자,142,34.0625
201008,세종특별자치시,3,남자,83,34.0625
201008,세종특별자치시,3,여자,80,34.0625
201008,울산광역시,1,남자,1657,40.0
201008,울산광역시,1,여자,1519,40.0
201008,울산광역시,2,남자,1841,40.0
201008,울산광역시,2,여자,1329,40.0
201008,울산광역시,3,남자,1361,40.0
201008,울산광역시,3,여자,957,40.0
201008,인천광역시,1,남자,4251,37.0
201008,인천광역시,1,여자,3703,37.0
201008,인천광역시,2,남자,5383,37.0
201008,인천광역시,2,여자,4258,37.0
201008,인천광역시,3,남자,3752,37.0
201008,인천광역시,3,여자,3101,37.0
201008,전라남도,1,남자,2679,30.0
201008,전라남도,1,여자,2493,30.0
201008,전라남도,2,남자,2960,30.0
201008,전라남도,2,여자,2539,30.0
201008,전라남도,3,남자,2168,30.0
201008,전라남도,3,여자,1654,30.0
201008,전라북도,1,남자,2500,35.0
201008,전라북도,1,여자,2259,35.0
201008,전라북도,2,남자,3182,35.0
201008,전라북도,2,여자,2652,35.0
201008,전라북도,3,남자,2280,35.0
201008,전라북도,3,여자,1809,35.0
201008,제주특별자치도,1,남자,2694,29.0
201008,제주특별자치도,1,여자,2417,29.0
201008,제주특별자치도,2,남자,3669,29.0
201008,제주특별자치도,2,여자,2945,29.0
201008,제주특별자치도,3,남자,2706,29.0
201008,제주특별자치도,3,여자,2112,29.0
201008,충청남도,1,남자,3513,30.0
201008,충청남도,1,여자,3166,30.0
201008,충청남도,2,남자,3562,30.0
201008,충청남도,2,여자,2934,30.0
201008,충청남도,3,남자,2231,30.0
201008,충청남도,3,여자,1740,30.0
201008,충청북도,1,남자,2347,37.0
201008,충청북도,1,여자,1928,37.0
201008,충청북도,2,남자,2655,37.0
201008,충청북도,2,여자,1961,37.0
201008,충청북도,3,남자,1777,37.0
201008,충청북도,3,여자,1464,37.0
201009,경기도,1,남자,34304,34.0
201009,경기도,1,여자,31860,34.0
201009,경기도,2,남자,54583,34.0
201009,경기도,2,여자,46230,34.0
201009,경기도,3,남자,48839,34.0
201009,경기도,3,여자,44241,34.0
201009,경상남도,1,남자,9854,31.0
201009,경상남도,1,여자,8965,31.0
201009,경상남도,2,남자,13550,31.0
201009,경상남도,2,여자,11273,31.0
201009,경상남도,3,남자,12611,31.0
201009,경상남도,3,여자,10730,31.0
201009,경상북도,1,남자,7082,31.0
201009,경상북도,1,여자,6307,31.0
201009,경상북도,2,남자,10459,31.0
201009,경상북도,2,여자,8469,31.0
201009,경상북도,3,남자,9110,31.0
201009,경상북도,3,여자,7936,31.0
201009,광주광역시,1,남자,4976,29.0
201009,광주광역시,1,여자,4433,29.0
201009,광주광역시,2,남자,7222,29.0
201009,광주광역시,2,여자,6374,29.0
201009,광주광역시,3,남자,6079,29.0
201009,광주광역시,3,여자,5714,29.0
201009,대구광역시,1,남자,6686,36.0
201009,대구광역시,1,여자,5812,36.0
201009,대구광역시,2,남자,12073,36.0
201009,대구광역시,2,여자,9745,36.0
201009,대구광역시,3,남자,10695,36.0
201009,대구광역시,3,여자,9022,36.0
201009,대전광역시,1,남자,4836,28.0
201009,대전광역시,1,여자,4235,28.0
201009,대전광역시,2,남자,7280,28.0
201009,대전광역시,2,여자,6227,28.0
201009,대전광역시,3,남자,7263,28.0
201009,대전광역시,3,여자,6535,28.0
201009,부산광역시,1,남자,6994,38.0
201009,부산광역시,1,여자,6392,38.0
201009,부산광역시,2,남자,11114,38.0
201009,부산광역시,2,여자,9302,38.0
201009,부산광역시,3,남자,11269,38.0
201009,부산광역시,3,여자,9416,38.0
201009,서울특별시,1,남자,19471,25.0
201009,서울특별시,1,여자,17566,25.0
201009,서울특별시,2,남자,32556,25.0
201009,서울특별시,2,여자,27352,25.0
201009,서울특별시,3,남자,31409,25.0
201009,서울특별시,3,여자,27905,25.0
201009,세종특별자치시,1,남자,300,31.375
201009,세종특별자치시,1,여자,332,31.375
201009,세종특별자치시,2,남자,371,31.375
201009,세종특별자치시,2,여자,309,31.375
201009,세종특별자치시,3,남자,289,31.375
201009,세종특별자치시,3,여자,293,31.375
201009,울산광역시,1,남자,3323,36.0
201009,울산광역시,1,여자,2949,36.0
201009,울산광역시,2,남자,4680,36.0
201009,울산광역시,2,여자,3670,36.0
201009,울산광역시,3,남자,4759,36.0
201009,울산광역시,3,여자,3892,36.0
201009,인천광역시,1,남자,7392,34.0
201009,인천광역시,1,여자,6620,34.0
201009,인천광역시,2,남자,11240,34.0
201009,인천광역시,2,여자,9636,34.0
201009,인천광역시,3,남자,10699,34.0
201009,인천광역시,3,여자,10006,34.0
201009,전라남도,1,남자,4884,29.0
201009,전라남도,1,여자,4341,29.0
201009,전라남도,2,남자,6380,29.0
201009,전라남도,2,여자,5378,29.0
201009,전라남도,3,남자,5768,29.0
201009,전라남도,3,여자,5473,29.0
201009,전라북도,1,남자,4273,34.0
201009,전라북도,1,여자,3713,34.0
201009,전라북도,2,남자,6930,34.0
201009,전라북도,2,여자,5708,34.0
201009,전라북도,3,남자,6367,34.0
201009,전라북도,3,여자,6128,34.0
201009,제주특별자치도,1,남자,4769,29.0
201009,제주특별자치도,1,여자,4216,29.0
201009,제주특별자치도,2,남자,7427,29.0
201009,제주특별자치도,2,여자,6316,29.0
201009,제주특별자치도,3,남자,6646,29.0
201009,제주특별자치도,3,여자,6372,29.0
201009,충청남도,1,남자,6041,31.0
201009,충청남도,1,여자,5410,31.0
201009,충청남도,2,남자,8273,31.0
201009,충청남도,2,여자,6988,31.0
201009,충청남도,3,남자,6585,31.0
201009,충청남도,3,여자,5884,31.0
201009,충청북도,1,남자,3950,33.0
201009,충청북도,1,여자,3486,33.0
201009,충청북도,2,남자,6162,33.0
201009,충청북도,2,여자,4972,33.0
201009,충청북도,3,남자,5893,33.0
201009,충청북도,3,여자,4962,33.0
201010,경기도,1,남자,34298,51.0
201010,경기도,1,여자,32232,51.0
201010,경기도,2,남자,41452,51.0
201010,경기도,2,여자,39324,51.0
201010,경기도,3,남자,29049,51.0
201010,경기도,3,여자,28636,51.0
201010,경상남도,1,남자,9883,39.0
201010,경상남도,1,여자,9240,39.0
201010,경상남도,2,남자,10741,39.0
201010,경상남도,2,여자,9929,39.0
201010,경상남도,3,남자,7757,39.0
201010,경상남도,3,여자,7686,39.0
201010,경상북도,1,남자,7199,37.0
201010,경상북도,1,여자,6436,37.0
201010,경상북도,2,남자,7565,37.0
201010,경상북도,2,여자,6901,37.0
201010,경상북도,3,남자,5208,37.0
201010,경상북도,3,여자,4638,37.0
201010,광주광역시,1,남자,4802,42.0
201010,광주광역시,1,여자,4461,42.0
201010,광주광역시,2,남자,5387,42.0
201010,광주광역시,2,여자,5128,42.0
201010,광주광역시,3,남자,3741,42.0
201010,광주광역시,3,여자,3619,42.0
201010,대구광역시,1,남자,6508,43.0
201010,대구광역시,1,여자,6112,43.0
201010,대구광역시,2,남자,8255,43.0
201010,대구광역시,2,여자,7318,43.0
201010,대구광역시,3,남자,5967,43.0
201010,대구광역시,3,여자,5160,43.0
201010,대전광역시,1,남자,4698,40.0
201010,대전광역시,1,여자,4490,40.0
201010,대전광역시,2,남자,5062,40.0
201010,대전광역시,2,여자,4763,40.0
201010,대전광역시,3,남자,3909,40.0
201010,대전광역시,3,여자,3566,40.0
201010,부산광역시,1,남자,7160,41.0
201010,부산광역시,1,여자,6642,41.0
201010,부산광역시,2,남자,8573,41.0
201010,부산광역시,2,여자,7930,41.0
201010,부산광역시,3,남자,6904,41.0
201010,부산광역시,3,여자,6671,41.0
201010,서울특별시,1,남자,19786,41.0
201010,서울특별시,1,여자,18486,41.0
201010,서울특별시,2,남자,24768,41.0
201010,서울특별시,2,여자,22276,41.0
201010,서울특별시,3,남자,18963,41.0
201010,서울특별시,3,여자,17555,41.0
201010,세종특별자치시,1,남자,280,43.375
201010,세종특별자치시,1,여자,266,43.375
201010,세종특별자치시,2,남자,271,43.375
201010,세종특별자치시,2,여자,259,43.375
201010,세종특별자치시,3,남자,216,43.375
201010,세종특별자치시,3,여자,209,43.375
201010,울산광역시,1,남자,3394,39.0
201010,울산광역시,1,여자,3139,39.0
201010,울산광역시,2,남자,3342,39.0
201010,울산광역시,2,여자,3048,39.0
201010,울산광역시,3,남자,2950,39.0
201010,울산광역시,3,여자,2970,39.0
201010,인천광역시,1,남자,7165,51.0
201010,인천광역시,1,여자,6693,51.0
201010,인천광역시,2,남자,8663,51.0
201010,인천광역시,2,여자,8323,51.0
201010,인천광역시,3,남자,7011,51.0
201010,인천광역시,3,여자,6680,51.0
201010,전라남도,1,남자,4958,35.0
201010,전라남도,1,여자,4757,35.0
201010,전라남도,2,남자,5375,35.0
201010,전라남도,2,여자,5294,35.0
201010,전라남도,3,남자,4096,35.0
201010,전라남도,3,여자,4007,35.0
201010,전라북도,1,남자,4173,49.0
201010,전라북도,1,여자,3948,49.0
201010,전라북도,2,남자,5668,49.0
201010,전라북도,2,여자,5438,49.0
201010,전라북도,3,남자,4439,49.0
201010,전라북도,3,여자,4315,49.0
201010,제주특별자치도,1,남자,4935,45.0
201010,제주특별자치도,1,여자,4569,45.0
201010,제주특별자치도,2,남자,6252,45.0
201010,제주특별자치도,2,여자,5702,45.0
201010,제주특별자치도,3,남자,4596,45.0
201010,제주특별자치도,3,여자,4485,45.0
201010,충청남도,1,남자,6147,48.0
201010,충청남도,1,여자,5802,48.0
201010,충청남도,2,남자,6569,48.0
201010,충청남도,2,여자,6164,48.0
201010,충청남도,3,남자,4044,48.0
201010,충청남도,3,여자,3867,48.0
201010,충청북도,1,남자,3787,55.0
201010,충청북도,1,여자,3594,55.0
201010,충청북도,2,남자,4657,55.0
201010,충청북도,2,여자,4295,55.0
201010,충청북도,3,남자,3595,55.0
201010,충청북도,3,여자,3653,55.0
201011,경기도,1,남자,28119,83.0
201011,경기도,1,여자,26340,83.0
201011,경기도,2,남자,32492,83.0
201011,경기도,2,여자,31499,83.0
201011,경기도,3,남자,30642,83.0
201011,경기도,3,여자,30952,83.0
201011,경상남도,1,남자,8033,59.0
201011,경상남도,1,여자,7665,59.0
201011,경상남도,2,남자,9079,59.0
201011,경상남도,2,여자,8478,59.0
201011,경상남도,3,남자,8045,59.0
201011,경상남도,3,여자,7668,59.0
201011,경상북도,1,남자,5577,64.0
201011,경상북도,1,여자,5217,64.0
201011,경상북도,2,남자,6525,64.0
201011,경상북도,2,여자,6055,64.0
201011,경상북도,3,남자,5779,64.0
201011,경상북도,3,여자,5536,64.0
201011,광주광역시,1,남자,3621,70.0
201011,광주광역시,1,여자,3458,70.0
201011,광주광역시,2,남자,4783,70.0
201011,광주광역시,2,여자,4514,70.0
201011,광주광역시,3,남자,4373,70.0
201011,광주광역시,3,여자,4276,70.0
201011,대구광역시,1,남자,5270,70.0
201011,대구광역시,1,여자,4883,70.0
201011,대구광역시,2,남자,7213,70.0
201011,대구광역시,2,여자,6846,70.0
201011,대구광역시,3,남자,6936,70.0
201011,대구광역시,3,여자,6541,70.0
201011,대전광역시,1,남자,3681,71.0
201011,대전광역시,1,여자,3518,71.0
201011,대전광역시,2,남자,4540,71.0
201011,대전광역시,2,여자,4176,71.0
201011,대전광역시,3,남자,4314,71.0
201011,대전광역시,3,여자,4226,71.0
201011,부산광역시,1,남자,5991,60.0
201011,부산광역시,1,여자,5740,60.0
201011,부산광역시,2,남자,7572,60.0
201011,부산광역시,2,여자,7066,60.0
201011,부산광역시,3,남자,7478,60.0
201011,부산광역시,3,여자,7138,60.0
201011,서울특별시,1,남자,16581,71.0
201011,서울특별시,1,여자,15723,71.0
201011,서울특별시,2,남자,19796,71.0
201011,서울특별시,2,여자,18785,71.0
201011,서울특별시,3,남자,19620,71.0
201011,서울특별시,3,여자,19159,71.0
201011,세종특별자치시,1,남자,211,70.9375
201011,세종특별자치시,1,여자,218,70.9375
201011,세종특별자치시,2,남자,198,70.9375
201011,세종특별자치시,2,여자,222,70.9375
201011,세종특별자치시,3,남자,153,70.9375
201011,세종특별자치시,3,여자,175,70.9375
201011,울산광역시,1,남자,2771,62.0
201011,울산광역시,1,여자,2494,62.0
201011,울산광역시,2,남자,2579,62.0
201011,울산광역시,2,여자,2397,62.0
201011,울산광역시,3,남자,2645,62.0
201011,울산광역시,3,여자,2505,62.0
201011,인천광역시,1,남자,6072,78.0
201011,인천광역시,1,여자,5513,78.0
201011,인천광역시,2,남자,6848,78.0
201011,인천광역시,2,여자,6814,78.0
201011,인천광역시,3,남자,7560,78.0
201011,인천광역시,3,여자,7252,78.0
201011,전라남도,1,남자,4032,58.0
201011,전라남도,1,여자,3814,58.0
201011,전라남도,2,남자,4992,58.0
201011,전라남도,2,여자,4886,58.0
201011,전라남도,3,남자,4723,58.0
201011,전라남도,3,여자,4889,58.0
201011,전라북도,1,남자,3399,73.0
201011,전라북도,1,여자,3137,73.0
201011,전라북도,2,남자,4521,73.0
201011,전라북도,2,여자,4208,73.0
201011,전라북도,3,남자,4348,73.0
201011,전라북도,3,여자,4268,73.0
201011,제주특별자치도,1,남자,4006,86.0
201011,제주특별자치도,1,여자,3784,86.0
201011,제주특별자치도,2,남자,5251,86.0
201011,제주특별자치도,2,여자,5018,86.0
201011,제주특별자치도,3,남자,5184,86.0
201011,제주특별자치도,3,여자,5062,86.0
201011,충청남도,1,남자,4957,71.0
201011,충청남도,1,여자,4744,71.0
201011,충청남도,2,남자,5123,71.0
201011,충청남도,2,여자,5019,71.0
201011,충청남도,3,남자,4065,71.0
201011,충청남도,3,여자,4005,71.0
201011,충청북도,1,남자,3181,91.0
201011,충청북도,1,여자,2950,91.0
201011,충청북도,2,남자,3754,91.0
201011,충청북도,2,여자,3548,91.0
201011,충청북도,3,남자,3758,91.0
201011,충청북도,3,여자,3618,91.0
201012,경기도,1,남자,24875,71.0
201012,경기도,1,여자,23488,71.0
201012,경기도,2,남자,34177,71.0
201012,경기도,2,여자,31560,71.0
201012,경기도,3,남자,34073,71.0
201012,경기도,3,여자,33051,71.0
201012,경상남도,1,남자,7265,57.0
201012,경상남도,1,여자,6988,57.0
201012,경상남도,2,남자,9968,57.0
201012,경상남도,2,여자,8897,57.0
201012,경상남도,3,남자,10676,57.0
201012,경상남도,3,여자,9870,57.0
201012,경상북도,1,남자,4891,59.0
201012,경상북도,1,여자,4427,59.0
201012,경상북도,2,남자,6732,59.0
201012,경상북도,2,여자,6164,59.0
201012,경상북도,3,남자,7038,59.0
201012,경상북도,3,여자,6164,59.0
201012,광주광역시,1,남자,3139,54.0
201012,광주광역시,1,여자,2949,54.0
201012,광주광역시,2,남자,4514,54.0
201012,광주광역시,2,여자,4173,54.0
201012,광주광역시,3,남자,5001,54.0
201012,광주광역시,3,여자,4798,54.0
201012,대구광역시,1,남자,4443,67.0
201012,대구광역시,1,여자,4093,67.0
201012,대구광역시,2,남자,7246,67.0
201012,대구광역시,2,여자,6376,67.0
201012,대구광역시,3,남자,8305,67.0
201012,대구광역시,3,여자,7424,67.0
201012,대전광역시,1,남자,3309,57.0
201012,대전광역시,1,여자,3164,57.0
201012,대전광역시,2,남자,4561,57.0
201012,대전광역시,2,여자,4308,57.0
201012,대전광역시,3,남자,5174,57.0
201012,대전광역시,3,여자,4794,57.0
201012,부산광역시,1,남자,5864,55.0
201012,부산광역시,1,여자,5379,55.0
201012,부산광역시,2,남자,7804,55.0
201012,부산광역시,2,여자,7018,55.0
201012,부산광역시,3,남자,8730,55.0
201012,부산광역시,3,여자,7920,55.0
201012,서울특별시,1,남자,14937,62.0
201012,서울특별시,1,여자,13963,62.0
201012,서울특별시,2,남자,21049,62.0
201012,서울특별시,2,여자,19352,62.0
201012,서울특별시,3,남자,21937,62.0
201012,서울특별시,3,여자,20748,62.0
201012,세종특별자치시,1,남자,181,60.0
201012,세종특별자치시,1,여자,178,60.0
201012,세종특별자치시,2,남자,257,60.0
201012,세종특별자치시,2,여자,202,60.0
201012,세종특별자치시,3,남자,226,60.0
201012,세종특별자치시,3,여자,229,60.0
201012,울산광역시,1,남자,2611,55.0
201012,울산광역시,1,여자,2362,55.0
201012,울산광역시,2,남자,3090,55.0
201012,울산광역시,2,여자,2733,55.0
201012,울산광역시,3,남자,3495,55.0
201012,울산광역시,3,여자,3014,55.0
201012,인천광역시,1,남자,5264,67.0
201012,인천광역시,1,여자,4917,67.0
201012,인천광역시,2,남자,7016,67.0
201012,인천광역시,2,여자,6685,67.0
201012,인천광역시,3,남자,9008,67.0
201012,인천광역시,3,여자,8541,67.0
201012,전라남도,1,남자,3615,49.0
201012,전라남도,1,여자,3242,49.0
201012,전라남도,2,남자,4763,49.0
201012,전라남도,2,여자,4586,49.0
201012,전라남도,3,남자,5106,49.0
201012,전라남도,3,여자,4910,49.0
201012,전라북도,1,남자,3041,58.0
201012,전라북도,1,여자,2824,58.0
201012,전라북도,2,남자,4769,58.0
201012,전라북도,2,여자,4510,58.0
201012,전라북도,3,남자,4829,58.0
201012,전라북도,3,여자,4632,58.0
201012,제주특별자치도,1,남자,3636,53.0
201012,제주특별자치도,1,여자,3209,53.0
201012,제주특별자치도,2,남자,5380,53.0
201012,제주특별자치도,2,여자,5042,53.0
201012,제주특별자치도,3,남자,5304,53.0
201012,제주특별자치도,3,여자,5028,53.0
201012,충청남도,1,남자,4114,54.0
201012,충청남도,1,여자,3802,54.0
201012,충청남도,2,남자,5265,54.0
201012,충청남도,2,여자,4930,54.0
201012,충청남도,3,남자,4931,54.0
201012,충청남도,3,여자,4465,54.0
201012,충청북도,1,남자,2730,79.0
201012,충청북도,1,여자,2654,79.0
201012,충청북도,2,남자,3760,79.0
201012,충청북도,2,여자,3449,79.0
201012,충청북도,3,남자,3906,79.0
201012,충청북도,3,여자,3577,79.0
201101,경기도,1,남자,22739,54.0
201101,경기도,1,여자,21150,54.0
201101,경기도,2,남자,21051,54.0
201101,경기도,2,여자,17608,54.0
201101,경기도,3,남자,14998,54.0
201101,경기도,3,여자,12412,54.0
201101,경상남도,1,남자,6072,37.0
201101,경상남도,1,여자,5454,37.0
201101,경상남도,2,남자,5424,37.0
201101,경상남도,2,여자,4500,37.0
201101,경상남도,3,남자,4111,37.0
201101,경상남도,3,여자,3500,37.0
201101,경상북도,1,남자,4282,42.0
201101,경상북도,1,여자,3744,42.0
201101,경상북도,2,남자,3805,42.0
201101,경상북도,2,여자,3209,42.0
201101,경상북도,3,남자,3031,42.0
201101,경상북도,3,여자,2563,42.0
201101,광주광역시,1,남자,2945,34.0
201101,광주광역시,1,여자,2836,34.0
201101,광주광역시,2,남자,2928,34.0
201101,광주광역시,2,여자,2495,34.0
201101,광주광역시,3,남자,2256,34.0
201101,광주광역시,3,여자,2008,34.0
201101,대구광역시,1,남자,4125,41.0
201101,대구광역시,1,여자,3880,41.0
201101,대구광역시,2,남자,4492,41.0
201101,대구광역시,2,여자,3712,41.0
201101,대구광역시,3,남자,3803,41.0
201101,대구광역시,3,여자,3072,41.0
201101,대전광역시,1,남자,2853,39.0
201101,대전광역시,1,여자,2636,39.0
201101,대전광역시,2,남자,2803,39.0
201101,대전광역시,2,여자,2320,39.0
201101,대전광역시,3,남자,2261,39.0
201101,대전광역시,3,여자,1988,39.0
201101,부산광역시,1,남자,4563,38.0
201101,부산광역시,1,여자,4159,38.0
201101,부산광역시,2,남자,4654,38.0
201101,부산광역시,2,여자,3997,38.0
201101,부산광역시,3,남자,3786,38.0
201101,부산광역시,3,여자,3254,38.0
201101,서울특별시,1,남자,13280,44.0
201101,서울특별시,1,여자,12486,44.0
201101,서울특별시,2,남자,13443,44.0
201101,서울특별시,2,여자,11312,44.0
201101,서울특별시,3,남자,10042,44.0
201101,서울특별시,3,여자,8529,44.0
201101,세종특별자치시,1,남자,166,41.8125
201101,세종특별자치시,1,여자,172,41.8125
201101,세종특별자치시,2,남자,137,41.8125
201101,세종특별자치시,2,여자,129,41.8125
201101,세종특별자치시,3,남자,89,41.8125
201101,세종특별자치시,3,여자,96,41.8125
201101,울산광역시,1,남자,1957,39.0
201101,울산광역시,1,여자,1709,39.0
201101,울산광역시,2,남자,1815,39.0
201101,울산광역시,2,여자,1488,39.0
201101,울산광역시,3,남자,1607,39.0
201101,울산광역시,3,여자,1275,39.0
201101,인천광역시,1,남자,4897,48.0
201101,인천광역시,1,여자,4476,48.0
201101,인천광역시,2,남자,4658,48.0
201101,인천광역시,2,여자,3871,48.0
201101,인천광역시,3,남자,3703,48.0
201101,인천광역시,3,여자,3326,48.0
201101,전라남도,1,남자,3411,33.0
201101,전라남도,1,여자,3219,33.0
201101,전라남도,2,남자,3083,33.0
201101,전라남도,2,여자,2779,33.0
201101,전라남도,3,남자,2504,33.0
201101,전라남도,3,여자,2356,33.0
201101,전라북도,1,남자,2958,43.0
201101,전라북도,1,여자,2680,43.0
201101,전라북도,2,남자,3272,43.0
201101,전라북도,2,여자,2705,43.0
201101,전라북도,3,남자,2359,43.0
201101,전라북도,3,여자,2061,43.0
201101,제주특별자치도,1,남자,3408,32.0
201101,제주특별자치도,1,여자,3104,32.0
201101,제주특별자치도,2,남자,3700,32.0
201101,제주특별자치도,2,여자,3098,32.0
201101,제주특별자치도,3,남자,2616,32.0
201101,제주특별자치도,3,여자,2267,32.0
201101,충청남도,1,남자,3928,34.0
201101,충청남도,1,여자,3678,34.0
201101,충청남도,2,남자,3428,34.0
201101,충청남도,2,여자,2994,34.0
201101,충청남도,3,남자,2249,34.0
201101,충청남도,3,여자,1919,34.0
201101,충청북도,1,남자,2702,60.0
201101,충청북도,1,여자,2385,60.0
201101,충청북도,2,남자,2435,60.0
201101,충청북도,2,여자,2049,60.0
201101,충청북도,3,남자,1847,60.0
201101,충청북도,3,여자,1605,60.0
201102,경기도,1,남자,25530,86.0
201102,경기도,1,여자,23722,86.0
201102,경기도,2,남자,27593,86.0
201102,경기도,2,여자,24553,86.0
201102,경기도,3,남자,15409,86.0
201102,경기도,3,여자,14202,86.0
201102,경상남도,1,남자,6709,60.0
201102,경상남도,1,여자,6085,60.0
201102,경상남도,2,남자,6807,60.0
201102,경상남도,2,여자,6131,60.0
201102,경상남도,3,남자,4186,60.0
201102,경상남도,3,여자,3903,60.0
201102,경상북도,1,남자,4757,66.0
201102,경상북도,1,여자,4406,66.0
201102,경상북도,2,남자,5051,66.0
201102,경상북도,2,여자,4414,66.0
201102,경상북도,3,남자,3029,66.0
201102,경상북도,3,여자,2763,66.0
201102,광주광역시,1,남자,3176,60.0
201102,광주광역시,1,여자,2941,60.0
201102,광주광역시,2,남자,3667,60.0
201102,광주광역시,2,여자,3360,60.0
201102,광주광역시,3,남자,2289,60.0
201102,광주광역시,3,여자,2227,60.0
201102,대구광역시,1,남자,4418,65.0
201102,대구광역시,1,여자,4053,65.0
201102,대구광역시,2,남자,5487,65.0
201102,대구광역시,2,여자,4927,65.0
201102,대구광역시,3,남자,3349,65.0
201102,대구광역시,3,여자,2877,65.0
201102,대전광역시,1,남자,3411,63.0
201102,대전광역시,1,여자,3241,63.0
201102,대전광역시,2,남자,3794,63.0
201102,대전광역시,2,여자,3444,63.0
201102,대전광역시,3,남자,2318,63.0
201102,대전광역시,3,여자,2088,63.0
201102,부산광역시,1,남자,4722,57.0
201102,부산광역시,1,여자,4459,57.0
201102,부산광역시,2,남자,5460,57.0
201102,부산광역시,2,여자,4897,57.0
201102,부산광역시,3,남자,3971,57.0
201102,부산광역시,3,여자,3689,57.0
201102,서울특별시,1,남자,15014,75.0
201102,서울특별시,1,여자,13803,75.0
201102,서울특별시,2,남자,17193,75.0
201102,서울특별시,2,여자,15220,75.0
201102,서울특별시,3,남자,11190,75.0
201102,서울특별시,3,여자,10116,75.0
201102,세종특별자치시,1,남자,200,67.5625
201102,세종특별자치시,1,여자,189,67.5625
201102,세종특별자치시,2,남자,201,67.5625
201102,세종특별자치시,2,여자,186,67.5625
201102,세종특별자치시,3,남자,102,67.5625
201102,세종특별자치시,3,여자,95,67.5625
201102,울산광역시,1,남자,2149,59.0
201102,울산광역시,1,여자,1945,59.0
201102,울산광역시,2,남자,2136,59.0
201102,울산광역시,2,여자,1795,59.0
201102,울산광역시,3,남자,1531,59.0
201102,울산광역시,3,여자,1348,59.0
201102,인천광역시,1,남자,5416,79.0
201102,인천광역시,1,여자,4914,79.0
201102,인천광역시,2,남자,5581,79.0
201102,인천광역시,2,여자,4965,79.0
201102,인천광역시,3,남자,3500,79.0
201102,인천광역시,3,여자,3370,79.0
201102,전라남도,1,남자,3652,56.0
201102,전라남도,1,여자,3433,56.0
201102,전라남도,2,남자,3751,56.0
201102,전라남도,2,여자,3487,56.0
201102,전라남도,3,남자,2555,56.0
201102,전라남도,3,여자,2486,56.0
201102,전라북도,1,남자,3303,72.0
201102,전라북도,1,여자,2823,72.0
201102,전라북도,2,남자,3811,72.0
201102,전라북도,2,여자,3286,72.0
201102,전라북도,3,남자,2500,72.0
201102,전라북도,3,여자,2437,72.0
201102,제주특별자치도,1,남자,3435,54.0
201102,제주특별자치도,1,여자,3115,54.0
201102,제주특별자치도,2,남자,3869,54.0
201102,제주특별자치도,2,여자,3381,54.0
201102,제주특별자치도,3,남자,2537,54.0
201102,제주특별자치도,3,여자,2334,54.0
201102,충청남도,1,남자,4779,61.0
201102,충청남도,1,여자,4414,61.0
201102,충청남도,2,남자,4478,61.0
201102,충청남도,2,여자,4057,61.0
201102,충청남도,3,남자,2219,61.0
201102,충청남도,3,여자,1986,61.0
201102,충청북도,1,남자,2861,93.0
201102,충청북도,1,여자,2658,93.0
201102,충청북도,2,남자,3210,93.0
201102,충청북도,2,여자,2846,93.0
201102,충청북도,3,남자,1958,93.0
201102,충청북도,3,여자,1859,93.0
201103,경기도,1,남자,36596,76.0
201103,경기도,1,여자,34213,76.0
201103,경기도,2,남자,38196,76.0
201103,경기도,2,여자,36960,76.0
201103,경기도,3,남자,35084,76.0
201103,경기도,3,여자,36207,76.0
201103,경상남도,1,남자,9951,54.0
201103,경상남도,1,여자,9130,54.0
201103,경상남도,2,남자,8479,54.0
201103,경상남도,2,여자,7692,54.0
201103,경상남도,3,남자,8284,54.0
201103,경상남도,3,여자,7543,54.0
201103,경상북도,1,남자,7006,64.0
201103,경상북도,1,여자,6406,64.0
201103,경상북도,2,남자,6755,64.0
201103,경상북도,2,여자,6164,64.0
201103,경상북도,3,남자,6088,64.0
201103,경상북도,3,여자,5578,64.0
201103,광주광역시,1,남자,4576,55.0
201103,광주광역시,1,여자,4205,55.0
201103,광주광역시,2,남자,4873,55.0
201103,광주광역시,2,여자,4693,55.0
201103,광주광역시,3,남자,4397,55.0
201103,광주광역시,3,여자,4133,55.0
201103,대구광역시,1,남자,6664,58.0
201103,대구광역시,1,여자,6118,58.0
201103,대구광역시,2,남자,7688,58.0
201103,대구광역시,2,여자,6899,58.0
201103,대구광역시,3,남자,7424,58.0
201103,대구광역시,3,여자,6576,58.0
201103,대전광역시,1,남자,4639,59.0
201103,대전광역시,1,여자,4410,59.0
201103,대전광역시,2,남자,4630,59.0
201103,대전광역시,2,여자,4397,59.0
201103,대전광역시,3,남자,4968,59.0
201103,대전광역시,3,여자,4677,59.0
201103,부산광역시,1,남자,7523,58.0
201103,부산광역시,1,여자,7124,58.0
201103,부산광역시,2,남자,7206,58.0
201103,부산광역시,2,여자,6583,58.0
201103,부산광역시,3,남자,8137,58.0
201103,부산광역시,3,여자,7222,58.0
201103,서울특별시,1,남자,21105,65.0
201103,서울특별시,1,여자,19643,65.0
201103,서울특별시,2,남자,22333,65.0
201103,서울특별시,2,여자,20787,65.0
201103,서울특별시,3,남자,23227,65.0
201103,서울특별시,3,여자,21794,65.0
201103,세종특별자치시,1,남자,284,62.0
201103,세종특별자치시,1,여자,277,62.0
201103,세종특별자치시,2,남자,230,62.0
201103,세종특별자치시,2,여자,248,62.0
201103,세종특별자치시,3,남자,219,62.0
201103,세종특별자치시,3,여자,183,62.0
201103,울산광역시,1,남자,3338,63.0
201103,울산광역시,1,여자,3118,63.0
201103,울산광역시,2,남자,2897,63.0
201103,울산광역시,2,여자,2661,63.0
201103,울산광역시,3,남자,3201,63.0
201103,울산광역시,3,여자,2933,63.0
201103,인천광역시,1,남자,7707,71.0
201103,인천광역시,1,여자,7418,71.0
201103,인천광역시,2,남자,8215,71.0
201103,인천광역시,2,여자,8280,71.0
201103,인천광역시,3,남자,8674,71.0
201103,인천광역시,3,여자,8214,71.0
201103,전라남도,1,남자,5083,46.0
201103,전라남도,1,여자,4761,46.0
201103,전라남도,2,남자,4980,46.0
201103,전라남도,2,여자,4751,46.0
201103,전라남도,3,남자,4830,46.0
201103,전라남도,3,여자,4783,46.0
201103,전라북도,1,남자,4265,62.0
201103,전라북도,1,여자,4056,62.0
201103,전라북도,2,남자,5423,62.0
201103,전라북도,2,여자,4948,62.0
201103,전라북도,3,남자,5228,62.0
201103,전라북도,3,여자,5294,62.0
201103,제주특별자치도,1,남자,5389,49.0
201103,제주특별자치도,1,여자,4904,49.0
201103,제주특별자치도,2,남자,6279,49.0
201103,제주특별자치도,2,여자,5996,49.0
201103,제주특별자치도,3,남자,6115,49.0
201103,제주특별자치도,3,여자,5981,49.0
201103,충청남도,1,남자,6334,62.0
201103,충청남도,1,여자,5929,62.0
201103,충청남도,2,남자,5535,62.0
201103,충청남도,2,여자,5496,62.0
201103,충청남도,3,남자,4652,62.0
201103,충청남도,3,여자,4433,62.0
201103,충청북도,1,남자,4038,80.0
201103,충청북도,1,여자,3811,80.0
201103,충청북도,2,남자,4007,80.0
201103,충청북도,2,여자,3769,80.0
201103,충청북도,3,남자,4009,80.0
201103,충청북도,3,여자,3667,80.0
201104,경기도,1,남자,29009,68.0
201104,경기도,1,여자,26894,68.0
201104,경기도,2,남자,27386,68.0
201104,경기도,2,여자,25456,68.0
201104,경기도,3,남자,24693,68.0
201104,경기도,3,여자,24555,68.0
201104,경상남도,1,남자,8152,53.0
201104,경상남도,1,여자,7496,53.0
201104,경상남도,2,남자,7471,53.0
201104,경상남도,2,여자,6655,53.0
201104,경상남도,3,남자,7652,53.0
201104,경상남도,3,여자,6915,53.0
201104,경상북도,1,남자,5752,55.0
201104,경상북도,1,여자,5243,55.0
201104,경상북도,2,남자,5583,55.0
201104,경상북도,2,여자,4979,55.0
201104,경상북도,3,남자,5573,55.0
201104,경상북도,3,여자,4768,55.0
201104,광주광역시,1,남자,3624,54.0
201104,광주광역시,1,여자,3276,54.0
201104,광주광역시,2,남자,3783,54.0
201104,광주광역시,2,여자,3454,54.0
201104,광주광역시,3,남자,3817,54.0
201104,광주광역시,3,여자,3649,54.0
201104,대구광역시,1,남자,5462,51.0
201104,대구광역시,1,여자,5011,51.0
201104,대구광역시,2,남자,6661,51.0
201104,대구광역시,2,여자,5769,51.0
201104,대구광역시,3,남자,6856,51.0
201104,대구광역시,3,여자,5670,51.0
201104,대전광역시,1,남자,3664,52.0
201104,대전광역시,1,여자,3450,52.0
201104,대전광역시,2,남자,3502,52.0
201104,대전광역시,2,여자,3440,52.0
201104,대전광역시,3,남자,4052,52.0
201104,대전광역시,3,여자,3825,52.0
201104,부산광역시,1,남자,6238,56.0
201104,부산광역시,1,여자,5822,56.0
201104,부산광역시,2,남자,6256,56.0
201104,부산광역시,2,여자,5382,56.0
201104,부산광역시,3,남자,6759,56.0
201104,부산광역시,3,여자,6087,56.0
201104,서울특별시,1,남자,16807,56.0
201104,서울특별시,1,여자,15927,56.0
201104,서울특별시,2,남자,17483,56.0
201104,서울특별시,2,여자,15579,56.0
201104,서울특별시,3,남자,17590,56.0
201104,서울특별시,3,여자,17057,56.0
201104,세종특별자치시,1,남자,217,56.8125
201104,세종특별자치시,1,여자,231,56.8125
201104,세종특별자치시,2,남자,186,56.8125
201104,세종특별자치시,2,여자,180,56.8125
201104,세종특별자치시,3,남자,186,56.8125
201104,세종특별자치시,3,여자,209,56.8125
201104,울산광역시,1,남자,2729,59.0
201104,울산광역시,1,여자,2510,59.0
201104,울산광역시,2,남자,2412,59.0
201104,울산광역시,2,여자,2120,59.0
201104,울산광역시,3,남자,2941,59.0
201104,울산광역시,3,여자,2520,59.0
201104,인천광역시,1,남자,6256,63.0
201104,인천광역시,1,여자,5801,63.0
201104,인천광역시,2,남자,5948,63.0
201104,인천광역시,2,여자,5614,63.0
201104,인천광역시,3,남자,6796,63.0
201104,인천광역시,3,여자,6363,63.0
201104,전라남도,1,남자,3937,47.0
201104,전라남도,1,여자,3706,47.0
201104,전라남도,2,남자,3866,47.0
201104,전라남도,2,여자,3631,47.0
201104,전라남도,3,남자,3880,47.0
201104,전라남도,3,여자,3875,47.0
201104,전라북도,1,남자,3422,61.0
201104,전라북도,1,여자,3076,61.0
201104,전라북도,2,남자,3511,61.0
201104,전라북도,2,여자,3307,61.0
201104,전라북도,3,남자,3534,61.0
201104,전라북도,3,여자,3336,61.0
201104,제주특별자치도,1,남자,3964,51.0
201104,제주특별자치도,1,여자,3758,51.0
201104,제주특별자치도,2,남자,4157,51.0
201104,제주특별자치도,2,여자,3689,51.0
201104,제주특별자치도,3,남자,4225,51.0
201104,제주특별자치도,3,여자,3810,51.0
201104,충청남도,1,남자,5183,53.0
201104,충청남도,1,여자,4884,53.0
201104,충청남도,2,남자,4182,53.0
201104,충청남도,2,여자,3982,53.0
201104,충청남도,3,남자,3801,53.0
201104,충청남도,3,여자,3624,53.0
201104,충청북도,1,남자,3486,67.0
201104,충청북도,1,여자,3132,67.0
201104,충청북도,2,남자,3318,67.0
201104,충청북도,2,여자,2956,67.0
201104,충청북도,3,남자,3578,67.0
201104,충청북도,3,여자,3322,67.0
201105,경기도,1,남자,28340,80.0
201105,경기도,1,여자,25844,80.0
201105,경기도,2,남자,27984,80.0
201105,경기도,2,여자,23852,80.0
201105,경기도,3,남자,23601,80.0
201105,경기도,3,여자,19891,80.0
201105,경상남도,1,남자,7564,71.0
201105,경상남도,1,여자,7005,71.0
201105,경상남도,2,남자,6307,71.0
201105,경상남도,2,여자,5409,71.0
201105,경상남도,3,남자,5268,71.0
201105,경상남도,3,여자,4320,71.0
201105,경상북도,1,남자,5203,69.0
201105,경상북도,1,여자,4683,69.0
201105,경상북도,2,남자,4856,69.0
201105,경상북도,2,여자,3952,69.0
201105,경상북도,3,남자,4146,69.0
201105,경상북도,3,여자,3570,69.0
201105,광주광역시,1,남자,2997,67.0
201105,광주광역시,1,여자,2795,67.0
201105,광주광역시,2,남자,2918,67.0
201105,광주광역시,2,여자,2663,67.0
201105,광주광역시,3,남자,2721,67.0
201105,광주광역시,3,여자,2236,67.0
201105,대구광역시,1,남자,4807,66.0
201105,대구광역시,1,여자,4464,66.0
201105,대구광역시,2,남자,5297,66.0
201105,대구광역시,2,여자,4348,66.0
201105,대구광역시,3,남자,4708,66.0
201105,대구광역시,3,여자,3926,66.0
201105,대전광역시,1,남자,3517,67.0
201105,대전광역시,1,여자,3258,67.0
201105,대전광역시,2,남자,3601,67.0
201105,대전광역시,2,여자,2937,67.0
201105,대전광역시,3,남자,3413,67.0
201105,대전광역시,3,여자,2889,67.0
201105,부산광역시,1,남자,5709,76.0
201105,부산광역시,1,여자,5210,76.0
201105,부산광역시,2,남자,5224,76.0
201105,부산광역시,2,여자,4454,76.0
201105,부산광역시,3,남자,4709,76.0
201105,부산광역시,3,여자,4063,76.0
201105,서울특별시,1,남자,16982,72.0
201105,서울특별시,1,여자,15179,72.0
201105,서울특별시,2,남자,17783,72.0
201105,서울특별시,2,여자,14459,72.0
201105,서울특별시,3,남자,15959,72.0
201105,서울특별시,3,여자,13126,72.0
201105,세종특별자치시,1,남자,225,72.75
201105,세종특별자치시,1,여자,195,72.75
201105,세종특별자치시,2,남자,141,72.75
201105,세종특별자치시,2,여자,141,72.75
201105,세종특별자치시,3,남자,126,72.75
201105,세종특별자치시,3,여자,120,72.75
201105,울산광역시,1,남자,2701,75.0
201105,울산광역시,1,여자,2475,75.0
201105,울산광역시,2,남자,2183,75.0
201105,울산광역시,2,여자,1777,75.0
201105,울산광역시,3,남자,2006,75.0
201105,울산광역시,3,여자,1611,75.0
201105,인천광역시,1,남자,6180,84.0
201105,인천광역시,1,여자,5750,84.0
201105,인천광역시,2,남자,5815,84.0
201105,인천광역시,2,여자,5061,84.0
201105,인천광역시,3,남자,5619,84.0
201105,인천광역시,3,여자,4815,84.0
201105,전라남도,1,남자,3619,67.0
201105,전라남도,1,여자,3303,67.0
201105,전라남도,2,남자,3270,67.0
201105,전라남도,2,여자,2911,67.0
201105,전라남도,3,남자,2806,67.0
201105,전라남도,3,여자,2463,67.0
201105,전라북도,1,남자,3282,76.0
201105,전라북도,1,여자,2976,76.0
201105,전라북도,2,남자,3547,76.0
201105,전라북도,2,여자,3166,76.0
201105,전라북도,3,남자,3193,76.0
201105,전라북도,3,여자,2689,76.0
201105,제주특별자치도,1,남자,3805,80.0
201105,제주특별자치도,1,여자,3477,80.0
201105,제주특별자치도,2,남자,4164,80.0
201105,제주특별자치도,2,여자,3546,80.0
201105,제주특별자치도,3,남자,3890,80.0
201105,제주특별자치도,3,여자,3178,80.0
201105,충청남도,1,남자,4750,72.0
201105,충청남도,1,여자,4418,72.0
201105,충청남도,2,남자,4129,72.0
201105,충청남도,2,여자,3528,72.0
201105,충청남도,3,남자,3321,72.0
201105,충청남도,3,여자,2681,72.0
201105,충청북도,1,남자,3346,72.0
201105,충청북도,1,여자,3077,72.0
201105,충청북도,2,남자,3190,72.0
201105,충청북도,2,여자,2649,72.0
201105,충청북도,3,남자,2977,72.0
201105,충청북도,3,여자,2625,72.0
201106,경기도,1,남자,22810,54.0
201106,경기도,1,여자,20995,54.0
201106,경기도,2,남자,20781,54.0
201106,경기도,2,여자,18284,54.0
201106,경기도,3,남자,17394,54.0
201106,경기도,3,여자,17149,54.0
201106,경상남도,1,남자,6317,49.0
201106,경상남도,1,여자,5927,49.0
201106,경상남도,2,남자,5035,49.0
201106,경상남도,2,여자,4324,49.0
201106,경상남도,3,남자,4353,49.0
201106,경상남도,3,여자,3925,49.0
201106,경상북도,1,남자,4162,48.0
201106,경상북도,1,여자,3729,48.0
201106,경상북도,2,남자,3690,48.0
201106,경상북도,2,여자,3189,48.0
201106,경상북도,3,남자,3043,48.0
201106,경상북도,3,여자,2841,48.0
201106,광주광역시,1,남자,2584,45.0
201106,광주광역시,1,여자,2373,45.0
201106,광주광역시,2,남자,2453,45.0
201106,광주광역시,2,여자,2160,45.0
201106,광주광역시,3,남자,2202,45.0
201106,광주광역시,3,여자,2019,45.0
201106,대구광역시,1,남자,4063,46.0
201106,대구광역시,1,여자,3781,46.0
201106,대구광역시,2,남자,4112,46.0
201106,대구광역시,2,여자,3531,46.0
201106,대구광역시,3,남자,3345,46.0
201106,대구광역시,3,여자,2995,46.0
201106,대전광역시,1,남자,2827,43.0
201106,대전광역시,1,여자,2596,43.0
201106,대전광역시,2,남자,2499,43.0
201106,대전광역시,2,여자,2139,43.0
201106,대전광역시,3,남자,2398,43.0
201106,대전광역시,3,여자,2361,43.0
201106,부산광역시,1,남자,4645,52.0
201106,부산광역시,1,여자,4404,52.0
201106,부산광역시,2,남자,4371,52.0
201106,부산광역시,2,여자,3839,52.0
201106,부산광역시,3,남자,4007,52.0
201106,부산광역시,3,여자,3792,52.0
201106,서울특별시,1,남자,13555,44.0
201106,서울특별시,1,여자,12217,44.0
201106,서울특별시,2,남자,11981,44.0
201106,서울특별시,2,여자,10920,44.0
201106,서울특별시,3,남자,11164,44.0
201106,서울특별시,3,여자,10869,44.0
201106,세종특별자치시,1,남자,179,47.375
201106,세종특별자치시,1,여자,178,47.375
201106,세종특별자치시,2,남자,116,47.375
201106,세종특별자치시,2,여자,101,47.375
201106,세종특별자치시,3,남자,110,47.375
201106,세종특별자치시,3,여자,116,47.375
201106,울산광역시,1,남자,2139,55.0
201106,울산광역시,1,여자,1945,55.0
201106,울산광역시,2,남자,1664,55.0
201106,울산광역시,2,여자,1472,55.0
201106,울산광역시,3,남자,1791,55.0
201106,울산광역시,3,여자,1662,55.0
201106,인천광역시,1,남자,5094,50.0
201106,인천광역시,1,여자,4793,50.0
201106,인천광역시,2,남자,4651,50.0
201106,인천광역시,2,여자,4023,50.0
201106,인천광역시,3,남자,3986,50.0
201106,인천광역시,3,여자,3849,50.0
201106,전라남도,1,남자,3067,43.0
201106,전라남도,1,여자,2708,43.0
201106,전라남도,2,남자,2611,43.0
201106,전라남도,2,여자,2377,43.0
201106,전라남도,3,남자,2635,43.0
201106,전라남도,3,여자,2510,43.0
201106,전라북도,1,남자,2747,54.0
201106,전라북도,1,여자,2411,54.0
201106,전라북도,2,남자,2964,54.0
201106,전라북도,2,여자,2574,54.0
201106,전라북도,3,남자,2716,54.0
201106,전라북도,3,여자,2606,54.0
201106,제주특별자치도,1,남자,3259,41.0
201106,제주특별자치도,1,여자,2918,41.0
201106,제주특별자치도,2,남자,3242,41.0
201106,제주특별자치도,2,여자,2843,41.0
201106,제주특별자치도,3,남자,2861,41.0
201106,제주특별자치도,3,여자,2860,41.0
201106,충청남도,1,남자,4013,42.0
201106,충청남도,1,여자,3624,42.0
201106,충청남도,2,남자,3354,42.0
201106,충청남도,2,여자,2886,42.0
201106,충청남도,3,남자,2726,42.0
201106,충청남도,3,여자,2515,42.0
201106,충청북도,1,남자,2609,50.0
201106,충청북도,1,여자,2398,50.0
201106,충청북도,2,남자,2216,50.0
201106,충청북도,2,여자,1845,50.0
201106,충청북도,3,남자,1778,50.0
201106,충청북도,3,여자,1862,50.0
201107,경기도,1,남자,20134,37.0
201107,경기도,1,여자,18866,37.0
201107,경기도,2,남자,24379,37.0
201107,경기도,2,여자,21135,37.0
201107,경기도,3,남자,15499,37.0
201107,경기도,3,여자,13728,37.0
201107,경상남도,1,남자,5645,34.0
201107,경상남도,1,여자,5194,34.0
201107,경상남도,2,남자,6268,34.0
201107,경상남도,2,여자,5269,34.0
201107,경상남도,3,남자,4330,34.0
201107,경상남도,3,여자,3516,34.0
201107,경상북도,1,남자,3595,33.0
201107,경상북도,1,여자,3275,33.0
201107,경상북도,2,남자,4129,33.0
201107,경상북도,2,여자,3425,33.0
201107,경상북도,3,남자,2569,33.0
201107,경상북도,3,여자,2193,33.0
201107,광주광역시,1,남자,2564,28.0
201107,광주광역시,1,여자,2315,28.0
201107,광주광역시,2,남자,3002,28.0
201107,광주광역시,2,여자,2548,28.0
201107,광주광역시,3,남자,1964,28.0
201107,광주광역시,3,여자,1812,28.0
201107,대구광역시,1,남자,3604,35.0
201107,대구광역시,1,여자,3350,35.0
201107,대구광역시,2,남자,4557,35.0
201107,대구광역시,2,여자,3954,35.0
201107,대구광역시,3,남자,3063,35.0
201107,대구광역시,3,여자,2569,35.0
201107,대전광역시,1,남자,2529,28.0
201107,대전광역시,1,여자,2346,28.0
201107,대전광역시,2,남자,3097,28.0
201107,대전광역시,2,여자,2617,28.0
201107,대전광역시,3,남자,2067,28.0
201107,대전광역시,3,여자,1854,28.0
201107,부산광역시,1,남자,4322,41.0
201107,부산광역시,1,여자,3910,41.0
201107,부산광역시,2,남자,5361,41.0
201107,부산광역시,2,여자,4660,41.0
201107,부산광역시,3,남자,3948,41.0
201107,부산광역시,3,여자,3279,41.0
201107,서울특별시,1,남자,11743,28.0
201107,서울특별시,1,여자,10615,28.0
201107,서울특별시,2,남자,14834,28.0
201107,서울특별시,2,여자,12800,28.0
201107,서울특별시,3,남자,9599,28.0
201107,서울특별시,3,여자,8868,28.0
201107,세종특별자치시,1,남자,212,32.375
201107,세종특별자치시,1,여자,232,32.375
201107,세종특별자치시,2,남자,221,32.375
201107,세종특별자치시,2,여자,199,32.375
201107,세종특별자치시,3,남자,87,32.375
201107,세종특별자치시,3,여자,83,32.375
201107,울산광역시,1,남자,1843,42.0
201107,울산광역시,1,여자,1712,42.0
201107,울산광역시,2,남자,2147,42.0
201107,울산광역시,2,여자,1818,42.0
201107,울산광역시,3,남자,1677,42.0
201107,울산광역시,3,여자,1384,42.0
201107,인천광역시,1,남자,4367,36.0
201107,인천광역시,1,여자,4214,36.0
201107,인천광역시,2,남자,5258,36.0
201107,인천광역시,2,여자,4482,36.0
201107,인천광역시,3,남자,3367,36.0
201107,인천광역시,3,여자,3192,36.0
201107,전라남도,1,남자,2648,34.0
201107,전라남도,1,여자,2487,34.0
201107,전라남도,2,남자,2915,34.0
201107,전라남도,2,여자,2564,34.0
201107,전라남도,3,남자,2098,34.0
201107,전라남도,3,여자,1956,34.0
201107,전라북도,1,남자,2399,32.0
201107,전라북도,1,여자,2139,32.0
201107,전라북도,2,남자,3092,32.0
201107,전라북도,2,여자,2701,32.0
201107,전라북도,3,남자,2249,32.0
201107,전라북도,3,여자,1982,32.0
201107,제주특별자치도,1,남자,2633,28.0
201107,제주특별자치도,1,여자,2371,28.0
201107,제주특별자치도,2,남자,3359,28.0
201107,제주특별자치도,2,여자,2800,28.0
201107,제주특별자치도,3,남자,2370,28.0
201107,제주특별자치도,3,여자,2039,28.0
201107,충청남도,1,남자,3363,26.0
201107,충청남도,1,여자,3033,26.0
201107,충청남도,2,남자,3654,26.0
201107,충청남도,2,여자,3183,26.0
201107,충청남도,3,남자,2176,26.0
201107,충청남도,3,여자,1929,26.0
201107,충청북도,1,남자,2287,29.0
201107,충청북도,1,여자,2022,29.0
201107,충청북도,2,남자,2507,29.0
201107,충청북도,2,여자,2107,29.0
201107,충청북도,3,남자,1709,29.0
201107,충청북도,3,여자,1503,29.0
201108,경기도,1,남자,29927,35.0
201108,경기도,1,여자,27047,35.0
201108,경기도,2,남자,38291,35.0
201108,경기도,2,여자,31189,35.0
201108,경기도,3,남자,24767,35.0
201108,경기도,3,여자,19310,35.0
201108,경상남도,1,남자,7787,31.0
201108,경상남도,1,여자,6965,31.0
201108,경상남도,2,남자,8614,31.0
201108,경상남도,2,여자,6844,31.0
201108,경상남도,3,남자,5749,31.0
201108,경상남도,3,여자,4313,31.0
201108,경상북도,1,남자,5205,29.0
201108,경상북도,1,여자,4596,29.0
201108,경상북도,2,남자,6309,29.0
201108,경상북도,2,여자,4918,29.0
201108,경상북도,3,남자,4251,29.0
201108,경상북도,3,여자,3149,29.0
201108,광주광역시,1,남자,4147,27.0
201108,광주광역시,1,여자,3643,27.0
201108,광주광역시,2,남자,4641,27.0
201108,광주광역시,2,여자,3953,27.0
201108,광주광역시,3,남자,3023,27.0
201108,광주광역시,3,여자,2543,27.0
201108,대구광역시,1,남자,5614,32.0
201108,대구광역시,1,여자,5018,32.0
201108,대구광역시,2,남자,7774,32.0
201108,대구광역시,2,여자,5971,32.0
201108,대구광역시,3,남자,5286,32.0
201108,대구광역시,3,여자,3800,32.0
201108,대전광역시,1,남자,4006,25.0
201108,대전광역시,1,여자,3577,25.0
201108,대전광역시,2,남자,4853,25.0
201108,대전광역시,2,여자,3978,25.0
201108,대전광역시,3,남자,3311,25.0
201108,대전광역시,3,여자,2609,25.0
201108,부산광역시,1,남자,5618,35.0
201108,부산광역시,1,여자,5090,35.0
201108,부산광역시,2,남자,7216,35.0
201108,부산광역시,2,여자,5933,35.0
201108,부산광역시,3,남자,5154,35.0
201108,부산광역시,3,여자,3893,35.0
201108,서울특별시,1,남자,16393,27.0
201108,서울특별시,1,여자,14888,27.0
201108,서울특별시,2,남자,22160,27.0
201108,서울특별시,2,여자,17844,27.0
201108,서울특별시,3,남자,15385,27.0
201108,서울특별시,3,여자,12092,27.0
201108,세종특별자치시,1,남자,350,30.0625
201108,세종특별자치시,1,여자,346,30.0625
201108,세종특별자치시,2,남자,362,30.0625
201108,세종특별자치시,2,여자,361,30.0625
201108,세종특별자치시,3,남자,199,30.0625
201108,세종특별자치시,3,여자,147,30.0625
201108,울산광역시,1,남자,2529,35.0
201108,울산광역시,1,여자,2205,35.0
201108,울산광역시,2,남자,2912,35.0
201108,울산광역시,2,여자,2195,35.0
201108,울산광역시,3,남자,1900,35.0
201108,울산광역시,3,여자,1504,35.0
201108,인천광역시,1,남자,6367,36.0
201108,인천광역시,1,여자,5860,36.0
201108,인천광역시,2,남자,7791,36.0
201108,인천광역시,2,여자,6616,36.0
201108,인천광역시,3,남자,5316,36.0
201108,인천광역시,3,여자,4277,36.0
201108,전라남도,1,남자,3999,32.0
201108,전라남도,1,여자,3721,32.0
201108,전라남도,2,남자,4367,32.0
201108,전라남도,2,여자,3599,32.0
201108,전라남도,3,남자,3220,32.0
201108,전라남도,3,여자,2670,32.0
201108,전라북도,1,남자,3560,31.0
201108,전라북도,1,여자,3134,31.0
201108,전라북도,2,남자,4977,31.0
201108,전라북도,2,여자,4092,31.0
201108,전라북도,3,남자,3415,31.0
201108,전라북도,3,여자,2765,31.0
201108,제주특별자치도,1,남자,3971,28.0
201108,제주특별자치도,1,여자,3650,28.0
201108,제주특별자치도,2,남자,5281,28.0
201108,제주특별자치도,2,여자,4237,28.0
201108,제주특별자치도,3,남자,3551,28.0
201108,제주특별자치도,3,여자,2793,28.0
201108,충청남도,1,남자,5517,26.0
201108,충청남도,1,여자,5044,26.0
201108,충청남도,2,남자,5760,26.0
201108,충청남도,2,여자,4698,26.0
201108,충청남도,3,남자,3445,26.0
201108,충청남도,3,여자,2787,26.0
201108,충청북도,1,남자,3231,27.0
201108,충청북도,1,여자,2987,27.0
201108,충청북도,2,남자,4254,27.0
201108,충청북도,2,여자,3270,27.0
201108,충청북도,3,남자,2814,27.0
201108,충청북도,3,여자,2145,27.0
201109,경기도,1,남자,36487,37.0
201109,경기도,1,여자,32926,37.0
201109,경기도,2,남자,51323,37.0
201109,경기도,2,여자,45042,37.0
201109,경기도,3,남자,50451,37.0
201109,경기도,3,여자,45669,37.0
201109,경상남도,1,남자,10361,31.0
201109,경상남도,1,여자,9427,31.0
201109,경상남도,2,남자,12642,31.0
201109,경상남도,2,여자,10907,31.0
201109,경상남도,3,남자,12629,31.0
201109,경상남도,3,여자,10468,31.0
201109,경상북도,1,남자,7071,32.0
201109,경상북도,1,여자,6232,32.0
201109,경상북도,2,남자,9566,32.0
201109,경상북도,2,여자,8282,32.0
201109,경상북도,3,남자,8759,32.0
201109,경상북도,3,여자,7423,32.0
201109,광주광역시,1,남자,4585,30.0
201109,광주광역시,1,여자,4318,30.0
201109,광주광역시,2,남자,6077,30.0
201109,광주광역시,2,여자,5625,30.0
201109,광주광역시,3,남자,6153,30.0
201109,광주광역시,3,여자,5577,30.0
201109,대구광역시,1,남자,6813,32.0
201109,대구광역시,1,여자,6189,32.0
201109,대구광역시,2,남자,10674,32.0
201109,대구광역시,2,여자,9170,32.0
201109,대구광역시,3,남자,10602,32.0
201109,대구광역시,3,여자,8483,32.0
201109,대전광역시,1,남자,5340,28.0
201109,대전광역시,1,여자,4750,28.0
201109,대전광역시,2,남자,6856,28.0
201109,대전광역시,2,여자,6041,28.0
201109,대전광역시,3,남자,7117,28.0
201109,대전광역시,3,여자,6199,28.0
201109,부산광역시,1,남자,7530,33.0
201109,부산광역시,1,여자,6812,33.0
201109,부산광역시,2,남자,9844,33.0
201109,부산광역시,2,여자,8549,33.0
201109,부산광역시,3,남자,10395,33.0
201109,부산광역시,3,여자,8941,33.0
201109,서울특별시,1,남자,20638,29.0
201109,서울특별시,1,여자,18854,29.0
201109,서울특별시,2,남자,30475,29.0
201109,서울특별시,2,여자,26104,29.0
201109,서울특별시,3,남자,31823,29.0
201109,서울특별시,3,여자,27551,29.0
201109,세종특별자치시,1,남자,430,32.1875
201109,세종특별자치시,1,여자,458,32.1875
201109,세종특별자치시,2,남자,553,32.1875
201109,세종특별자치시,2,여자,493,32.1875
201109,세종특별자치시,3,남자,420,32.1875
201109,세종특별자치시,3,여자,353,32.1875
201109,울산광역시,1,남자,3269,35.0
201109,울산광역시,1,여자,2866,35.0
201109,울산광역시,2,남자,4251,35.0
201109,울산광역시,2,여자,3418,35.0
201109,울산광역시,3,남자,4252,35.0
201109,울산광역시,3,여자,3496,35.0
201109,인천광역시,1,남자,7860,40.0
201109,인천광역시,1,여자,7123,40.0
201109,인천광역시,2,남자,10689,40.0
201109,인천광역시,2,여자,9482,40.0
201109,인천광역시,3,남자,10857,40.0
201109,인천광역시,3,여자,9561,40.0
201109,전라남도,1,남자,4961,30.0
201109,전라남도,1,여자,4514,30.0
201109,전라남도,2,남자,6073,30.0
201109,전라남도,2,여자,5449,30.0
201109,전라남도,3,남자,6098,30.0
201109,전라남도,3,여자,5534,30.0
201109,전라북도,1,남자,4404,34.0
201109,전라북도,1,여자,3990,34.0
201109,전라북도,2,남자,6779,34.0
201109,전라북도,2,여자,5898,34.0
201109,전라북도,3,남자,6974,34.0
201109,전라북도,3,여자,6451,34.0
201109,제주특별자치도,1,남자,5385,29.0
201109,제주특별자치도,1,여자,5090,29.0
201109,제주특별자치도,2,남자,7652,29.0
201109,제주특별자치도,2,여자,6691,29.0
201109,제주특별자치도,3,남자,7197,29.0
201109,제주특별자치도,3,여자,6703,29.0
201109,충청남도,1,남자,6859,32.0
201109,충청남도,1,여자,6330,32.0
201109,충청남도,2,남자,8436,32.0
201109,충청남도,2,여자,7382,32.0
201109,충청남도,3,남자,7240,32.0
201109,충청남도,3,여자,6493,32.0
201109,충청북도,1,남자,4617,34.0
201109,충청북도,1,여자,4204,34.0
201109,충청북도,2,남자,6256,34.0
201109,충청북도,2,여자,5409,34.0
201109,충청북도,3,남자,6316,34.0
201109,충청북도,3,여자,5340,34.0
201110,경기도,1,남자,35422,52.0
201110,경기도,1,여자,33875,52.0
201110,경기도,2,남자,38846,52.0
201110,경기도,2,여자,37656,52.0
201110,경기도,3,남자,29982,52.0
201110,경기도,3,여자,31472,52.0
201110,경상남도,1,남자,9725,42.0
201110,경상남도,1,여자,9316,42.0
201110,경상남도,2,남자,9793,42.0
201110,경상남도,2,여자,9156,42.0
201110,경상남도,3,남자,7085,42.0
201110,경상남도,3,여자,7405,42.0
201110,경상북도,1,남자,6530,43.0
201110,경상북도,1,여자,6039,43.0
201110,경상북도,2,남자,6957,43.0
201110,경상북도,2,여자,6438,43.0
201110,경상북도,3,남자,5236,43.0
201110,경상북도,3,여자,5148,43.0
201110,광주광역시,1,남자,3972,40.0
201110,광주광역시,1,여자,3755,40.0
201110,광주광역시,2,남자,4579,40.0
201110,광주광역시,2,여자,4312,40.0
201110,광주광역시,3,남자,3552,40.0
201110,광주광역시,3,여자,3635,40.0
201110,대구광역시,1,남자,6245,44.0
201110,대구광역시,1,여자,6013,44.0
201110,대구광역시,2,남자,7633,44.0
201110,대구광역시,2,여자,7239,44.0
201110,대구광역시,3,남자,6549,44.0
201110,대구광역시,3,여자,6149,44.0
201110,대전광역시,1,남자,4718,42.0
201110,대전광역시,1,여자,4432,42.0
201110,대전광역시,2,남자,5019,42.0
201110,대전광역시,2,여자,4557,42.0
201110,대전광역시,3,남자,3781,42.0
201110,대전광역시,3,여자,3982,42.0
201110,부산광역시,1,남자,7512,43.0
201110,부산광역시,1,여자,7002,43.0
201110,부산광역시,2,남자,8184,43.0
201110,부산광역시,2,여자,7537,43.0
201110,부산광역시,3,남자,6601,43.0
201110,부산광역시,3,여자,6300,43.0
201110,서울특별시,1,남자,20286,42.0
201110,서울특별시,1,여자,19203,42.0
201110,서울특별시,2,남자,23555,42.0
201110,서울특별시,2,여자,22198,42.0
201110,서울특별시,3,남자,20029,42.0
201110,서울특별시,3,여자,20339,42.0
201110,세종특별자치시,1,남자,333,45.0
201110,세종특별자치시,1,여자,333,45.0
201110,세종특별자치시,2,남자,346,45.0
201110,세종특별자치시,2,여자,361,45.0
201110,세종특별자치시,3,남자,225,45.0
201110,세종특별자치시,3,여자,253,45.0
201110,울산광역시,1,남자,3160,46.0
201110,울산광역시,1,여자,2950,46.0
201110,울산광역시,2,남자,3243,46.0
201110,울산광역시,2,여자,2915,46.0
201110,울산광역시,3,남자,2542,46.0
201110,울산광역시,3,여자,2575,46.0
201110,인천광역시,1,남자,7898,54.0
201110,인천광역시,1,여자,7311,54.0
201110,인천광역시,2,남자,8831,54.0
201110,인천광역시,2,여자,8480,54.0
201110,인천광역시,3,남자,7393,54.0
201110,인천광역시,3,여자,7684,54.0
201110,전라남도,1,남자,4713,37.0
201110,전라남도,1,여자,4407,37.0
201110,전라남도,2,남자,4720,37.0
201110,전라남도,2,여자,4605,37.0
201110,전라남도,3,남자,3926,37.0
201110,전라남도,3,여자,4097,37.0
201110,전라북도,1,남자,4151,50.0
201110,전라북도,1,여자,3877,50.0
201110,전라북도,2,남자,5055,50.0
201110,전라북도,2,여자,4855,50.0
201110,전라북도,3,남자,4238,50.0
201110,전라북도,3,여자,4365,50.0
201110,제주특별자치도,1,남자,5028,41.0
201110,제주특별자치도,1,여자,4637,41.0
201110,제주특별자치도,2,남자,5908,41.0
201110,제주특별자치도,2,여자,5530,41.0
201110,제주특별자치도,3,남자,4556,41.0
201110,제주특별자치도,3,여자,4505,41.0
201110,충청남도,1,남자,5647,46.0
201110,충청남도,1,여자,5585,46.0
201110,충청남도,2,남자,5817,46.0
201110,충청남도,2,여자,5480,46.0
201110,충청남도,3,남자,3962,46.0
201110,충청남도,3,여자,4025,46.0
201110,충청북도,1,남자,4218,53.0
201110,충청북도,1,여자,3965,53.0
201110,충청북도,2,남자,4204,53.0
201110,충청북도,2,여자,3889,53.0
201110,충청북도,3,남자,3472,53.0
201110,충청북도,3,여자,3653,53.0
201111,경기도,1,남자,25410,49.0
201111,경기도,1,여자,24115,49.0
201111,경기도,2,남자,30412,49.0
201111,경기도,2,여자,29691,49.0
201111,경기도,3,남자,26057,49.0
201111,경기도,3,여자,26774,49.0
201111,경상남도,1,남자,8058,41.0
201111,경상남도,1,여자,7471,41.0
201111,경상남도,2,남자,8441,41.0
201111,경상남도,2,여자,8110,41.0
201111,경상남도,3,남자,7234,41.0
201111,경상남도,3,여자,6661,41.0
201111,경상북도,1,남자,5017,47.0
201111,경상북도,1,여자,4624,47.0
201111,경상북도,2,남자,6059,47.0
201111,경상북도,2,여자,5811,47.0
201111,경상북도,3,남자,5229,47.0
201111,경상북도,3,여자,4928,47.0
201111,광주광역시,1,남자,3001,38.0
201111,광주광역시,1,여자,2801,38.0
201111,광주광역시,2,남자,3717,38.0
201111,광주광역시,2,여자,3657,38.0
201111,광주광역시,3,남자,2994,38.0
201111,광주광역시,3,여자,2965,38.0
201111,대구광역시,1,남자,4586,47.0
201111,대구광역시,1,여자,4432,47.0
201111,대구광역시,2,남자,6336,47.0
201111,대구광역시,2,여자,6123,47.0
201111,대구광역시,3,남자,6032,47.0
201111,대구광역시,3,여자,5670,47.0
201111,대전광역시,1,남자,3457,40.0
201111,대전광역시,1,여자,3308,40.0
201111,대전광역시,2,남자,4114,40.0
201111,대전광역시,2,여자,3954,40.0
201111,대전광역시,3,남자,3527,40.0
201111,대전광역시,3,여자,3543,40.0
201111,부산광역시,1,남자,6131,41.0
201111,부산광역시,1,여자,5865,41.0
201111,부산광역시,2,남자,6875,41.0
201111,부산광역시,2,여자,6590,41.0
201111,부산광역시,3,남자,6849,41.0
201111,부산광역시,3,여자,6392,41.0
201111,서울특별시,1,남자,15068,38.0
201111,서울특별시,1,여자,13718,38.0
201111,서울특별시,2,남자,18054,38.0
201111,서울특별시,2,여자,17409,38.0
201111,서울특별시,3,남자,16481,38.0
201111,서울특별시,3,여자,16723,38.0
201111,세종특별자치시,1,남자,249,43.375
201111,세종특별자치시,1,여자,251,43.375
201111,세종특별자치시,2,남자,285,43.375
201111,세종특별자치시,2,여자,274,43.375
201111,세종특별자치시,3,남자,231,43.375
201111,세종특별자치시,3,여자,207,43.375
201111,울산광역시,1,남자,2472,45.0
201111,울산광역시,1,여자,2378,45.0
201111,울산광역시,2,남자,2763,45.0
201111,울산광역시,2,여자,2618,45.0
201111,울산광역시,3,남자,2851,45.0
201111,울산광역시,3,여자,2694,45.0
201111,인천광역시,1,남자,5601,49.0
201111,인천광역시,1,여자,5318,49.0
201111,인천광역시,2,남자,6713,49.0
201111,인천광역시,2,여자,6379,49.0
201111,인천광역시,3,남자,6060,49.0
201111,인천광역시,3,여자,6076,49.0
201111,전라남도,1,남자,3561,36.0
201111,전라남도,1,여자,3464,36.0
201111,전라남도,2,남자,3937,36.0
201111,전라남도,2,여자,3835,36.0
201111,전라남도,3,남자,3456,36.0
201111,전라남도,3,여자,3597,36.0
201111,전라북도,1,남자,2991,49.0
201111,전라북도,1,여자,2878,49.0
201111,전라북도,2,남자,4130,49.0
201111,전라북도,2,여자,4042,49.0
201111,전라북도,3,남자,3744,49.0
201111,전라북도,3,여자,3793,49.0
201111,제주특별자치도,1,남자,4076,37.0
201111,제주특별자치도,1,여자,3803,37.0
201111,제주특별자치도,2,남자,5052,37.0
201111,제주특별자치도,2,여자,4710,37.0
201111,제주특별자치도,3,남자,4428,37.0
201111,제주특별자치도,3,여자,4329,37.0
201111,충청남도,1,남자,4628,40.0
201111,충청남도,1,여자,4359,40.0
201111,충청남도,2,남자,4795,40.0
201111,충청남도,2,여자,4720,40.0
201111,충청남도,3,남자,3636,40.0
201111,충청남도,3,여자,3518,40.0
201111,충청북도,1,남자,3175,50.0
201111,충청북도,1,여자,2993,50.0
201111,충청북도,2,남자,3505,50.0
201111,충청북도,2,여자,3372,50.0
201111,충청북도,3,남자,3307,50.0
201111,충청북도,3,여자,3060,50.0
201112,경기도,1,남자,28289,58.0
201112,경기도,1,여자,26165,58.0
201112,경기도,2,남자,34216,58.0
201112,경기도,2,여자,31475,58.0
201112,경기도,3,남자,30524,58.0
201112,경기도,3,여자,29994,58.0
201112,경상남도,1,남자,8574,40.0
201112,경상남도,1,여자,7889,40.0
201112,경상남도,2,남자,9739,40.0
201112,경상남도,2,여자,8713,40.0
201112,경상남도,3,남자,9406,40.0
201112,경상남도,3,여자,8645,40.0
201112,경상북도,1,남자,5151,46.0
201112,경상북도,1,여자,4777,46.0
201112,경상북도,2,남자,6536,46.0
201112,경상북도,2,여자,5961,46.0
201112,경상북도,3,남자,6286,46.0
201112,경상북도,3,여자,5637,46.0
201112,광주광역시,1,남자,3905,35.0
201112,광주광역시,1,여자,3751,35.0
201112,광주광역시,2,남자,4945,35.0
201112,광주광역시,2,여자,4425,35.0
201112,광주광역시,3,남자,4196,35.0
201112,광주광역시,3,여자,4046,35.0
201112,대구광역시,1,남자,5255,43.0
201112,대구광역시,1,여자,4918,43.0
201112,대구광역시,2,남자,7385,43.0
201112,대구광역시,2,여자,6560,43.0
201112,대구광역시,3,남자,7792,43.0
201112,대구광역시,3,여자,6970,43.0
201112,대전광역시,1,남자,4111,43.0
201112,대전광역시,1,여자,3851,43.0
201112,대전광역시,2,남자,5132,43.0
201112,대전광역시,2,여자,4820,43.0
201112,대전광역시,3,남자,5211,43.0
201112,대전광역시,3,여자,4820,43.0
201112,부산광역시,1,남자,6762,41.0
201112,부산광역시,1,여자,6320,41.0
201112,부산광역시,2,남자,8104,41.0
201112,부산광역시,2,여자,7287,41.0
201112,부산광역시,3,남자,9339,41.0
201112,부산광역시,3,여자,8168,41.0
201112,서울특별시,1,남자,16478,46.0
201112,서울특별시,1,여자,15037,46.0
201112,서울특별시,2,남자,20291,46.0
201112,서울특별시,2,여자,18481,46.0
201112,서울특별시,3,남자,19109,46.0
201112,서울특별시,3,여자,17939,46.0
201112,세종특별자치시,1,남자,299,44.125
201112,세종특별자치시,1,여자,267,44.125
201112,세종특별자치시,2,남자,343,44.125
201112,세종특별자치시,2,여자,378,44.125
201112,세종특별자치시,3,남자,298,44.125
201112,세종특별자치시,3,여자,279,44.125
201112,울산광역시,1,남자,2645,41.0
201112,울산광역시,1,여자,2373,41.0
201112,울산광역시,2,남자,2788,41.0
201112,울산광역시,2,여자,2439,41.0
201112,울산광역시,3,남자,3230,41.0
201112,울산광역시,3,여자,2928,41.0
201112,인천광역시,1,남자,6240,50.0
201112,인천광역시,1,여자,5759,50.0
201112,인천광역시,2,남자,7259,50.0
201112,인천광역시,2,여자,6993,50.0
201112,인천광역시,3,남자,7590,50.0
201112,인천광역시,3,여자,7273,50.0
201112,전라남도,1,남자,4602,34.0
201112,전라남도,1,여자,4341,34.0
201112,전라남도,2,남자,5317,34.0
201112,전라남도,2,여자,4986,34.0
201112,전라남도,3,남자,5089,34.0
201112,전라남도,3,여자,4957,34.0
201112,전라북도,1,남자,3808,48.0
201112,전라북도,1,여자,3495,48.0
201112,전라북도,2,남자,5451,48.0
201112,전라북도,2,여자,5047,48.0
201112,전라북도,3,남자,5286,48.0
201112,전라북도,3,여자,5040,48.0
201112,제주특별자치도,1,남자,4540,36.0
201112,제주특별자치도,1,여자,4193,36.0
201112,제주특별자치도,2,남자,5953,36.0
201112,제주특별자치도,2,여자,5631,36.0
201112,제주특별자치도,3,남자,5435,36.0
201112,제주특별자치도,3,여자,5219,36.0
201112,충청남도,1,남자,5099,38.0
201112,충청남도,1,여자,4766,38.0
201112,충청남도,2,남자,5933,38.0
201112,충청남도,2,여자,5565,38.0
201112,충청남도,3,남자,4725,38.0
201112,충청남도,3,여자,4455,38.0
201112,충청북도,1,남자,3832,59.0
201112,충청북도,1,여자,3582,59.0
201112,충청북도,2,남자,4706,59.0
201112,충청북도,2,여자,4461,59.0
201112,충청북도,3,남자,4911,59.0
201112,충청북도,3,여자,4447,59.0
201201,경기도,1,남자,28520,67.0
201201,경기도,1,여자,26122,67.0
201201,경기도,2,남자,27335,67.0
201201,경기도,2,여자,23226,67.0
201201,경기도,3,남자,19959,67.0
201201,경기도,3,여자,15998,67.0
201201,경상남도,1,남자,8054,46.0
201201,경상남도,1,여자,7521,46.0
201201,경상남도,2,남자,7467,46.0
201201,경상남도,2,여자,6278,46.0
201201,경상남도,3,남자,5763,46.0
201201,경상남도,3,여자,4825,46.0
201201,경상북도,1,남자,4893,57.0
201201,경상북도,1,여자,4468,57.0
201201,경상북도,2,남자,4652,57.0
201201,경상북도,2,여자,3974,57.0
201201,경상북도,3,남자,3905,57.0
201201,경상북도,3,여자,3354,57.0
201201,광주광역시,1,남자,3753,45.0
201201,광주광역시,1,여자,3512,45.0
201201,광주광역시,2,남자,3563,45.0
201201,광주광역시,2,여자,3008,45.0
201201,광주광역시,3,남자,2858,45.0
201201,광주광역시,3,여자,2340,45.0
201201,대구광역시,1,남자,4966,51.0
201201,대구광역시,1,여자,4647,51.0
201201,대구광역시,2,남자,5273,51.0
201201,대구광역시,2,여자,4324,51.0
201201,대구광역시,3,남자,4702,51.0
201201,대구광역시,3,여자,3726,51.0
201201,대전광역시,1,남자,3609,51.0
201201,대전광역시,1,여자,3278,51.0
201201,대전광역시,2,남자,3303,51.0
201201,대전광역시,2,여자,2831,51.0
201201,대전광역시,3,남자,2908,51.0
201201,대전광역시,3,여자,2439,51.0
201201,부산광역시,1,남자,6160,45.0
201201,부산광역시,1,여자,5722,45.0
201201,부산광역시,2,남자,6005,45.0
201201,부산광역시,2,여자,5019,45.0
201201,부산광역시,3,남자,5596,45.0
201201,부산광역시,3,여자,4522,45.0
201201,서울특별시,1,남자,17032,60.0
201201,서울특별시,1,여자,15627,60.0
201201,서울특별시,2,남자,16788,60.0
201201,서울특별시,2,여자,14107,60.0
201201,서울특별시,3,남자,13350,60.0
201201,서울특별시,3,여자,10786,60.0
201201,세종특별자치시,1,남자,296,54.625
201201,세종특별자치시,1,여자,269,54.625
201201,세종특별자치시,2,남자,232,54.625
201201,세종특별자치시,2,여자,226,54.625
201201,세종특별자치시,3,남자,160,54.625
201201,세종특별자치시,3,여자,150,54.625
201201,울산광역시,1,남자,2726,48.0
201201,울산광역시,1,여자,2379,48.0
201201,울산광역시,2,남자,2467,48.0
201201,울산광역시,2,여자,1963,48.0
201201,울산광역시,3,남자,1989,48.0
201201,울산광역시,3,여자,1627,48.0
201201,인천광역시,1,남자,6498,63.0
201201,인천광역시,1,여자,5941,63.0
201201,인천광역시,2,남자,6121,63.0
201201,인천광역시,2,여자,5154,63.0
201201,인천광역시,3,남자,4539,63.0
201201,인천광역시,3,여자,3695,63.0
201201,전라남도,1,남자,4060,43.0
201201,전라남도,1,여자,3696,43.0
201201,전라남도,2,남자,3624,43.0
201201,전라남도,2,여자,3111,43.0
201201,전라남도,3,남자,3123,43.0
201201,전라남도,3,여자,2637,43.0
201201,전라북도,1,남자,3303,65.0
201201,전라북도,1,여자,3116,65.0
201201,전라북도,2,남자,3479,65.0
201201,전라북도,2,여자,3049,65.0
201201,전라북도,3,남자,3086,65.0
201201,전라북도,3,여자,2636,65.0
201201,제주특별자치도,1,남자,4353,47.0
201201,제주특별자치도,1,여자,3994,47.0
201201,제주특별자치도,2,남자,4467,47.0
201201,제주특별자치도,2,여자,3809,47.0
201201,제주특별자치도,3,남자,3304,47.0
201201,제주특별자치도,3,여자,2871,47.0
201201,충청남도,1,남자,4786,50.0
201201,충청남도,1,여자,4444,50.0
201201,충청남도,2,남자,4265,50.0
201201,충청남도,2,여자,3676,50.0
201201,충청남도,3,남자,2867,50.0
201201,충청남도,3,여자,2394,50.0
201201,충청북도,1,남자,3329,70.0
201201,충청북도,1,여자,2961,70.0
201201,충청북도,2,남자,3025,70.0
201201,충청북도,2,여자,2483,70.0
201201,충청북도,3,남자,2461,70.0
201201,충청북도,3,여자,2159,70.0
201202,경기도,1,남자,30242,58.0
201202,경기도,1,여자,27933,58.0
201202,경기도,2,남자,35065,58.0
201202,경기도,2,여자,31922,58.0
201202,경기도,3,남자,22854,58.0
201202,경기도,3,여자,20019,58.0
201202,경상남도,1,남자,8691,45.0
201202,경상남도,1,여자,8088,45.0
201202,경상남도,2,남자,11732,45.0
201202,경상남도,2,여자,10530,45.0
201202,경상남도,3,남자,7945,45.0
201202,경상남도,3,여자,6899,45.0
201202,경상북도,1,남자,5874,53.0
201202,경상북도,1,여자,5273,53.0
201202,경상북도,2,남자,7220,53.0
201202,경상북도,2,여자,6387,53.0
201202,경상북도,3,남자,5286,53.0
201202,경상북도,3,여자,4121,53.0
201202,광주광역시,1,남자,3755,40.0
201202,광주광역시,1,여자,3463,40.0
201202,광주광역시,2,남자,4569,40.0
201202,광주광역시,2,여자,4202,40.0
201202,광주광역시,3,남자,3164,40.0
201202,광주광역시,3,여자,2786,40.0
201202,대구광역시,1,남자,5682,49.0
201202,대구광역시,1,여자,5261,49.0
201202,대구광역시,2,남자,8244,49.0
201202,대구광역시,2,여자,7123,49.0
201202,대구광역시,3,남자,6291,49.0
201202,대구광역시,3,여자,4976,49.0
201202,대전광역시,1,남자,4171,45.0
201202,대전광역시,1,여자,3857,45.0
201202,대전광역시,2,남자,4574,45.0
201202,대전광역시,2,여자,4308,45.0
201202,대전광역시,3,남자,2888,45.0
201202,대전광역시,3,여자,2714,45.0
201202,부산광역시,1,남자,6391,46.0
201202,부산광역시,1,여자,6027,46.0
201202,부산광역시,2,남자,8199,46.0
201202,부산광역시,2,여자,7536,46.0
201202,부산광역시,3,남자,5903,46.0
201202,부산광역시,3,여자,5236,46.0
201202,서울특별시,1,남자,17504,50.0
201202,서울특별시,1,여자,16718,50.0
201202,서울특별시,2,남자,22433,50.0
201202,서울특별시,2,여자,20596,50.0
201202,서울특별시,3,남자,16058,50.0
201202,서울특별시,3,여자,14185,50.0
201202,세종특별자치시,1,남자,341,49.125
201202,세종특별자치시,1,여자,332,49.125
201202,세종특별자치시,2,남자,274,49.125
201202,세종특별자치시,2,여자,290,49.125
201202,세종특별자치시,3,남자,159,49.125
201202,세종특별자치시,3,여자,162,49.125
201202,울산광역시,1,남자,2837,47.0
201202,울산광역시,1,여자,2585,47.0
201202,울산광역시,2,남자,3456,47.0
201202,울산광역시,2,여자,3013,47.0
201202,울산광역시,3,남자,2746,47.0
201202,울산광역시,3,여자,2312,47.0
201202,인천광역시,1,남자,6552,56.0
201202,인천광역시,1,여자,6192,56.0
201202,인천광역시,2,남자,7404,56.0
201202,인천광역시,2,여자,6821,56.0
201202,인천광역시,3,남자,5196,56.0
201202,인천광역시,3,여자,4425,56.0
201202,전라남도,1,남자,4336,39.0
201202,전라남도,1,여자,4038,39.0
201202,전라남도,2,남자,4792,39.0
201202,전라남도,2,여자,4495,39.0
201202,전라남도,3,남자,3699,39.0
201202,전라남도,3,여자,3151,39.0
201202,전라북도,1,남자,3657,55.0
201202,전라북도,1,여자,3469,55.0
201202,전라북도,2,남자,4739,55.0
201202,전라북도,2,여자,4264,55.0
201202,전라북도,3,남자,3470,55.0
201202,전라북도,3,여자,2896,55.0
201202,제주특별자치도,1,남자,4661,38.0
201202,제주특별자치도,1,여자,4463,38.0
201202,제주특별자치도,2,남자,5863,38.0
201202,제주특별자치도,2,여자,5108,38.0
201202,제주특별자치도,3,남자,4168,38.0
201202,제주특별자치도,3,여자,3523,38.0
201202,충청남도,1,남자,5283,48.0
201202,충청남도,1,여자,4962,48.0
201202,충청남도,2,남자,5067,48.0
201202,충청남도,2,여자,4810,48.0
201202,충청남도,3,남자,2721,48.0
201202,충청남도,3,여자,2385,48.0
201202,충청북도,1,남자,3885,61.0
201202,충청북도,1,여자,3626,61.0
201202,충청북도,2,남자,4090,61.0
201202,충청북도,2,여자,3771,61.0
201202,충청북도,3,남자,2766,61.0
201202,충청북도,3,여자,2541,61.0
201203,경기도,1,남자,39969,56.0
201203,경기도,1,여자,37936,56.0
201203,경기도,2,남자,41953,56.0
201203,경기도,2,여자,40518,56.0
201203,경기도,3,남자,42540,56.0
201203,경기도,3,여자,41150,56.0
201203,경상남도,1,남자,10266,48.0
201203,경상남도,1,여자,9559,48.0
201203,경상남도,2,남자,9209,48.0
201203,경상남도,2,여자,8494,48.0
201203,경상남도,3,남자,11905,48.0
201203,경상남도,3,여자,10369,48.0
201203,경상북도,1,남자,6260,52.0
201203,경상북도,1,여자,5718,52.0
201203,경상북도,2,남자,6153,52.0
201203,경상북도,2,여자,5760,52.0
201203,경상북도,3,남자,7764,52.0
201203,경상북도,3,여자,6541,52.0
201203,광주광역시,1,남자,4916,45.0
201203,광주광역시,1,여자,4668,45.0
201203,광주광역시,2,남자,4304,45.0
201203,광주광역시,2,여자,4223,45.0
201203,광주광역시,3,남자,4615,45.0
201203,광주광역시,3,여자,4228,45.0
201203,대구광역시,1,남자,6611,48.0
201203,대구광역시,1,여자,6290,48.0
201203,대구광역시,2,남자,6680,48.0
201203,대구광역시,2,여자,6587,48.0
201203,대구광역시,3,남자,8805,48.0
201203,대구광역시,3,여자,8024,48.0
201203,대전광역시,1,남자,5653,46.0
201203,대전광역시,1,여자,5249,46.0
201203,대전광역시,2,남자,5252,46.0
201203,대전광역시,2,여자,4871,46.0
201203,대전광역시,3,남자,5595,46.0
201203,대전광역시,3,여자,5224,46.0
201203,부산광역시,1,남자,8207,47.0
201203,부산광역시,1,여자,7635,47.0
201203,부산광역시,2,남자,7747,47.0
201203,부산광역시,2,여자,7210,47.0
201203,부산광역시,3,남자,10329,47.0
201203,부산광역시,3,여자,8742,47.0
201203,서울특별시,1,남자,23224,46.0
201203,서울특별시,1,여자,21659,46.0
201203,서울특별시,2,남자,21798,46.0
201203,서울특별시,2,여자,20469,46.0
201203,서울특별시,3,남자,25265,46.0
201203,서울특별시,3,여자,22977,46.0
201203,세종특별자치시,1,남자,402,50.1875
201203,세종특별자치시,1,여자,398,50.1875
201203,세종특별자치시,2,남자,403,50.1875
201203,세종특별자치시,2,여자,424,50.1875
201203,세종특별자치시,3,남자,374,50.1875
201203,세종특별자치시,3,여자,351,50.1875
201203,울산광역시,1,남자,3623,49.0
201203,울산광역시,1,여자,3446,49.0
201203,울산광역시,2,남자,3185,49.0
201203,울산광역시,2,여자,2879,49.0
201203,울산광역시,3,남자,4684,49.0
201203,울산광역시,3,여자,3947,49.0
201203,인천광역시,1,남자,8960,55.0
201203,인천광역시,1,여자,8323,55.0
201203,인천광역시,2,남자,8967,55.0
201203,인천광역시,2,여자,8824,55.0
201203,인천광역시,3,남자,10532,55.0
201203,인천광역시,3,여자,9594,55.0
201203,전라남도,1,남자,5597,43.0
201203,전라남도,1,여자,5267,43.0
201203,전라남도,2,남자,5062,43.0
201203,전라남도,2,여자,4925,43.0
201203,전라남도,3,남자,5493,43.0
201203,전라남도,3,여자,5275,43.0
201203,전라북도,1,남자,4844,58.0
201203,전라북도,1,여자,4564,58.0
201203,전라북도,2,남자,5453,58.0
201203,전라북도,2,여자,5289,58.0
201203,전라북도,3,남자,5640,58.0
201203,전라북도,3,여자,5084,58.0
201203,제주특별자치도,1,남자,5473,44.0
201203,제주특별자치도,1,여자,5192,44.0
201203,제주특별자치도,2,남자,6779,44.0
201203,제주특별자치도,2,여자,6349,44.0
201203,제주특별자치도,3,남자,7746,44.0
201203,제주특별자치도,3,여자,7170,44.0
201203,충청남도,1,남자,6803,52.0
201203,충청남도,1,여자,6475,52.0
201203,충청남도,2,남자,6978,52.0
201203,충청남도,2,여자,6653,52.0
201203,충청남도,3,남자,6192,52.0
201203,충청남도,3,여자,5502,52.0
201203,충청북도,1,남자,4607,60.0
201203,충청북도,1,여자,4535,60.0
201203,충청북도,2,남자,4388,60.0
201203,충청북도,2,여자,4215,60.0
201203,충청북도,3,남자,4552,60.0
201203,충청북도,3,여자,4128,60.0
201204,경기도,1,남자,31094,58.0
201204,경기도,1,여자,29205,58.0
201204,경기도,2,남자,28737,58.0
201204,경기도,2,여자,27163,58.0
201204,경기도,3,남자,30430,58.0
201204,경기도,3,여자,28921,58.0
201204,경상남도,1,남자,8509,50.0
201204,경상남도,1,여자,8237,50.0
201204,경상남도,2,남자,7238,50.0
201204,경상남도,2,여자,6561,50.0
201204,경상남도,3,남자,9640,50.0
201204,경상남도,3,여자,8457,50.0
201204,경상북도,1,남자,5612,55.0
201204,경상북도,1,여자,5190,55.0
201204,경상북도,2,남자,5392,55.0
201204,경상북도,2,여자,4745,55.0
201204,경상북도,3,남자,6349,55.0
201204,경상북도,3,여자,5564,55.0
201204,광주광역시,1,남자,3861,45.0
201204,광주광역시,1,여자,3531,45.0
201204,광주광역시,2,남자,3469,45.0
201204,광주광역시,2,여자,3193,45.0
201204,광주광역시,3,남자,3974,45.0
201204,광주광역시,3,여자,3608,45.0
201204,대구광역시,1,남자,5826,50.0
201204,대구광역시,1,여자,5544,50.0
201204,대구광역시,2,남자,6353,50.0
201204,대구광역시,2,여자,5571,50.0
201204,대구광역시,3,남자,7242,50.0
201204,대구광역시,3,여자,5882,50.0
201204,대전광역시,1,남자,4105,49.0
201204,대전광역시,1,여자,3857,49.0
201204,대전광역시,2,남자,3770,49.0
201204,대전광역시,2,여자,3389,49.0
201204,대전광역시,3,남자,4382,49.0
201204,대전광역시,3,여자,3859,49.0
201204,부산광역시,1,남자,6574,53.0
201204,부산광역시,1,여자,6223,53.0
201204,부산광역시,2,남자,5886,53.0
201204,부산광역시,2,여자,5312,53.0
201204,부산광역시,3,남자,9182,53.0
201204,부산광역시,3,여자,7905,53.0
201204,서울특별시,1,남자,18472,51.0
201204,서울특별시,1,여자,17381,51.0
201204,서울특별시,2,남자,17792,51.0
201204,서울특별시,2,여자,16133,51.0
201204,서울특별시,3,남자,20198,51.0
201204,서울특별시,3,여자,18262,51.0
201204,세종특별자치시,1,남자,284,52.25
201204,세종특별자치시,1,여자,274,52.25
201204,세종특별자치시,2,남자,266,52.25
201204,세종특별자치시,2,여자,252,52.25
201204,세종특별자치시,3,남자,228,52.25
201204,세종특별자치시,3,여자,214,52.25
201204,울산광역시,1,남자,2923,59.0
201204,울산광역시,1,여자,2589,59.0
201204,울산광역시,2,남자,2404,59.0
201204,울산광역시,2,여자,2103,59.0
201204,울산광역시,3,남자,3574,59.0
201204,울산광역시,3,여자,3079,59.0
201204,인천광역시,1,남자,6888,57.0
201204,인천광역시,1,여자,6394,57.0
201204,인천광역시,2,남자,6644,57.0
201204,인천광역시,2,여자,6346,57.0
201204,인천광역시,3,남자,7448,57.0
201204,인천광역시,3,여자,7030,57.0
201204,전라남도,1,남자,4294,40.0
201204,전라남도,1,여자,4093,40.0
201204,전라남도,2,남자,3602,40.0
201204,전라남도,2,여자,3540,40.0
201204,전라남도,3,남자,4496,40.0
201204,전라남도,3,여자,4346,40.0
201204,전라북도,1,남자,3802,57.0
201204,전라북도,1,여자,3557,57.0
201204,전라북도,2,남자,4475,57.0
201204,전라북도,2,여자,4125,57.0
201204,전라북도,3,남자,4807,57.0
201204,전라북도,3,여자,4357,57.0
201204,제주특별자치도,1,남자,4668,40.0
201204,제주특별자치도,1,여자,4301,40.0
201204,제주특별자치도,2,남자,4525,40.0
201204,제주특별자치도,2,여자,4199,40.0
201204,제주특별자치도,3,남자,5712,40.0
201204,제주특별자치도,3,여자,5066,40.0
201204,충청남도,1,남자,5300,51.0
201204,충청남도,1,여자,4987,51.0
201204,충청남도,2,남자,4662,51.0
201204,충청남도,2,여자,4358,51.0
201204,충청남도,3,남자,4534,51.0
201204,충청남도,3,여자,4093,51.0
201204,충청북도,1,남자,3805,62.0
201204,충청북도,1,여자,3606,62.0
201204,충청북도,2,남자,3406,62.0
201204,충청북도,2,여자,3216,62.0
201204,충청북도,3,남자,3606,62.0
201204,충청북도,3,여자,3422,62.0
201205,경기도,1,남자,29209,63.0
201205,경기도,1,여자,27128,63.0
201205,경기도,2,남자,25289,63.0
201205,경기도,2,여자,21083,63.0
201205,경기도,3,남자,25117,63.0
201205,경기도,3,여자,22990,63.0
201205,경상남도,1,남자,7746,53.0
201205,경상남도,1,여자,7241,53.0
201205,경상남도,2,남자,6236,53.0
201205,경상남도,2,여자,5590,53.0
201205,경상남도,3,남자,6962,53.0
201205,경상남도,3,여자,6316,53.0
201205,경상북도,1,남자,5180,52.0
201205,경상북도,1,여자,4573,52.0
201205,경상북도,2,남자,4319,52.0
201205,경상북도,2,여자,3783,52.0
201205,경상북도,3,남자,4455,52.0
201205,경상북도,3,여자,4108,52.0
201205,광주광역시,1,남자,3405,56.0
201205,광주광역시,1,여자,3085,56.0
201205,광주광역시,2,남자,3104,56.0
201205,광주광역시,2,여자,2793,56.0
201205,광주광역시,3,남자,3135,56.0
201205,광주광역시,3,여자,2952,56.0
201205,대구광역시,1,남자,4920,49.0
201205,대구광역시,1,여자,4657,49.0
201205,대구광역시,2,남자,4739,49.0
201205,대구광역시,2,여자,3918,49.0
201205,대구광역시,3,남자,4981,49.0
201205,대구광역시,3,여자,4536,49.0
201205,대전광역시,1,남자,3974,53.0
201205,대전광역시,1,여자,3614,53.0
201205,대전광역시,2,남자,3291,53.0
201205,대전광역시,2,여자,2961,53.0
201205,대전광역시,3,남자,3589,53.0
201205,대전광역시,3,여자,3217,53.0
201205,부산광역시,1,남자,6145,58.0
201205,부산광역시,1,여자,5833,58.0
201205,부산광역시,2,남자,5380,58.0
201205,부산광역시,2,여자,4560,58.0
201205,부산광역시,3,남자,6322,58.0
201205,부산광역시,3,여자,5687,58.0
201205,서울특별시,1,남자,17639,52.0
201205,서울특별시,1,여자,15973,52.0
201205,서울특별시,2,남자,15554,52.0
201205,서울특별시,2,여자,13021,52.0
201205,서울특별시,3,남자,16793,52.0
201205,서울특별시,3,여자,14257,52.0
201205,세종특별자치시,1,남자,312,56.375
201205,세종특별자치시,1,여자,334,56.375
201205,세종특별자치시,2,남자,197,56.375
201205,세종특별자치시,2,여자,180,56.375
201205,세종특별자치시,3,남자,171,56.375
201205,세종특별자치시,3,여자,135,56.375
201205,울산광역시,1,남자,2701,60.0
201205,울산광역시,1,여자,2448,60.0
201205,울산광역시,2,남자,2155,60.0
201205,울산광역시,2,여자,1946,60.0
201205,울산광역시,3,남자,2612,60.0
201205,울산광역시,3,여자,2413,60.0
201205,인천광역시,1,남자,6226,64.0
201205,인천광역시,1,여자,5757,64.0
201205,인천광역시,2,남자,5306,64.0
201205,인천광역시,2,여자,4455,64.0
201205,인천광역시,3,남자,5650,64.0
201205,인천광역시,3,여자,5171,64.0
201205,전라남도,1,남자,3778,48.0
201205,전라남도,1,여자,3569,48.0
201205,전라남도,2,남자,3138,48.0
201205,전라남도,2,여자,2775,48.0
201205,전라남도,3,남자,3578,48.0
201205,전라남도,3,여자,3270,48.0
201205,전라북도,1,남자,3745,69.0
201205,전라북도,1,여자,3260,69.0
201205,전라북도,2,남자,3549,69.0
201205,전라북도,2,여자,3020,69.0
201205,전라북도,3,남자,3563,69.0
201205,전라북도,3,여자,3194,69.0
201205,제주특별자치도,1,남자,4420,49.0
201205,제주특별자치도,1,여자,4090,49.0
201205,제주특별자치도,2,남자,4237,49.0
201205,제주특별자치도,2,여자,3659,49.0
201205,제주특별자치도,3,남자,4224,49.0
201205,제주특별자치도,3,여자,3852,49.0
201205,충청남도,1,남자,4996,59.0
201205,충청남도,1,여자,4592,59.0
201205,충청남도,2,남자,3947,59.0
201205,충청남도,2,여자,3472,59.0
201205,충청남도,3,남자,3625,59.0
201205,충청남도,3,여자,3169,59.0
201205,충청북도,1,남자,3891,62.0
201205,충청북도,1,여자,3569,62.0
201205,충청북도,2,남자,2896,62.0
201205,충청북도,2,여자,2468,62.0
201205,충청북도,3,남자,3008,62.0
201205,충청북도,3,여자,2649,62.0
201206,경기도,1,남자,22200,48.0
201206,경기도,1,여자,20412,48.0
201206,경기도,2,남자,17284,48.0
201206,경기도,2,여자,15620,48.0
201206,경기도,3,남자,14216,48.0
201206,경기도,3,여자,14652,48.0
201206,경상남도,1,남자,6199,38.0
201206,경상남도,1,여자,5621,38.0
201206,경상남도,2,남자,4737,38.0
201206,경상남도,2,여자,3905,38.0
201206,경상남도,3,남자,4218,38.0
201206,경상남도,3,여자,4090,38.0
201206,경상북도,1,남자,4076,39.0
201206,경상북도,1,여자,3744,39.0
201206,경상북도,2,남자,2908,39.0
201206,경상북도,2,여자,2463,39.0
201206,경상북도,3,남자,2625,39.0
201206,경상북도,3,여자,2521,39.0
201206,광주광역시,1,남자,2645,35.0
201206,광주광역시,1,여자,2465,35.0
201206,광주광역시,2,남자,2147,35.0
201206,광주광역시,2,여자,1819,35.0
201206,광주광역시,3,남자,1935,35.0
201206,광주광역시,3,여자,1823,35.0
201206,대구광역시,1,남자,4063,37.0
201206,대구광역시,1,여자,3827,37.0
201206,대구광역시,2,남자,3363,37.0
201206,대구광역시,2,여자,2847,37.0
201206,대구광역시,3,남자,2854,37.0
201206,대구광역시,3,여자,2842,37.0
201206,대전광역시,1,남자,2858,37.0
201206,대전광역시,1,여자,2587,37.0
201206,대전광역시,2,남자,2346,37.0
201206,대전광역시,2,여자,2032,37.0
201206,대전광역시,3,남자,2166,37.0
201206,대전광역시,3,여자,2267,37.0
201206,부산광역시,1,남자,4828,38.0
201206,부산광역시,1,여자,4419,38.0
201206,부산광역시,2,남자,3699,38.0
201206,부산광역시,2,여자,3143,38.0
201206,부산광역시,3,남자,3538,38.0
201206,부산광역시,3,여자,3419,38.0
201206,서울특별시,1,남자,13334,40.0
201206,서울특별시,1,여자,12671,40.0
201206,서울특별시,2,남자,10017,40.0
201206,서울특별시,2,여자,9087,40.0
201206,서울특별시,3,남자,9171,40.0
201206,서울특별시,3,여자,9377,40.0
201206,세종특별자치시,1,남자,238,38.625
201206,세종특별자치시,1,여자,215,38.625
201206,세종특별자치시,2,남자,181,38.625
201206,세종특별자치시,2,여자,196,38.625
201206,세종특별자치시,3,남자,104,38.625
201206,세종특별자치시,3,여자,125,38.625
201206,울산광역시,1,남자,1955,40.0
201206,울산광역시,1,여자,1783,40.0
201206,울산광역시,2,남자,1419,40.0
201206,울산광역시,2,여자,1112,40.0
201206,울산광역시,3,남자,1400,40.0
201206,울산광역시,3,여자,1350,40.0
201206,인천광역시,1,남자,4824,45.0
201206,인천광역시,1,여자,4416,45.0
201206,인천광역시,2,남자,3789,45.0
201206,인천광역시,2,여자,3390,45.0
201206,인천광역시,3,남자,3272,45.0
201206,인천광역시,3,여자,3360,45.0
201206,전라남도,1,남자,2886,33.0
201206,전라남도,1,여자,2751,33.0
201206,전라남도,2,남자,2350,33.0
201206,전라남도,2,여자,2095,33.0
201206,전라남도,3,남자,2437,33.0
201206,전라남도,3,여자,2397,33.0
201206,전라북도,1,남자,2523,43.0
201206,전라북도,1,여자,2401,43.0
201206,전라북도,2,남자,2491,43.0
201206,전라북도,2,여자,2175,43.0
201206,전라북도,3,남자,2330,43.0
201206,전라북도,3,여자,2240,43.0
201206,제주특별자치도,1,남자,3200,20.0
201206,제주특별자치도,1,여자,2933,20.0
201206,제주특별자치도,2,남자,2898,20.0
201206,제주특별자치도,2,여자,2452,20.0
201206,제주특별자치도,3,남자,2655,20.0
201206,제주특별자치도,3,여자,2633,20.0
201206,충청남도,1,남자,3948,38.0
201206,충청남도,1,여자,3759,38.0
201206,충청남도,2,남자,3022,38.0
201206,충청남도,2,여자,2635,38.0
201206,충청남도,3,남자,2189,38.0
201206,충청남도,3,여자,2205,38.0
201206,충청북도,1,남자,2870,45.0
201206,충청북도,1,여자,2750,45.0
201206,충청북도,2,남자,2070,45.0
201206,충청북도,2,여자,1747,45.0
201206,충청북도,3,남자,1767,45.0
201206,충청북도,3,여자,1827,45.0
201207,경기도,1,남자,23404,34.0
201207,경기도,1,여자,21633,34.0
201207,경기도,2,남자,24124,34.0
201207,경기도,2,여자,21544,34.0
201207,경기도,3,남자,13459,34.0
201207,경기도,3,여자,12566,34.0
201207,경상남도,1,남자,6236,36.0
201207,경상남도,1,여자,5795,36.0
201207,경상남도,2,남자,5621,36.0
201207,경상남도,2,여자,5021,36.0
201207,경상남도,3,남자,3498,36.0
201207,경상남도,3,여자,3249,36.0
201207,경상북도,1,남자,3792,37.0
201207,경상북도,1,여자,3296,37.0
201207,경상북도,2,남자,3699,37.0
201207,경상북도,2,여자,3270,37.0
201207,경상북도,3,남자,2425,37.0
201207,경상북도,3,여자,2275,37.0
201207,광주광역시,1,남자,2922,24.0
201207,광주광역시,1,여자,2731,24.0
201207,광주광역시,2,남자,2928,24.0
201207,광주광역시,2,여자,2606,24.0
201207,광주광역시,3,남자,1779,24.0
201207,광주광역시,3,여자,1654,24.0
201207,대구광역시,1,남자,3995,34.0
201207,대구광역시,1,여자,3680,34.0
201207,대구광역시,2,남자,4755,34.0
201207,대구광역시,2,여자,3965,34.0
201207,대구광역시,3,남자,2931,34.0
201207,대구광역시,3,여자,2619,34.0
201207,대전광역시,1,남자,3026,27.0
201207,대전광역시,1,여자,2711,27.0
201207,대전광역시,2,남자,3053,27.0
201207,대전광역시,2,여자,2767,27.0
201207,대전광역시,3,남자,1807,27.0
201207,대전광역시,3,여자,1624,27.0
201207,부산광역시,1,남자,4807,40.0
201207,부산광역시,1,여자,4367,40.0
201207,부산광역시,2,남자,5042,40.0
201207,부산광역시,2,여자,4297,40.0
201207,부산광역시,3,남자,3291,40.0
201207,부산광역시,3,여자,2861,40.0
201207,서울특별시,1,남자,13472,28.0
201207,서울특별시,1,여자,12315,28.0
201207,서울특별시,2,남자,14598,28.0
201207,서울특별시,2,여자,12503,28.0
201207,서울특별시,3,남자,8447,28.0
201207,서울특별시,3,여자,8069,28.0
201207,세종특별자치시,1,남자,255,31.6875
201207,세종특별자치시,1,여자,226,31.6875
201207,세종특별자치시,2,남자,241,31.6875
201207,세종특별자치시,2,여자,228,31.6875
201207,세종특별자치시,3,남자,109,31.6875
201207,세종특별자치시,3,여자,102,31.6875
201207,울산광역시,1,남자,2024,49.0
201207,울산광역시,1,여자,1818,49.0
201207,울산광역시,2,남자,1791,49.0
201207,울산광역시,2,여자,1457,49.0
201207,울산광역시,3,남자,1404,49.0
201207,울산광역시,3,여자,1189,49.0
201207,인천광역시,1,남자,5436,30.0
201207,인천광역시,1,여자,5143,30.0
201207,인천광역시,2,남자,5345,30.0
201207,인천광역시,2,여자,4844,30.0
201207,인천광역시,3,남자,3223,30.0
201207,인천광역시,3,여자,3034,30.0
201207,전라남도,1,남자,3058,28.0
201207,전라남도,1,여자,2691,28.0
201207,전라남도,2,남자,2694,28.0
201207,전라남도,2,여자,2425,28.0
201207,전라남도,3,남자,1974,28.0
201207,전라남도,3,여자,1805,28.0
201207,전라북도,1,남자,2776,28.0
201207,전라북도,1,여자,2593,28.0
201207,전라북도,2,남자,3116,28.0
201207,전라북도,2,여자,2823,28.0
201207,전라북도,3,남자,2066,28.0
201207,전라북도,3,여자,2023,28.0
201207,제주특별자치도,1,남자,2901,20.0
201207,제주특별자치도,1,여자,2743,20.0
201207,제주특별자치도,2,남자,3555,20.0
201207,제주특별자치도,2,여자,2988,20.0
201207,제주특별자치도,3,남자,2345,20.0
201207,제주특별자치도,3,여자,2172,20.0
201207,충청남도,1,남자,4007,25.0
201207,충청남도,1,여자,3612,25.0
201207,충청남도,2,남자,3878,25.0
201207,충청남도,2,여자,3495,25.0
201207,충청남도,3,남자,2013,25.0
201207,충청남도,3,여자,1911,25.0
201207,충청북도,1,남자,2754,34.0
201207,충청북도,1,여자,2493,34.0
201207,충청북도,2,남자,2658,34.0
201207,충청북도,2,여자,2252,34.0
201207,충청북도,3,남자,1544,34.0
201207,충청북도,3,여자,1467,34.0
201208,경기도,1,남자,27554,28.0
201208,경기도,1,여자,25353,28.0
201208,경기도,2,남자,30325,28.0
201208,경기도,2,여자,24472,28.0
201208,경기도,3,남자,18608,28.0
201208,경기도,3,여자,14627,28.0
201208,경상남도,1,남자,8059,29.0
201208,경상남도,1,여자,7364,29.0
201208,경상남도,2,남자,7089,29.0
201208,경상남도,2,여자,6062,29.0
201208,경상남도,3,남자,3859,29.0
201208,경상남도,3,여자,3248,29.0
201208,경상북도,1,남자,4508,29.0
201208,경상북도,1,여자,4089,29.0
201208,경상북도,2,남자,4818,29.0
201208,경상북도,2,여자,3611,29.0
201208,경상북도,3,남자,3018,29.0
201208,경상북도,3,여자,2241,29.0
201208,광주광역시,1,남자,3891,22.0
201208,광주광역시,1,여자,3449,22.0
201208,광주광역시,2,남자,3659,22.0
201208,광주광역시,2,여자,3006,22.0
201208,광주광역시,3,남자,2235,22.0
201208,광주광역시,3,여자,1774,22.0
201208,대구광역시,1,남자,4765,27.0
201208,대구광역시,1,여자,4360,27.0
201208,대구광역시,2,남자,5766,27.0
201208,대구광역시,2,여자,4707,27.0
201208,대구광역시,3,남자,3312,27.0
201208,대구광역시,3,여자,2525,27.0
201208,대전광역시,1,남자,3544,19.0
201208,대전광역시,1,여자,3114,19.0
201208,대전광역시,2,남자,3776,19.0
201208,대전광역시,2,여자,3115,19.0
201208,대전광역시,3,남자,2405,19.0
201208,대전광역시,3,여자,1973,19.0
201208,부산광역시,1,남자,5936,34.0
201208,부산광역시,1,여자,5752,34.0
201208,부산광역시,2,남자,5964,34.0
201208,부산광역시,2,여자,5148,34.0
201208,부산광역시,3,남자,3505,34.0
201208,부산광역시,3,여자,2868,34.0
201208,서울특별시,1,남자,15146,22.0
201208,서울특별시,1,여자,13990,22.0
201208,서울특별시,2,남자,16792,22.0
201208,서울특별시,2,여자,13577,22.0
201208,서울특별시,3,남자,10874,22.0
201208,서울특별시,3,여자,8749,22.0
201208,세종특별자치시,1,남자,268,25.75
201208,세종특별자치시,1,여자,265,25.75
201208,세종특별자치시,2,남자,312,25.75
201208,세종특별자치시,2,여자,283,25.75
201208,세종특별자치시,3,남자,155,25.75
201208,세종특별자치시,3,여자,121,25.75
201208,울산광역시,1,남자,2461,36.0
201208,울산광역시,1,여자,2181,36.0
201208,울산광역시,2,남자,2390,36.0
201208,울산광역시,2,여자,1839,36.0
201208,울산광역시,3,남자,1435,36.0
201208,울산광역시,3,여자,1086,36.0
201208,인천광역시,1,남자,6076,28.0
201208,인천광역시,1,여자,5853,28.0
201208,인천광역시,2,남자,6501,28.0
201208,인천광역시,2,여자,5230,28.0
201208,인천광역시,3,남자,4024,28.0
201208,인천광역시,3,여자,3333,28.0
201208,전라남도,1,남자,3911,25.0
201208,전라남도,1,여자,3767,25.0
201208,전라남도,2,남자,3603,25.0
201208,전라남도,2,여자,2973,25.0
201208,전라남도,3,남자,2338,25.0
201208,전라남도,3,여자,1911,25.0
201208,전라북도,1,남자,3378,25.0
201208,전라북도,1,여자,2958,25.0
201208,전라북도,2,남자,3852,25.0
201208,전라북도,2,여자,3203,25.0
201208,전라북도,3,남자,2459,25.0
201208,전라북도,3,여자,2048,25.0
201208,제주특별자치도,1,남자,3977,19.0
201208,제주특별자치도,1,여자,3609,19.0
201208,제주특별자치도,2,남자,4575,19.0
201208,제주특별자치도,2,여자,3616,19.0
201208,제주특별자치도,3,남자,2875,19.0
201208,제주특별자치도,3,여자,2341,19.0
201208,충청남도,1,남자,4802,23.0
201208,충청남도,1,여자,4431,23.0
201208,충청남도,2,남자,4670,23.0
201208,충청남도,2,여자,3756,23.0
201208,충청남도,3,남자,2774,23.0
201208,충청남도,3,여자,2172,23.0
201208,충청북도,1,남자,3173,21.0
201208,충청북도,1,여자,2905,21.0
201208,충청북도,2,남자,3205,21.0
201208,충청북도,2,여자,2579,21.0
201208,충청북도,3,남자,2071,21.0
201208,충청북도,3,여자,1584,21.0
201209,경기도,1,남자,42163,36.0
201209,경기도,1,여자,39557,36.0
201209,경기도,2,남자,58122,36.0
201209,경기도,2,여자,52442,36.0
201209,경기도,3,남자,50626,36.0
201209,경기도,3,여자,49556,36.0
201209,경상남도,1,남자,11703,33.0
201209,경상남도,1,여자,10610,33.0
201209,경상남도,2,남자,14097,33.0
201209,경상남도,2,여자,12235,33.0
201209,경상남도,3,남자,11381,33.0
201209,경상남도,3,여자,10462,33.0
201209,경상북도,1,남자,8223,32.0
201209,경상북도,1,여자,7463,32.0
201209,경상북도,2,남자,9757,32.0
201209,경상북도,2,여자,8608,32.0
201209,경상북도,3,남자,7882,32.0
201209,경상북도,3,여자,6899,32.0
201209,광주광역시,1,남자,5918,32.0
201209,광주광역시,1,여자,5612,32.0
201209,광주광역시,2,남자,7862,32.0
201209,광주광역시,2,여자,7034,32.0
201209,광주광역시,3,남자,7018,32.0
201209,광주광역시,3,여자,6885,32.0
201209,대구광역시,1,남자,8182,31.0
201209,대구광역시,1,여자,7755,31.0
201209,대구광역시,2,남자,11518,31.0
201209,대구광역시,2,여자,9961,31.0
201209,대구광역시,3,남자,10003,31.0
201209,대구광역시,3,여자,8533,31.0
201209,대전광역시,1,남자,6432,28.0
201209,대전광역시,1,여자,6019,28.0
201209,대전광역시,2,남자,8151,28.0
201209,대전광역시,2,여자,7315,28.0
201209,대전광역시,3,남자,7509,28.0
201209,대전광역시,3,여자,7096,28.0
201209,부산광역시,1,남자,8291,35.0
201209,부산광역시,1,여자,7673,35.0
201209,부산광역시,2,남자,10948,35.0
201209,부산광역시,2,여자,9424,35.0
201209,부산광역시,3,남자,9705,35.0
201209,부산광역시,3,여자,8730,35.0
201209,서울특별시,1,남자,24357,27.0
201209,서울특별시,1,여자,22363,27.0
201209,서울특별시,2,남자,32835,27.0
201209,서울특별시,2,여자,28853,27.0
201209,서울특별시,3,남자,28554,27.0
201209,서울특별시,3,여자,27687,27.0
201209,세종특별자치시,1,남자,440,32.5
201209,세종특별자치시,1,여자,436,32.5
201209,세종특별자치시,2,남자,561,32.5
201209,세종특별자치시,2,여자,536,32.5
201209,세종특별자치시,3,남자,432,32.5
201209,세종특별자치시,3,여자,406,32.5
201209,울산광역시,1,남자,3938,36.0
201209,울산광역시,1,여자,3721,36.0
201209,울산광역시,2,남자,4796,36.0
201209,울산광역시,2,여자,4080,36.0
201209,울산광역시,3,남자,4328,36.0
201209,울산광역시,3,여자,3799,36.0
201209,인천광역시,1,남자,8861,35.0
201209,인천광역시,1,여자,8242,35.0
201209,인천광역시,2,남자,12350,35.0
201209,인천광역시,2,여자,10995,35.0
201209,인천광역시,3,남자,10923,35.0
201209,인천광역시,3,여자,10775,35.0
201209,전라남도,1,남자,5688,30.0
201209,전라남도,1,여자,5456,30.0
201209,전라남도,2,남자,6761,30.0
201209,전라남도,2,여자,6211,30.0
201209,전라남도,3,남자,5928,30.0
201209,전라남도,3,여자,5643,30.0
201209,전라북도,1,남자,5782,40.0
201209,전라북도,1,여자,5388,40.0
201209,전라북도,2,남자,7734,40.0
201209,전라북도,2,여자,7018,40.0
201209,전라북도,3,남자,6943,40.0
201209,전라북도,3,여자,6825,40.0
201209,제주특별자치도,1,남자,5934,29.0
201209,제주특별자치도,1,여자,5425,29.0
201209,제주특별자치도,2,남자,7751,29.0
201209,제주특별자치도,2,여자,6967,29.0
201209,제주특별자치도,3,남자,6652,29.0
201209,제주특별자치도,3,여자,6570,29.0
201209,충청남도,1,남자,7596,33.0
201209,충청남도,1,여자,7180,33.0
201209,충청남도,2,남자,9422,33.0
201209,충청남도,2,여자,8481,33.0
201209,충청남도,3,남자,7447,33.0
201209,충청남도,3,여자,7068,33.0
201209,충청북도,1,남자,5365,34.0
201209,충청북도,1,여자,4940,34.0
201209,충청북도,2,남자,7056,34.0
201209,충청북도,2,여자,6069,34.0
201209,충청북도,3,남자,6319,34.0
201209,충청북도,3,여자,5932,34.0
201210,경기도,1,남자,34019,42.0
201210,경기도,1,여자,32077,42.0
201210,경기도,2,남자,35831,42.0
201210,경기도,2,여자,32660,42.0
201210,경기도,3,남자,22889,42.0
201210,경기도,3,여자,20815,42.0
201210,경상남도,1,남자,10382,41.0
201210,경상남도,1,여자,9718,41.0
201210,경상남도,2,남자,10427,41.0
201210,경상남도,2,여자,9211,41.0
201210,경상남도,3,남자,7320,41.0
201210,경상남도,3,여자,6788,41.0
201210,경상북도,1,남자,6794,43.0
201210,경상북도,1,여자,6348,43.0
201210,경상북도,2,남자,7229,43.0
201210,경상북도,2,여자,6490,43.0
201210,경상북도,3,남자,5131,43.0
201210,경상북도,3,여자,4639,43.0
201210,광주광역시,1,남자,4454,39.0
201210,광주광역시,1,여자,4121,39.0
201210,광주광역시,2,남자,4778,39.0
201210,광주광역시,2,여자,4286,39.0
201210,광주광역시,3,남자,3419,39.0
201210,광주광역시,3,여자,3219,39.0
201210,대구광역시,1,남자,6890,43.0
201210,대구광역시,1,여자,6380,43.0
201210,대구광역시,2,남자,8231,43.0
201210,대구광역시,2,여자,7408,43.0
201210,대구광역시,3,남자,6122,43.0
201210,대구광역시,3,여자,5549,43.0
201210,대전광역시,1,남자,4567,33.0
201210,대전광역시,1,여자,4256,33.0
201210,대전광역시,2,남자,4746,33.0
201210,대전광역시,2,여자,4337,33.0
201210,대전광역시,3,남자,3349,33.0
201210,대전광역시,3,여자,3029,33.0
201210,부산광역시,1,남자,7836,42.0
201210,부산광역시,1,여자,7350,42.0
201210,부산광역시,2,남자,8378,42.0
201210,부산광역시,2,여자,7514,42.0
201210,부산광역시,3,남자,6572,42.0
201210,부산광역시,3,여자,5760,42.0
201210,서울특별시,1,남자,19837,33.0
201210,서울특별시,1,여자,18809,33.0
201210,서울특별시,2,남자,21989,33.0
201210,서울특별시,2,여자,19216,33.0
201210,서울특별시,3,남자,15307,33.0
201210,서울특별시,3,여자,13579,33.0
201210,세종특별자치시,1,남자,391,39.6875
201210,세종특별자치시,1,여자,372,39.6875
201210,세종특별자치시,2,남자,386,39.6875
201210,세종특별자치시,2,여자,369,39.6875
201210,세종특별자치시,3,남자,204,39.6875
201210,세종특별자치시,3,여자,200,39.6875
201210,울산광역시,1,남자,3494,44.0
201210,울산광역시,1,여자,3219,44.0
201210,울산광역시,2,남자,3498,44.0
201210,울산광역시,2,여자,3138,44.0
201210,울산광역시,3,남자,2732,44.0
201210,울산광역시,3,여자,2597,44.0
201210,인천광역시,1,남자,7427,40.0
201210,인천광역시,1,여자,6883,40.0
201210,인천광역시,2,남자,7913,40.0
201210,인천광역시,2,여자,7229,40.0
201210,인천광역시,3,남자,5347,40.0
201210,인천광역시,3,여자,4980,40.0
201210,전라남도,1,남자,4799,35.0
201210,전라남도,1,여자,4715,35.0
201210,전라남도,2,남자,5076,35.0
201210,전라남도,2,여자,4879,35.0
201210,전라남도,3,남자,4147,35.0
201210,전라남도,3,여자,3967,35.0
201210,전라북도,1,남자,4727,44.0
201210,전라북도,1,여자,4354,44.0
201210,전라북도,2,남자,5347,44.0
201210,전라북도,2,여자,4786,44.0
201210,전라북도,3,남자,3789,44.0
201210,전라북도,3,여자,3568,44.0
201210,제주특별자치도,1,남자,4719,36.0
201210,제주특별자치도,1,여자,4426,36.0
201210,제주특별자치도,2,남자,5724,36.0
201210,제주특별자치도,2,여자,5086,36.0
201210,제주특별자치도,3,남자,4212,36.0
201210,제주특별자치도,3,여자,3854,36.0
201210,충청남도,1,남자,5620,35.0
201210,충청남도,1,여자,5258,35.0
201210,충청남도,2,남자,5732,35.0
201210,충청남도,2,여자,5201,35.0
201210,충청남도,3,남자,3401,35.0
201210,충청남도,3,여자,3178,35.0
201210,충청북도,1,남자,4129,45.0
201210,충청북도,1,여자,3956,45.0
201210,충청북도,2,남자,4203,45.0
201210,충청북도,2,여자,3787,45.0
201210,충청북도,3,남자,2903,45.0
201210,충청북도,3,여자,2551,45.0
201211,경기도,1,남자,28925,52.0
201211,경기도,1,여자,27548,52.0
201211,경기도,2,남자,33715,52.0
201211,경기도,2,여자,32906,52.0
201211,경기도,3,남자,29549,52.0
201211,경기도,3,여자,30588,52.0
201211,경상남도,1,남자,8046,47.0
201211,경상남도,1,여자,7738,47.0
201211,경상남도,2,남자,8482,47.0
201211,경상남도,2,여자,8262,47.0
201211,경상남도,3,남자,7560,47.0
201211,경상남도,3,여자,7110,47.0
201211,경상북도,1,남자,5187,50.0
201211,경상북도,1,여자,4865,50.0
201211,경상북도,2,남자,5558,50.0
201211,경상북도,2,여자,5192,50.0
201211,경상북도,3,남자,4817,50.0
201211,경상북도,3,여자,4650,50.0
201211,광주광역시,1,남자,3332,43.0
201211,광주광역시,1,여자,3242,43.0
201211,광주광역시,2,남자,4169,43.0
201211,광주광역시,2,여자,4072,43.0
201211,광주광역시,3,남자,3666,43.0
201211,광주광역시,3,여자,3565,43.0
201211,대구광역시,1,남자,4937,48.0
201211,대구광역시,1,여자,4734,48.0
201211,대구광역시,2,남자,6125,48.0
201211,대구광역시,2,여자,5996,48.0
201211,대구광역시,3,남자,6057,48.0
201211,대구광역시,3,여자,5747,48.0
201211,대전광역시,1,남자,3940,44.0
201211,대전광역시,1,여자,3760,44.0
201211,대전광역시,2,남자,4221,44.0
201211,대전광역시,2,여자,4215,44.0
201211,대전광역시,3,남자,4120,44.0
201211,대전광역시,3,여자,3859,44.0
201211,부산광역시,1,남자,6358,47.0
201211,부산광역시,1,여자,6060,47.0
201211,부산광역시,2,남자,7103,47.0
201211,부산광역시,2,여자,6603,47.0
201211,부산광역시,3,남자,6610,47.0
201211,부산광역시,3,여자,6143,47.0
201211,서울특별시,1,남자,17482,42.0
201211,서울특별시,1,여자,16538,42.0
201211,서울특별시,2,남자,20217,42.0
201211,서울특별시,2,여자,19353,42.0
201211,서울특별시,3,남자,18794,42.0
201211,서울특별시,3,여자,18571,42.0
201211,세종특별자치시,1,남자,367,46.9375
201211,세종특별자치시,1,여자,363,46.9375
201211,세종특별자치시,2,남자,360,46.9375
201211,세종특별자치시,2,여자,401,46.9375
201211,세종특별자치시,3,남자,231,46.9375
201211,세종특별자치시,3,여자,234,46.9375
201211,울산광역시,1,남자,2728,45.0
201211,울산광역시,1,여자,2428,45.0
201211,울산광역시,2,남자,2655,45.0
201211,울산광역시,2,여자,2464,45.0
201211,울산광역시,3,남자,2718,45.0
201211,울산광역시,3,여자,2395,45.0
201211,인천광역시,1,남자,6610,49.0
201211,인천광역시,1,여자,6189,49.0
201211,인천광역시,2,남자,7648,49.0
201211,인천광역시,2,여자,7645,49.0
201211,인천광역시,3,남자,7570,49.0
201211,인천광역시,3,여자,7375,49.0
201211,전라남도,1,남자,3863,40.0
201211,전라남도,1,여자,3671,40.0
201211,전라남도,2,남자,4239,40.0
201211,전라남도,2,여자,4180,40.0
201211,전라남도,3,남자,3911,40.0
201211,전라남도,3,여자,3927,40.0
201211,전라북도,1,남자,3669,52.0
201211,전라북도,1,여자,3386,52.0
201211,전라북도,2,남자,4621,52.0
201211,전라북도,2,여자,4550,52.0
201211,전라북도,3,남자,4596,52.0
201211,전라북도,3,여자,4480,52.0
201211,제주특별자치도,1,남자,4278,40.0
201211,제주특별자치도,1,여자,4032,40.0
201211,제주특별자치도,2,남자,5327,40.0
201211,제주특별자치도,2,여자,4970,40.0
201211,제주특별자치도,3,남자,4816,40.0
201211,제주특별자치도,3,여자,4827,40.0
201211,충청남도,1,남자,4681,41.0
201211,충청남도,1,여자,4353,41.0
201211,충청남도,2,남자,5010,41.0
201211,충청남도,2,여자,5036,41.0
201211,충청남도,3,남자,3801,41.0
201211,충청남도,3,여자,3690,41.0
201211,충청북도,1,남자,3598,59.0
201211,충청북도,1,여자,3439,59.0
201211,충청북도,2,남자,3871,59.0
201211,충청북도,2,여자,3785,59.0
201211,충청북도,3,남자,3474,59.0
201211,충청북도,3,여자,3403,59.0
201212,경기도,1,남자,24922,50.0
201212,경기도,1,여자,23391,50.0
201212,경기도,2,남자,26794,50.0
201212,경기도,2,여자,25243,50.0
201212,경기도,3,남자,23196,50.0
201212,경기도,3,여자,21985,50.0
201212,경상남도,1,남자,7271,39.0
201212,경상남도,1,여자,6854,39.0
201212,경상남도,2,남자,7615,39.0
201212,경상남도,2,여자,6786,39.0
201212,경상남도,3,남자,6314,39.0
201212,경상남도,3,여자,6090,39.0
201212,경상북도,1,남자,4293,43.0
201212,경상북도,1,여자,3893,43.0
201212,경상북도,2,남자,4654,43.0
201212,경상북도,2,여자,4226,43.0
201212,경상북도,3,남자,3768,43.0
201212,경상북도,3,여자,3359,43.0
201212,광주광역시,1,남자,3222,31.0
201212,광주광역시,1,여자,2958,31.0
201212,광주광역시,2,남자,3546,31.0
201212,광주광역시,2,여자,3240,31.0
201212,광주광역시,3,남자,3024,31.0
201212,광주광역시,3,여자,2824,31.0
201212,대구광역시,1,남자,4256,43.0
201212,대구광역시,1,여자,3941,43.0
201212,대구광역시,2,남자,5153,43.0
201212,대구광역시,2,여자,4685,43.0
201212,대구광역시,3,남자,5217,43.0
201212,대구광역시,3,여자,4584,43.0
201212,대전광역시,1,남자,3156,38.0
201212,대전광역시,1,여자,2994,38.0
201212,대전광역시,2,남자,3701,38.0
201212,대전광역시,2,여자,3315,38.0
201212,대전광역시,3,남자,3592,38.0
201212,대전광역시,3,여자,3189,38.0
201212,부산광역시,1,남자,5872,36.0
201212,부산광역시,1,여자,5437,36.0
201212,부산광역시,2,남자,5722,36.0
201212,부산광역시,2,여자,5158,36.0
201212,부산광역시,3,남자,5148,36.0
201212,부산광역시,3,여자,4627,36.0
201212,서울특별시,1,남자,14289,41.0
201212,서울특별시,1,여자,13448,41.0
201212,서울특별시,2,남자,15837,41.0
201212,서울특별시,2,여자,14500,41.0
201212,서울특별시,3,남자,15107,41.0
201212,서울특별시,3,여자,13517,41.0
201212,세종특별자치시,1,남자,250,40.375
201212,세종특별자치시,1,여자,244,40.375
201212,세종특별자치시,2,남자,327,40.375
201212,세종특별자치시,2,여자,266,40.375
201212,세종특별자치시,3,남자,190,40.375
201212,세종특별자치시,3,여자,262,40.375
201212,울산광역시,1,남자,2481,34.0
201212,울산광역시,1,여자,2303,34.0
201212,울산광역시,2,남자,2358,34.0
201212,울산광역시,2,여자,2104,34.0
201212,울산광역시,3,남자,2117,34.0
201212,울산광역시,3,여자,1919,34.0
201212,인천광역시,1,남자,5571,46.0
201212,인천광역시,1,여자,5361,46.0
201212,인천광역시,2,남자,6050,46.0
201212,인천광역시,2,여자,5555,46.0
201212,인천광역시,3,남자,6154,46.0
201212,인천광역시,3,여자,5927,46.0
201212,전라남도,1,남자,3439,28.0
201212,전라남도,1,여자,3345,28.0
201212,전라남도,2,남자,3686,28.0
201212,전라남도,2,여자,3406,28.0
201212,전라남도,3,남자,3279,28.0
201212,전라남도,3,여자,3203,28.0
201212,전라북도,1,남자,2923,46.0
201212,전라북도,1,여자,2725,46.0
201212,전라북도,2,남자,3589,46.0
201212,전라북도,2,여자,3436,46.0
201212,전라북도,3,남자,3227,46.0
201212,전라북도,3,여자,3059,46.0
201212,제주특별자치도,1,남자,3831,25.0
201212,제주특별자치도,1,여자,3559,25.0
201212,제주특별자치도,2,남자,4564,25.0
201212,제주특별자치도,2,여자,4288,25.0
201212,제주특별자치도,3,남자,4248,25.0
201212,제주특별자치도,3,여자,4105,25.0
201212,충청남도,1,남자,3954,37.0
201212,충청남도,1,여자,3692,37.0
201212,충청남도,2,남자,4303,37.0
201212,충청남도,2,여자,3935,37.0
201212,충청남도,3,남자,3120,37.0
201212,충청남도,3,여자,2798,37.0
201212,충청북도,1,남자,3001,60.0
201212,충청북도,1,여자,2773,60.0
201212,충청북도,2,남자,3185,60.0
201212,충청북도,2,여자,2977,60.0
201212,충청북도,3,남자,2823,60.0
201212,충청북도,3,여자,2656,60.0
201301,경기도,1,남자,28414,72.0
201301,경기도,1,여자,26174,72.0
201301,경기도,2,남자,26817,72.0
201301,경기도,2,여자,24030,72.0
201301,경기도,3,남자,18034,72.0
201301,경기도,3,여자,15156,72.0
201301,경상남도,1,남자,7331,61.0
201301,경상남도,1,여자,6854,61.0
201301,경상남도,2,남자,6448,61.0
201301,경상남도,2,여자,5745,61.0
201301,경상남도,3,남자,4565,61.0
201301,경상남도,3,여자,4116,61.0
201301,경상북도,1,남자,5034,66.0
201301,경상북도,1,여자,4489,66.0
201301,경상북도,2,남자,4597,66.0
201301,경상북도,2,여자,3903,66.0
201301,경상북도,3,남자,3476,66.0
201301,경상북도,3,여자,2798,66.0
201301,광주광역시,1,남자,3388,52.0
201301,광주광역시,1,여자,3062,52.0
201301,광주광역시,2,남자,3232,52.0
201301,광주광역시,2,여자,2840,52.0
201301,광주광역시,3,남자,2725,52.0
201301,광주광역시,3,여자,2309,52.0
201301,대구광역시,1,남자,5007,65.0
201301,대구광역시,1,여자,4626,65.0
201301,대구광역시,2,남자,5360,65.0
201301,대구광역시,2,여자,4611,65.0
201301,대구광역시,3,남자,3989,65.0
201301,대구광역시,3,여자,3305,65.0
201301,대전광역시,1,남자,3656,58.0
201301,대전광역시,1,여자,3327,58.0
201301,대전광역시,2,남자,3453,58.0
201301,대전광역시,2,여자,3142,58.0
201301,대전광역시,3,남자,2872,58.0
201301,대전광역시,3,여자,2382,58.0
201301,부산광역시,1,남자,5930,56.0
201301,부산광역시,1,여자,5600,56.0
201301,부산광역시,2,남자,5346,56.0
201301,부산광역시,2,여자,4670,56.0
201301,부산광역시,3,남자,4167,56.0
201301,부산광역시,3,여자,3682,56.0
201301,서울특별시,1,남자,16094,64.0
201301,서울특별시,1,여자,15117,64.0
201301,서울특별시,2,남자,15668,64.0
201301,서울특별시,2,여자,13870,64.0
201301,서울특별시,3,남자,11857,64.0
201301,서울특별시,3,여자,10385,64.0
201301,세종특별자치시,1,남자,354,61.4375
201301,세종특별자치시,1,여자,314,61.4375
201301,세종특별자치시,2,남자,291,61.4375
201301,세종특별자치시,2,여자,295,61.4375
201301,세종특별자치시,3,남자,186,61.4375
201301,세종특별자치시,3,여자,144,61.4375
201301,울산광역시,1,남자,2707,54.0
201301,울산광역시,1,여자,2405,54.0
201301,울산광역시,2,남자,2267,54.0
201301,울산광역시,2,여자,1910,54.0
201301,울산광역시,3,남자,1731,54.0
201301,울산광역시,3,여자,1477,54.0
201301,인천광역시,1,남자,6172,63.0
201301,인천광역시,1,여자,5875,63.0
201301,인천광역시,2,남자,5841,63.0
201301,인천광역시,2,여자,5232,63.0
201301,인천광역시,3,남자,3913,63.0
201301,인천광역시,3,여자,3589,63.0
201301,전라남도,1,남자,3549,48.0
201301,전라남도,1,여자,3272,48.0
201301,전라남도,2,남자,3153,48.0
201301,전라남도,2,여자,2885,48.0
201301,전라남도,3,남자,2713,48.0
201301,전라남도,3,여자,2422,48.0
201301,전라북도,1,남자,3428,72.0
201301,전라북도,1,여자,3143,72.0
201301,전라북도,2,남자,3758,72.0
201301,전라북도,2,여자,3372,72.0
201301,전라북도,3,남자,2696,72.0
201301,전라북도,3,여자,2442,72.0
201301,제주특별자치도,1,남자,3832,42.0
201301,제주특별자치도,1,여자,3639,42.0
201301,제주특별자치도,2,남자,4121,42.0
201301,제주특별자치도,2,여자,3609,42.0
201301,제주특별자치도,3,남자,3015,42.0
201301,제주특별자치도,3,여자,2623,42.0
201301,충청남도,1,남자,4950,53.0
201301,충청남도,1,여자,4662,53.0
201301,충청남도,2,남자,4323,53.0
201301,충청남도,2,여자,3923,53.0
201301,충청남도,3,남자,2581,53.0
201301,충청남도,3,여자,2223,53.0
201301,충청북도,1,남자,3214,85.0
201301,충청북도,1,여자,2933,85.0
201301,충청북도,2,남자,2935,85.0
201301,충청북도,2,여자,2536,85.0
201301,충청북도,3,남자,2342,85.0
201301,충청북도,3,여자,2060,85.0
201302,경기도,1,남자,32731,53.0
201302,경기도,1,여자,30702,53.0
201302,경기도,2,남자,36861,53.0
201302,경기도,2,여자,34066,53.0
201302,경기도,3,남자,23145,53.0
201302,경기도,3,여자,21102,53.0
201302,경상남도,1,남자,9411,48.0
201302,경상남도,1,여자,8861,48.0
201302,경상남도,2,남자,11281,48.0
201302,경상남도,2,여자,10341,48.0
201302,경상남도,3,남자,8906,48.0
201302,경상남도,3,여자,7732,48.0
201302,경상북도,1,남자,6287,52.0
201302,경상북도,1,여자,5672,52.0
201302,경상북도,2,남자,7239,52.0
201302,경상북도,2,여자,6496,52.0
201302,경상북도,3,남자,5048,52.0
201302,경상북도,3,여자,4231,52.0
201302,광주광역시,1,남자,4402,40.0
201302,광주광역시,1,여자,4078,40.0
201302,광주광역시,2,남자,5269,40.0
201302,광주광역시,2,여자,4879,40.0
201302,광주광역시,3,남자,4457,40.0
201302,광주광역시,3,여자,3834,40.0
201302,대구광역시,1,남자,5962,50.0
201302,대구광역시,1,여자,5616,50.0
201302,대구광역시,2,남자,7676,50.0
201302,대구광역시,2,여자,6940,50.0
201302,대구광역시,3,남자,5447,50.0
201302,대구광역시,3,여자,4594,50.0
201302,대전광역시,1,남자,4402,47.0
201302,대전광역시,1,여자,3993,47.0
201302,대전광역시,2,남자,5069,47.0
201302,대전광역시,2,여자,4747,47.0
201302,대전광역시,3,남자,3350,47.0
201302,대전광역시,3,여자,3042,47.0
201302,부산광역시,1,남자,7141,47.0
201302,부산광역시,1,여자,6778,47.0
201302,부산광역시,2,남자,8537,47.0
201302,부산광역시,2,여자,7810,47.0
201302,부산광역시,3,남자,7178,47.0
201302,부산광역시,3,여자,6086,47.0
201302,서울특별시,1,남자,19017,45.0
201302,서울특별시,1,여자,17626,45.0
201302,서울특별시,2,남자,21721,45.0
201302,서울특별시,2,여자,19804,45.0
201302,서울특별시,3,남자,14212,45.0
201302,서울특별시,3,여자,12977,45.0
201302,세종특별자치시,1,남자,376,48.0
201302,세종특별자치시,1,여자,367,48.0
201302,세종특별자치시,2,남자,423,48.0
201302,세종특별자치시,2,여자,428,48.0
201302,세종특별자치시,3,남자,238,48.0
201302,세종특별자치시,3,여자,254,48.0
201302,울산광역시,1,남자,3254,46.0
201302,울산광역시,1,여자,2912,46.0
201302,울산광역시,2,남자,3536,46.0
201302,울산광역시,2,여자,3122,46.0
201302,울산광역시,3,남자,2992,46.0
201302,울산광역시,3,여자,2445,46.0
201302,인천광역시,1,남자,7299,50.0
201302,인천광역시,1,여자,6811,50.0
201302,인천광역시,2,남자,7892,50.0
201302,인천광역시,2,여자,7329,50.0
201302,인천광역시,3,남자,5163,50.0
201302,인천광역시,3,여자,4903,50.0
201302,전라남도,1,남자,4733,36.0
201302,전라남도,1,여자,4604,36.0
201302,전라남도,2,남자,5128,36.0
201302,전라남도,2,여자,4894,36.0
201302,전라남도,3,남자,4273,36.0
201302,전라남도,3,여자,3913,36.0
201302,전라북도,1,남자,4123,57.0
201302,전라북도,1,여자,3878,57.0
201302,전라북도,2,남자,5185,57.0
201302,전라북도,2,여자,4689,57.0
201302,전라북도,3,남자,3881,57.0
201302,전라북도,3,여자,3502,57.0
201302,제주특별자치도,1,남자,4520,34.0
201302,제주특별자치도,1,여자,4126,34.0
201302,제주특별자치도,2,남자,5425,34.0
201302,제주특별자치도,2,여자,4695,34.0
201302,제주특별자치도,3,남자,3847,34.0
201302,제주특별자치도,3,여자,3302,34.0
201302,충청남도,1,남자,5913,43.0
201302,충청남도,1,여자,5472,43.0
201302,충청남도,2,남자,5931,43.0
201302,충청남도,2,여자,5377,43.0
201302,충청남도,3,남자,3125,43.0
201302,충청남도,3,여자,2867,43.0
201302,충청북도,1,남자,4032,64.0
201302,충청북도,1,여자,3822,64.0
201302,충청북도,2,남자,4452,64.0
201302,충청북도,2,여자,4047,64.0
201302,충청북도,3,남자,3081,64.0
201302,충청북도,3,여자,2814,64.0
201303,경기도,1,남자,39129,65.0
201303,경기도,1,여자,37339,65.0
201303,경기도,2,남자,38581,65.0
201303,경기도,2,여자,36658,65.0
201303,경기도,3,남자,38225,65.0
201303,경기도,3,여자,38056,65.0
201303,경상남도,1,남자,10062,63.0
201303,경상남도,1,여자,9223,63.0
201303,경상남도,2,남자,8024,63.0
201303,경상남도,2,여자,7236,63.0
201303,경상남도,3,남자,8957,63.0
201303,경상남도,3,여자,7846,63.0
201303,경상북도,1,남자,6749,67.0
201303,경상북도,1,여자,6186,67.0
201303,경상북도,2,남자,6064,67.0
201303,경상북도,2,여자,5469,67.0
201303,경상북도,3,남자,7011,67.0
201303,경상북도,3,여자,5846,67.0
201303,광주광역시,1,남자,4671,59.0
201303,광주광역시,1,여자,4372,59.0
201303,광주광역시,2,남자,4139,59.0
201303,광주광역시,2,여자,3810,59.0
201303,광주광역시,3,남자,4778,59.0
201303,광주광역시,3,여자,4230,59.0
201303,대구광역시,1,남자,6285,60.0
201303,대구광역시,1,여자,6005,60.0
201303,대구광역시,2,남자,6852,60.0
201303,대구광역시,2,여자,6082,60.0
201303,대구광역시,3,남자,9000,60.0
201303,대구광역시,3,여자,7526,60.0
201303,대전광역시,1,남자,4864,54.0
201303,대전광역시,1,여자,4577,54.0
201303,대전광역시,2,남자,4622,54.0
201303,대전광역시,2,여자,4333,54.0
201303,대전광역시,3,남자,5455,54.0
201303,대전광역시,3,여자,4861,54.0
201303,부산광역시,1,남자,7985,66.0
201303,부산광역시,1,여자,7608,66.0
201303,부산광역시,2,남자,6675,66.0
201303,부산광역시,2,여자,5997,66.0
201303,부산광역시,3,남자,8363,66.0
201303,부산광역시,3,여자,7120,66.0
201303,서울특별시,1,남자,24209,55.0
201303,서울특별시,1,여자,22393,55.0
201303,서울특별시,2,남자,21626,55.0
201303,서울특별시,2,여자,20224,55.0
201303,서울특별시,3,남자,23914,55.0
201303,서울특별시,3,여자,22043,55.0
201303,세종특별자치시,1,남자,450,61.375
201303,세종특별자치시,1,여자,466,61.375
201303,세종특별자치시,2,남자,374,61.375
201303,세종특별자치시,2,여자,336,61.375
201303,세종특별자치시,3,남자,277,61.375
201303,세종특별자치시,3,여자,274,61.375
201303,울산광역시,1,남자,3454,64.0
201303,울산광역시,1,여자,3132,64.0
201303,울산광역시,2,남자,2873,64.0
201303,울산광역시,2,여자,2510,64.0
201303,울산광역시,3,남자,3942,64.0
201303,울산광역시,3,여자,3136,64.0
201303,인천광역시,1,남자,9061,58.0
201303,인천광역시,1,여자,8528,58.0
201303,인천광역시,2,남자,8653,58.0
201303,인천광역시,2,여자,8233,58.0
201303,인천광역시,3,남자,9402,58.0
201303,인천광역시,3,여자,9002,58.0
201303,전라남도,1,남자,5334,53.0
201303,전라남도,1,여자,5105,53.0
201303,전라남도,2,남자,4409,53.0
201303,전라남도,2,여자,4144,53.0
201303,전라남도,3,남자,4809,53.0
201303,전라남도,3,여자,4490,53.0
201303,전라북도,1,남자,4693,67.0
201303,전라북도,1,여자,4358,67.0
201303,전라북도,2,남자,5149,67.0
201303,전라북도,2,여자,4815,67.0
201303,전라북도,3,남자,5914,67.0
201303,전라북도,3,여자,5275,67.0
201303,제주특별자치도,1,남자,5411,54.0
201303,제주특별자치도,1,여자,5190,54.0
201303,제주특별자치도,2,남자,5896,54.0
201303,제주특별자치도,2,여자,5441,54.0
201303,제주특별자치도,3,남자,6682,54.0
201303,제주특별자치도,3,여자,5778,54.0
201303,충청남도,1,남자,6660,51.0
201303,충청남도,1,여자,6431,51.0
201303,충청남도,2,남자,5958,51.0
201303,충청남도,2,여자,5685,51.0
201303,충청남도,3,남자,5781,51.0
201303,충청남도,3,여자,5092,51.0
201303,충청북도,1,남자,4543,78.0
201303,충청북도,1,여자,4415,78.0
201303,충청북도,2,남자,4063,78.0
201303,충청북도,2,여자,3851,78.0
201303,충청북도,3,남자,4377,78.0
201303,충청북도,3,여자,3978,78.0
201304,경기도,1,남자,29593,63.0
201304,경기도,1,여자,28019,63.0
201304,경기도,2,남자,29208,63.0
201304,경기도,2,여자,27342,63.0
201304,경기도,3,남자,31468,63.0
201304,경기도,3,여자,30457,63.0
201304,경상남도,1,남자,8681,47.0
201304,경상남도,1,여자,8069,47.0
201304,경상남도,2,남자,7765,47.0
201304,경상남도,2,여자,7150,47.0
201304,경상남도,3,남자,8260,47.0
201304,경상남도,3,여자,8038,47.0
201304,경상북도,1,남자,5597,52.0
201304,경상북도,1,여자,5144,52.0
201304,경상북도,2,남자,5725,52.0
201304,경상북도,2,여자,5084,52.0
201304,경상북도,3,남자,5880,52.0
201304,경상북도,3,여자,5243,52.0
201304,광주광역시,1,남자,3723,46.0
201304,광주광역시,1,여자,3470,46.0
201304,광주광역시,2,남자,3832,46.0
201304,광주광역시,2,여자,3523,46.0
201304,광주광역시,3,남자,4595,46.0
201304,광주광역시,3,여자,4200,46.0
201304,대구광역시,1,남자,5418,45.0
201304,대구광역시,1,여자,5063,45.0
201304,대구광역시,2,남자,6370,45.0
201304,대구광역시,2,여자,5551,45.0
201304,대구광역시,3,남자,7136,45.0
201304,대구광역시,3,여자,6141,45.0
201304,대전광역시,1,남자,3851,48.0
201304,대전광역시,1,여자,3733,48.0
201304,대전광역시,2,남자,4049,48.0
201304,대전광역시,2,여자,3544,48.0
201304,대전광역시,3,남자,4930,48.0
201304,대전광역시,3,여자,4563,48.0
201304,부산광역시,1,남자,6490,49.0
201304,부산광역시,1,여자,6168,49.0
201304,부산광역시,2,남자,5950,49.0
201304,부산광역시,2,여자,5592,49.0
201304,부산광역시,3,남자,7144,49.0
201304,부산광역시,3,여자,7103,49.0
201304,서울특별시,1,남자,18414,52.0
201304,서울특별시,1,여자,17244,52.0
201304,서울특별시,2,남자,17300,52.0
201304,서울특별시,2,여자,16039,52.0
201304,서울특별시,3,남자,20439,52.0
201304,서울특별시,3,여자,18960,52.0
201304,세종특별자치시,1,남자,394,51.3125
201304,세종특별자치시,1,여자,361,51.3125
201304,세종특별자치시,2,남자,335,51.3125
201304,세종특별자치시,2,여자,351,51.3125
201304,세종특별자치시,3,남자,288,51.3125
201304,세종특별자치시,3,여자,302,51.3125
201304,울산광역시,1,남자,2846,46.0
201304,울산광역시,1,여자,2717,46.0
201304,울산광역시,2,남자,2528,46.0
201304,울산광역시,2,여자,2192,46.0
201304,울산광역시,3,남자,3225,46.0
201304,울산광역시,3,여자,2977,46.0
201304,인천광역시,1,남자,6797,59.0
201304,인천광역시,1,여자,6339,59.0
201304,인천광역시,2,남자,6536,59.0
201304,인천광역시,2,여자,6308,59.0
201304,인천광역시,3,남자,7433,59.0
201304,인천광역시,3,여자,6907,59.0
201304,전라남도,1,남자,4223,40.0
201304,전라남도,1,여자,3979,40.0
201304,전라남도,2,남자,3660,40.0
201304,전라남도,2,여자,3502,40.0
201304,전라남도,3,남자,4415,40.0
201304,전라남도,3,여자,4279,40.0
201304,전라북도,1,남자,3726,59.0
201304,전라북도,1,여자,3577,59.0
201304,전라북도,2,남자,4172,59.0
201304,전라북도,2,여자,3876,59.0
201304,전라북도,3,남자,4868,59.0
201304,전라북도,3,여자,4301,59.0
201304,제주특별자치도,1,남자,4282,42.0
201304,제주특별자치도,1,여자,4184,42.0
201304,제주특별자치도,2,남자,4762,42.0
201304,제주특별자치도,2,여자,4305,42.0
201304,제주특별자치도,3,남자,5552,42.0
201304,제주특별자치도,3,여자,5208,42.0
201304,충청남도,1,남자,5033,51.0
201304,충청남도,1,여자,4732,51.0
201304,충청남도,2,남자,4750,51.0
201304,충청남도,2,여자,4407,51.0
201304,충청남도,3,남자,4870,51.0
201304,충청남도,3,여자,4720,51.0
201304,충청북도,1,남자,3698,65.0
201304,충청북도,1,여자,3631,65.0
201304,충청북도,2,남자,3707,65.0
201304,충청북도,2,여자,3337,65.0
201304,충청북도,3,남자,4006,65.0
201304,충청북도,3,여자,3804,65.0
201305,경기도,1,남자,27653,66.0
201305,경기도,1,여자,25200,66.0
201305,경기도,2,남자,26750,66.0
201305,경기도,2,여자,22029,66.0
201305,경기도,3,남자,23077,66.0
201305,경기도,3,여자,20109,66.0
201305,경상남도,1,남자,6997,58.0
201305,경상남도,1,여자,6653,58.0
201305,경상남도,2,남자,5618,58.0
201305,경상남도,2,여자,4846,58.0
201305,경상남도,3,남자,4853,58.0
201305,경상남도,3,여자,4242,58.0
201305,경상북도,1,남자,4691,61.0
201305,경상북도,1,여자,4266,61.0
201305,경상북도,2,남자,4140,61.0
201305,경상북도,2,여자,3511,61.0
201305,경상북도,3,남자,3824,61.0
201305,경상북도,3,여자,3211,61.0
201305,광주광역시,1,남자,2908,57.0
201305,광주광역시,1,여자,2806,57.0
201305,광주광역시,2,남자,2999,57.0
201305,광주광역시,2,여자,2618,57.0
201305,광주광역시,3,남자,3116,57.0
201305,광주광역시,3,여자,2714,57.0
201305,대구광역시,1,남자,4613,52.0
201305,대구광역시,1,여자,4237,52.0
201305,대구광역시,2,남자,4475,52.0
201305,대구광역시,2,여자,3838,52.0
201305,대구광역시,3,남자,4165,52.0
201305,대구광역시,3,여자,3467,52.0
201305,대전광역시,1,남자,3363,53.0
201305,대전광역시,1,여자,3171,53.0
201305,대전광역시,2,남자,3417,53.0
201305,대전광역시,2,여자,2843,53.0
201305,대전광역시,3,남자,3641,53.0
201305,대전광역시,3,여자,2961,53.0
201305,부산광역시,1,남자,5472,62.0
201305,부산광역시,1,여자,4929,62.0
201305,부산광역시,2,남자,4368,62.0
201305,부산광역시,2,여자,3824,62.0
201305,부산광역시,3,남자,4142,62.0
201305,부산광역시,3,여자,3537,62.0
201305,서울특별시,1,남자,16987,55.0
201305,서울특별시,1,여자,15296,55.0
201305,서울특별시,2,남자,16239,55.0
201305,서울특별시,2,여자,13489,55.0
201305,서울특별시,3,남자,16045,55.0
201305,서울특별시,3,여자,12783,55.0
201305,세종특별자치시,1,남자,334,58.25
201305,세종특별자치시,1,여자,310,58.25
201305,세종특별자치시,2,남자,277,58.25
201305,세종특별자치시,2,여자,277,58.25
201305,세종특별자치시,3,남자,191,58.25
201305,세종특별자치시,3,여자,213,58.25
201305,울산광역시,1,남자,2459,59.0
201305,울산광역시,1,여자,2220,59.0
201305,울산광역시,2,남자,1904,59.0
201305,울산광역시,2,여자,1602,59.0
201305,울산광역시,3,남자,1837,59.0
201305,울산광역시,3,여자,1593,59.0
201305,인천광역시,1,남자,5971,60.0
201305,인천광역시,1,여자,5606,60.0
201305,인천광역시,2,남자,5479,60.0
201305,인천광역시,2,여자,4749,60.0
201305,인천광역시,3,남자,5232,60.0
201305,인천광역시,3,여자,4714,60.0
201305,전라남도,1,남자,3347,52.0
201305,전라남도,1,여자,3197,52.0
201305,전라남도,2,남자,2726,52.0
201305,전라남도,2,여자,2419,52.0
201305,전라남도,3,남자,2667,52.0
201305,전라남도,3,여자,2554,52.0
201305,전라북도,1,남자,3274,62.0
201305,전라북도,1,여자,2959,62.0
201305,전라북도,2,남자,3311,62.0
201305,전라북도,2,여자,2976,62.0
201305,전라북도,3,남자,3039,62.0
201305,전라북도,3,여자,2792,62.0
201305,제주특별자치도,1,남자,3833,53.0
201305,제주특별자치도,1,여자,3413,53.0
201305,제주특별자치도,2,남자,3969,53.0
201305,제주특별자치도,2,여자,3362,53.0
201305,제주특별자치도,3,남자,3969,53.0
201305,제주특별자치도,3,여자,3355,53.0
201305,충청남도,1,남자,4592,55.0
201305,충청남도,1,여자,4301,55.0
201305,충청남도,2,남자,4066,55.0
201305,충청남도,2,여자,3567,55.0
201305,충청남도,3,남자,3311,55.0
201305,충청남도,3,여자,3008,55.0
201305,충청북도,1,남자,3374,67.0
201305,충청북도,1,여자,3024,67.0
201305,충청북도,2,남자,3003,67.0
201305,충청북도,2,여자,2429,67.0
201305,충청북도,3,남자,2723,67.0
201305,충청북도,3,여자,2369,67.0
201306,경기도,1,남자,24689,52.0
201306,경기도,1,여자,22923,52.0
201306,경기도,2,남자,20808,52.0
201306,경기도,2,여자,19063,52.0
201306,경기도,3,남자,15857,52.0
201306,경기도,3,여자,15538,52.0
201306,경상남도,1,남자,6415,44.0
201306,경상남도,1,여자,5858,44.0
201306,경상남도,2,남자,5198,44.0
201306,경상남도,2,여자,4609,44.0
201306,경상남도,3,남자,4044,44.0
201306,경상남도,3,여자,3646,44.0
201306,경상북도,1,남자,4423,47.0
201306,경상북도,1,여자,4154,47.0
201306,경상북도,2,남자,3445,47.0
201306,경상북도,2,여자,3039,47.0
201306,경상북도,3,남자,2567,47.0
201306,경상북도,3,여자,2407,47.0
201306,광주광역시,1,남자,2777,42.0
201306,광주광역시,1,여자,2572,42.0
201306,광주광역시,2,남자,2585,42.0
201306,광주광역시,2,여자,2308,42.0
201306,광주광역시,3,남자,2166,42.0
201306,광주광역시,3,여자,2075,42.0
201306,대구광역시,1,남자,4480,44.0
201306,대구광역시,1,여자,4204,44.0
201306,대구광역시,2,남자,3757,44.0
201306,대구광역시,2,여자,3241,44.0
201306,대구광역시,3,남자,2947,44.0
201306,대구광역시,3,여자,2539,44.0
201306,대전광역시,1,남자,2943,40.0
201306,대전광역시,1,여자,2741,40.0
201306,대전광역시,2,남자,2614,40.0
201306,대전광역시,2,여자,2369,40.0
201306,대전광역시,3,남자,2238,40.0
201306,대전광역시,3,여자,2149,40.0
201306,부산광역시,1,남자,4936,47.0
201306,부산광역시,1,여자,4638,47.0
201306,부산광역시,2,남자,4014,47.0
201306,부산광역시,2,여자,3531,47.0
201306,부산광역시,3,남자,3045,47.0
201306,부산광역시,3,여자,3041,47.0
201306,서울특별시,1,남자,14702,40.0
201306,서울특별시,1,여자,13485,40.0
201306,서울특별시,2,남자,12035,40.0
201306,서울특별시,2,여자,10901,40.0
201306,서울특별시,3,남자,10340,40.0
201306,서울특별시,3,여자,10006,40.0
201306,세종특별자치시,1,남자,265,43.625
201306,세종특별자치시,1,여자,269,43.625
201306,세종특별자치시,2,남자,208,43.625
201306,세종특별자치시,2,여자,212,43.625
201306,세종특별자치시,3,남자,143,43.625
201306,세종특별자치시,3,여자,153,43.625
201306,울산광역시,1,남자,2082,49.0
201306,울산광역시,1,여자,1922,49.0
201306,울산광역시,2,남자,1656,49.0
201306,울산광역시,2,여자,1419,49.0
201306,울산광역시,3,남자,1585,49.0
201306,울산광역시,3,여자,1481,49.0
201306,인천광역시,1,남자,5522,48.0
201306,인천광역시,1,여자,5202,48.0
201306,인천광역시,2,남자,4566,48.0
201306,인천광역시,2,여자,4299,48.0
201306,인천광역시,3,남자,3739,48.0
201306,인천광역시,3,여자,3732,48.0
201306,전라남도,1,남자,3317,35.0
201306,전라남도,1,여자,3058,35.0
201306,전라남도,2,남자,2712,35.0
201306,전라남도,2,여자,2510,35.0
201306,전라남도,3,남자,2346,35.0
201306,전라남도,3,여자,2260,35.0
201306,전라북도,1,남자,3091,50.0
201306,전라북도,1,여자,2820,50.0
201306,전라북도,2,남자,3139,50.0
201306,전라북도,2,여자,2770,50.0
201306,전라북도,3,남자,2537,50.0
201306,전라북도,3,여자,2388,50.0
201306,제주특별자치도,1,남자,3516,33.0
201306,제주특별자치도,1,여자,3342,33.0
201306,제주특별자치도,2,남자,3277,33.0
201306,제주특별자치도,2,여자,2788,33.0
201306,제주특별자치도,3,남자,2701,33.0
201306,제주특별자치도,3,여자,2573,33.0
201306,충청남도,1,남자,4286,39.0
201306,충청남도,1,여자,3906,39.0
201306,충청남도,2,남자,3577,39.0
201306,충청남도,2,여자,3180,39.0
201306,충청남도,3,남자,2378,39.0
201306,충청남도,3,여자,2245,39.0
201306,충청북도,1,남자,2980,47.0
201306,충청북도,1,여자,2781,47.0
201306,충청북도,2,남자,2312,47.0
201306,충청북도,2,여자,2008,47.0
201306,충청북도,3,남자,1825,47.0
201306,충청북도,3,여자,1771,47.0
201307,경기도,1,남자,23404,42.0
201307,경기도,1,여자,21482,42.0
201307,경기도,2,남자,27551,42.0
201307,경기도,2,여자,24112,42.0
201307,경기도,3,남자,15568,42.0
201307,경기도,3,여자,14178,42.0
201307,경상남도,1,남자,6264,37.0
201307,경상남도,1,여자,5653,37.0
201307,경상남도,2,남자,6339,37.0
201307,경상남도,2,여자,5597,37.0
201307,경상남도,3,남자,3804,37.0
201307,경상남도,3,여자,3289,37.0
201307,경상북도,1,남자,4012,39.0
201307,경상북도,1,여자,3786,39.0
201307,경상북도,2,남자,4607,39.0
201307,경상북도,2,여자,3936,39.0
201307,경상북도,3,남자,2812,39.0
201307,경상북도,3,여자,2477,39.0
201307,광주광역시,1,남자,3104,33.0
201307,광주광역시,1,여자,2854,33.0
201307,광주광역시,2,남자,3256,33.0
201307,광주광역시,2,여자,2936,33.0
201307,광주광역시,3,남자,1906,33.0
201307,광주광역시,3,여자,1866,33.0
201307,대구광역시,1,남자,4153,32.0
201307,대구광역시,1,여자,3907,32.0
201307,대구광역시,2,남자,5273,32.0
201307,대구광역시,2,여자,4605,32.0
201307,대구광역시,3,남자,3141,32.0
201307,대구광역시,3,여자,2695,32.0
201307,대전광역시,1,남자,2925,28.0
201307,대전광역시,1,여자,2652,28.0
201307,대전광역시,2,남자,3296,28.0
201307,대전광역시,2,여자,2943,28.0
201307,대전광역시,3,남자,2037,28.0
201307,대전광역시,3,여자,1918,28.0
201307,부산광역시,1,남자,4886,47.0
201307,부산광역시,1,여자,4463,47.0
201307,부산광역시,2,남자,5416,47.0
201307,부산광역시,2,여자,4666,47.0
201307,부산광역시,3,남자,3346,47.0
201307,부산광역시,3,여자,2788,47.0
201307,서울특별시,1,남자,13531,34.0
201307,서울특별시,1,여자,12656,34.0
201307,서울특별시,2,남자,16176,34.0
201307,서울특별시,2,여자,14192,34.0
201307,서울특별시,3,남자,9839,34.0
201307,서울특별시,3,여자,9094,34.0
201307,세종특별자치시,1,남자,329,35.5625
201307,세종특별자치시,1,여자,355,35.5625
201307,세종특별자치시,2,남자,424,35.5625
201307,세종특별자치시,2,여자,361,35.5625
201307,세종특별자치시,3,남자,152,35.5625
201307,세종특별자치시,3,여자,173,35.5625
201307,울산광역시,1,남자,2243,44.0
201307,울산광역시,1,여자,2065,44.0
201307,울산광역시,2,남자,2526,44.0
201307,울산광역시,2,여자,2165,44.0
201307,울산광역시,3,남자,1546,44.0
201307,울산광역시,3,여자,1313,44.0
201307,인천광역시,1,남자,5484,39.0
201307,인천광역시,1,여자,5217,39.0
201307,인천광역시,2,남자,5971,39.0
201307,인천광역시,2,여자,5392,39.0
201307,인천광역시,3,남자,3479,39.0
201307,인천광역시,3,여자,3033,39.0
201307,전라남도,1,남자,2995,34.0
201307,전라남도,1,여자,2808,34.0
201307,전라남도,2,남자,3116,34.0
201307,전라남도,2,여자,2772,34.0
201307,전라남도,3,남자,2052,34.0
201307,전라남도,3,여자,1900,34.0
201307,전라북도,1,남자,2694,33.0
201307,전라북도,1,여자,2565,33.0
201307,전라북도,2,남자,3476,33.0
201307,전라북도,2,여자,2997,33.0
201307,전라북도,3,남자,2273,33.0
201307,전라북도,3,여자,2072,33.0
201307,제주특별자치도,1,남자,3044,28.0
201307,제주특별자치도,1,여자,2867,28.0
201307,제주특별자치도,2,남자,3850,28.0
201307,제주특별자치도,2,여자,3350,28.0
201307,제주특별자치도,3,남자,2729,28.0
201307,제주특별자치도,3,여자,2287,28.0
201307,충청남도,1,남자,3838,30.0
201307,충청남도,1,여자,3623,30.0
201307,충청남도,2,남자,4272,30.0
201307,충청남도,2,여자,3704,30.0
201307,충청남도,3,남자,2189,30.0
201307,충청남도,3,여자,1864,30.0
201307,충청북도,1,남자,2664,33.0
201307,충청북도,1,여자,2460,33.0
201307,충청북도,2,남자,2926,33.0
201307,충청북도,2,여자,2467,33.0
201307,충청북도,3,남자,2011,33.0
201307,충청북도,3,여자,1718,33.0
201308,경기도,1,남자,30873,44.0
201308,경기도,1,여자,28359,44.0
201308,경기도,2,남자,35418,44.0
201308,경기도,2,여자,29490,44.0
201308,경기도,3,남자,21149,44.0
201308,경기도,3,여자,16635,44.0
201308,경상남도,1,남자,8390,44.0
201308,경상남도,1,여자,7611,44.0
201308,경상남도,2,남자,7996,44.0
201308,경상남도,2,여자,6637,44.0
201308,경상남도,3,남자,4510,44.0
201308,경상남도,3,여자,3420,44.0
201308,경상북도,1,남자,5066,42.0
201308,경상북도,1,여자,4512,42.0
201308,경상북도,2,남자,5765,42.0
201308,경상북도,2,여자,4461,42.0
201308,경상북도,3,남자,3531,42.0
201308,경상북도,3,여자,2593,42.0
201308,광주광역시,1,남자,4304,32.0
201308,광주광역시,1,여자,4021,32.0
201308,광주광역시,2,남자,4138,32.0
201308,광주광역시,2,여자,3362,32.0
201308,광주광역시,3,남자,2374,32.0
201308,광주광역시,3,여자,1991,32.0
201308,대구광역시,1,남자,5309,39.0
201308,대구광역시,1,여자,4886,39.0
201308,대구광역시,2,남자,6463,39.0
201308,대구광역시,2,여자,5165,39.0
201308,대구광역시,3,남자,4012,39.0
201308,대구광역시,3,여자,2865,39.0
201308,대전광역시,1,남자,3956,28.0
201308,대전광역시,1,여자,3529,28.0
201308,대전광역시,2,남자,4413,28.0
201308,대전광역시,2,여자,3534,28.0
201308,대전광역시,3,남자,2778,28.0
201308,대전광역시,3,여자,2190,28.0
201308,부산광역시,1,남자,6429,47.0
201308,부산광역시,1,여자,5943,47.0
201308,부산광역시,2,남자,6798,47.0
201308,부산광역시,2,여자,5509,47.0
201308,부산광역시,3,남자,3971,47.0
201308,부산광역시,3,여자,3148,47.0
201308,서울특별시,1,남자,17808,35.0
201308,서울특별시,1,여자,16551,35.0
201308,서울특별시,2,남자,20016,35.0
201308,서울특별시,2,여자,16404,35.0
201308,서울특별시,3,남자,12209,35.0
201308,서울특별시,3,여자,10274,35.0
201308,세종특별자치시,1,남자,535,37.9375
201308,세종특별자치시,1,여자,474,37.9375
201308,세종특별자치시,2,남자,510,37.9375
201308,세종특별자치시,2,여자,454,37.9375
201308,세종특별자치시,3,남자,221,37.9375
201308,세종특별자치시,3,여자,201,37.9375
201308,울산광역시,1,남자,2839,49.0
201308,울산광역시,1,여자,2591,49.0
201308,울산광역시,2,남자,3126,49.0
201308,울산광역시,2,여자,2495,49.0
201308,울산광역시,3,남자,1594,49.0
201308,울산광역시,3,여자,1253,49.0
201308,인천광역시,1,남자,7263,40.0
201308,인천광역시,1,여자,6776,40.0
201308,인천광역시,2,남자,7567,40.0
201308,인천광역시,2,여자,6568,40.0
201308,인천광역시,3,남자,4407,40.0
201308,인천광역시,3,여자,3645,40.0
201308,전라남도,1,남자,4071,34.0
201308,전라남도,1,여자,3823,34.0
201308,전라남도,2,남자,4534,34.0
201308,전라남도,2,여자,3658,34.0
201308,전라남도,3,남자,2716,34.0
201308,전라남도,3,여자,2130,34.0
201308,전라북도,1,남자,3761,33.0
201308,전라북도,1,여자,3415,33.0
201308,전라북도,2,남자,4632,33.0
201308,전라북도,2,여자,3808,33.0
201308,전라북도,3,남자,2849,33.0
201308,전라북도,3,여자,2318,33.0
201308,제주특별자치도,1,남자,4205,32.0
201308,제주특별자치도,1,여자,3793,32.0
201308,제주특별자치도,2,남자,5201,32.0
201308,제주특별자치도,2,여자,4187,32.0
201308,제주특별자치도,3,남자,3259,32.0
201308,제주특별자치도,3,여자,2557,32.0
201308,충청남도,1,남자,5666,33.0
201308,충청남도,1,여자,5240,33.0
201308,충청남도,2,남자,5720,33.0
201308,충청남도,2,여자,4750,33.0
201308,충청남도,3,남자,3103,33.0
201308,충청남도,3,여자,2534,33.0
201308,충청북도,1,남자,3387,36.0
201308,충청북도,1,여자,3209,36.0
201308,충청북도,2,남자,3825,36.0
201308,충청북도,2,여자,3084,36.0
201308,충청북도,3,남자,2551,36.0
201308,충청북도,3,여자,1956,36.0
201309,경기도,1,남자,41138,37.0
201309,경기도,1,여자,38466,37.0
201309,경기도,2,남자,54596,37.0
201309,경기도,2,여자,48352,37.0
201309,경기도,3,남자,47796,37.0
201309,경기도,3,여자,41443,37.0
201309,경상남도,1,남자,11879,34.0
201309,경상남도,1,여자,11040,34.0
201309,경상남도,2,남자,13444,34.0
201309,경상남도,2,여자,11355,34.0
201309,경상남도,3,남자,11412,34.0
201309,경상남도,3,여자,9478,34.0
201309,경상북도,1,남자,7866,35.0
201309,경상북도,1,여자,7141,35.0
201309,경상북도,2,남자,9396,35.0
201309,경상북도,2,여자,8060,35.0
201309,경상북도,3,남자,8261,35.0
201309,경상북도,3,여자,6724,35.0
201309,광주광역시,1,남자,5354,33.0
201309,광주광역시,1,여자,5060,33.0
201309,광주광역시,2,남자,6816,33.0
201309,광주광역시,2,여자,6026,33.0
201309,광주광역시,3,남자,5989,33.0
201309,광주광역시,3,여자,5333,33.0
201309,대구광역시,1,남자,8423,31.0
201309,대구광역시,1,여자,7808,31.0
201309,대구광역시,2,남자,11192,31.0
201309,대구광역시,2,여자,9772,31.0
201309,대구광역시,3,남자,10608,31.0
201309,대구광역시,3,여자,8466,31.0
201309,대전광역시,1,남자,5735,29.0
201309,대전광역시,1,여자,5261,29.0
201309,대전광역시,2,남자,7323,29.0
201309,대전광역시,2,여자,6364,29.0
201309,대전광역시,3,남자,7078,29.0
201309,대전광역시,3,여자,6173,29.0
201309,부산광역시,1,남자,9236,33.0
201309,부산광역시,1,여자,8574,33.0
201309,부산광역시,2,남자,10124,33.0
201309,부산광역시,2,여자,8928,33.0
201309,부산광역시,3,남자,8757,33.0
201309,부산광역시,3,여자,7273,33.0
201309,서울특별시,1,남자,23930,28.0
201309,서울특별시,1,여자,22222,28.0
201309,서울특별시,2,남자,30495,28.0
201309,서울특별시,2,여자,25992,28.0
201309,서울특별시,3,남자,27258,28.0
201309,서울특별시,3,여자,23250,28.0
201309,세종특별자치시,1,남자,685,32.6875
201309,세종특별자치시,1,여자,660,32.6875
201309,세종특별자치시,2,남자,789,32.6875
201309,세종특별자치시,2,여자,781,32.6875
201309,세종특별자치시,3,남자,559,32.6875
201309,세종특별자치시,3,여자,488,32.6875
201309,울산광역시,1,남자,3804,32.0
201309,울산광역시,1,여자,3480,32.0
201309,울산광역시,2,남자,4299,32.0
201309,울산광역시,2,여자,3758,32.0
201309,울산광역시,3,남자,3918,32.0
201309,울산광역시,3,여자,3018,32.0
201309,인천광역시,1,남자,8766,35.0
201309,인천광역시,1,여자,8276,35.0
201309,인천광역시,2,남자,11506,35.0
201309,인천광역시,2,여자,10220,35.0
201309,인천광역시,3,남자,10262,35.0
201309,인천광역시,3,여자,8756,35.0
201309,전라남도,1,남자,5432,29.0
201309,전라남도,1,여자,5218,29.0
201309,전라남도,2,남자,5751,29.0
201309,전라남도,2,여자,5211,29.0
201309,전라남도,3,남자,5291,29.0
201309,전라남도,3,여자,4561,29.0
201309,전라북도,1,남자,5501,38.0
201309,전라북도,1,여자,5093,38.0
201309,전라북도,2,남자,7257,38.0
201309,전라북도,2,여자,6595,38.0
201309,전라북도,3,남자,6621,38.0
201309,전라북도,3,여자,5887,38.0
201309,제주특별자치도,1,남자,5623,33.0
201309,제주특별자치도,1,여자,5216,33.0
201309,제주특별자치도,2,남자,7026,33.0
201309,제주특별자치도,2,여자,5984,33.0
201309,제주특별자치도,3,남자,5848,33.0
201309,제주특별자치도,3,여자,5413,33.0
201309,충청남도,1,남자,7043,31.0
201309,충청남도,1,여자,6682,31.0
201309,충청남도,2,남자,8698,31.0
201309,충청남도,2,여자,7858,31.0
201309,충청남도,3,남자,7271,31.0
201309,충청남도,3,여자,6192,31.0
201309,충청북도,1,남자,5029,34.0
201309,충청북도,1,여자,4705,34.0
201309,충청북도,2,남자,6415,34.0
201309,충청북도,2,여자,5515,34.0
201309,충청북도,3,남자,5890,34.0
201309,충청북도,3,여자,4978,34.0
201310,경기도,1,남자,34327,38.0
201310,경기도,1,여자,32782,38.0
201310,경기도,2,남자,36849,38.0
201310,경기도,2,여자,35944,38.0
201310,경기도,3,남자,25300,38.0
201310,경기도,3,여자,25952,38.0
201310,경상남도,1,남자,10713,38.0
201310,경상남도,1,여자,9991,38.0
201310,경상남도,2,남자,10500,38.0
201310,경상남도,2,여자,9903,38.0
201310,경상남도,3,남자,7203,38.0
201310,경상남도,3,여자,7341,38.0
201310,경상북도,1,남자,6983,38.0
201310,경상북도,1,여자,6551,38.0
201310,경상북도,2,남자,6714,38.0
201310,경상북도,2,여자,6234,38.0
201310,경상북도,3,남자,4619,38.0
201310,경상북도,3,여자,4547,38.0
201310,광주광역시,1,남자,4283,32.0
201310,광주광역시,1,여자,3959,32.0
201310,광주광역시,2,남자,4729,32.0
201310,광주광역시,2,여자,4621,32.0
201310,광주광역시,3,남자,3215,32.0
201310,광주광역시,3,여자,3214,32.0
201310,대구광역시,1,남자,6987,35.0
201310,대구광역시,1,여자,6617,35.0
201310,대구광역시,2,남자,7193,35.0
201310,대구광역시,2,여자,7009,35.0
201310,대구광역시,3,남자,5682,35.0
201310,대구광역시,3,여자,5332,35.0
201310,대전광역시,1,남자,4855,30.0
201310,대전광역시,1,여자,4673,30.0
201310,대전광역시,2,남자,4546,30.0
201310,대전광역시,2,여자,4541,30.0
201310,대전광역시,3,남자,3367,30.0
201310,대전광역시,3,여자,3234,30.0
201310,부산광역시,1,남자,8204,38.0
201310,부산광역시,1,여자,7933,38.0
201310,부산광역시,2,남자,8419,38.0
201310,부산광역시,2,여자,7702,38.0
201310,부산광역시,3,남자,6656,38.0
201310,부산광역시,3,여자,6361,38.0
201310,서울특별시,1,남자,19978,29.0
201310,서울특별시,1,여자,19404,29.0
201310,서울특별시,2,남자,22588,29.0
201310,서울특별시,2,여자,20551,29.0
201310,서울특별시,3,남자,16093,29.0
201310,서울특별시,3,여자,15937,29.0
201310,세종특별자치시,1,남자,545,35.125
201310,세종특별자치시,1,여자,524,35.125
201310,세종특별자치시,2,남자,572,35.125
201310,세종특별자치시,2,여자,569,35.125
201310,세종특별자치시,3,남자,285,35.125
201310,세종특별자치시,3,여자,273,35.125
201310,울산광역시,1,남자,3525,36.0
201310,울산광역시,1,여자,3328,36.0
201310,울산광역시,2,남자,3649,36.0
201310,울산광역시,2,여자,3359,36.0
201310,울산광역시,3,남자,2860,36.0
201310,울산광역시,3,여자,2878,36.0
201310,인천광역시,1,남자,7474,36.0
201310,인천광역시,1,여자,7313,36.0
201310,인천광역시,2,남자,8576,36.0
201310,인천광역시,2,여자,8136,36.0
201310,인천광역시,3,남자,6337,36.0
201310,인천광역시,3,여자,6350,36.0
201310,전라남도,1,남자,4634,29.0
201310,전라남도,1,여자,4624,29.0
201310,전라남도,2,남자,4954,29.0
201310,전라남도,2,여자,4775,29.0
201310,전라남도,3,남자,3605,29.0
201310,전라남도,3,여자,3770,29.0
201310,전라북도,1,남자,4428,40.0
201310,전라북도,1,여자,4186,40.0
201310,전라북도,2,남자,5292,40.0
201310,전라북도,2,여자,5102,40.0
201310,전라북도,3,남자,3964,40.0
201310,전라북도,3,여자,3942,40.0
201310,제주특별자치도,1,남자,5443,38.0
201310,제주특별자치도,1,여자,5238,38.0
201310,제주특별자치도,2,남자,6068,38.0
201310,제주특별자치도,2,여자,5727,38.0
201310,제주특별자치도,3,남자,4690,38.0
201310,제주특별자치도,3,여자,4374,38.0
201310,충청남도,1,남자,5660,32.0
201310,충청남도,1,여자,5634,32.0
201310,충청남도,2,남자,5784,32.0
201310,충청남도,2,여자,5616,32.0
201310,충청남도,3,남자,3498,32.0
201310,충청남도,3,여자,3532,32.0
201310,충청북도,1,남자,3906,39.0
201310,충청북도,1,여자,3833,39.0
201310,충청북도,2,남자,4022,39.0
201310,충청북도,2,여자,3917,39.0
201310,충청북도,3,남자,2899,39.0
201310,충청북도,3,여자,2937,39.0
201311,경기도,1,남자,28919,52.0
201311,경기도,1,여자,27883,52.0
201311,경기도,2,남자,32602,52.0
201311,경기도,2,여자,31915,52.0
201311,경기도,3,남자,27576,52.0
201311,경기도,3,여자,28375,52.0
201311,경상남도,1,남자,8329,45.0
201311,경상남도,1,여자,8017,45.0
201311,경상남도,2,남자,9100,45.0
201311,경상남도,2,여자,8728,45.0
201311,경상남도,3,남자,7379,45.0
201311,경상남도,3,여자,7331,45.0
201311,경상북도,1,남자,5545,47.0
201311,경상북도,1,여자,5279,47.0
201311,경상북도,2,남자,6031,47.0
201311,경상북도,2,여자,5704,47.0
201311,경상북도,3,남자,4831,47.0
201311,경상북도,3,여자,4670,47.0
201311,광주광역시,1,남자,3695,39.0
201311,광주광역시,1,여자,3528,39.0
201311,광주광역시,2,남자,4031,39.0
201311,광주광역시,2,여자,3765,39.0
201311,광주광역시,3,남자,3672,39.0
201311,광주광역시,3,여자,3639,39.0
201311,대구광역시,1,남자,5333,42.0
201311,대구광역시,1,여자,5276,42.0
201311,대구광역시,2,남자,6695,42.0
201311,대구광역시,2,여자,6211,42.0
201311,대구광역시,3,남자,5847,42.0
201311,대구광역시,3,여자,5602,42.0
201311,대전광역시,1,남자,3794,39.0
201311,대전광역시,1,여자,3616,39.0
201311,대전광역시,2,남자,4215,39.0
201311,대전광역시,2,여자,4160,39.0
201311,대전광역시,3,남자,3871,39.0
201311,대전광역시,3,여자,4018,39.0
201311,부산광역시,1,남자,6828,43.0
201311,부산광역시,1,여자,6597,43.0
201311,부산광역시,2,남자,7279,43.0
201311,부산광역시,2,여자,7071,43.0
201311,부산광역시,3,남자,6501,43.0
201311,부산광역시,3,여자,6288,43.0
201311,서울특별시,1,남자,16728,42.0
201311,서울특별시,1,여자,16122,42.0
201311,서울특별시,2,남자,19433,42.0
201311,서울특별시,2,여자,19053,42.0
201311,서울특별시,3,남자,17244,42.0
201311,서울특별시,3,여자,17102,42.0
201311,세종특별자치시,1,남자,449,44.125
201311,세종특별자치시,1,여자,435,44.125
201311,세종특별자치시,2,남자,490,44.125
201311,세종특별자치시,2,여자,490,44.125
201311,세종특별자치시,3,남자,280,44.125
201311,세종특별자치시,3,여자,323,44.125
201311,울산광역시,1,남자,3143,41.0
201311,울산광역시,1,여자,2931,41.0
201311,울산광역시,2,남자,2907,41.0
201311,울산광역시,2,여자,2825,41.0
201311,울산광역시,3,남자,2502,41.0
201311,울산광역시,3,여자,2700,41.0
201311,인천광역시,1,남자,6660,46.0
201311,인천광역시,1,여자,6406,46.0
201311,인천광역시,2,남자,7254,46.0
201311,인천광역시,2,여자,7010,46.0
201311,인천광역시,3,남자,6331,46.0
201311,인천광역시,3,여자,6389,46.0
201311,전라남도,1,남자,3912,34.0
201311,전라남도,1,여자,3987,34.0
201311,전라남도,2,남자,4192,34.0
201311,전라남도,2,여자,3973,34.0
201311,전라남도,3,남자,3662,34.0
201311,전라남도,3,여자,3696,34.0
201311,전라북도,1,남자,3753,48.0
201311,전라북도,1,여자,3613,48.0
201311,전라북도,2,남자,4614,48.0
201311,전라북도,2,여자,4399,48.0
201311,전라북도,3,남자,4263,48.0
201311,전라북도,3,여자,4348,48.0
201311,제주특별자치도,1,남자,4366,49.0
201311,제주특별자치도,1,여자,4162,49.0
201311,제주특별자치도,2,남자,5230,49.0
201311,제주특별자치도,2,여자,4988,49.0
201311,제주특별자치도,3,남자,4661,49.0
201311,제주특별자치도,3,여자,4564,49.0
201311,충청남도,1,남자,4670,39.0
201311,충청남도,1,여자,4487,39.0
201311,충청남도,2,남자,5109,39.0
201311,충청남도,2,여자,5073,39.0
201311,충청남도,3,남자,3678,39.0
201311,충청남도,3,여자,3682,39.0
201311,충청북도,1,남자,3073,53.0
201311,충청북도,1,여자,2939,53.0
201311,충청북도,2,남자,3458,53.0
201311,충청북도,2,여자,3486,53.0
201311,충청북도,3,남자,3179,53.0
201311,충청북도,3,여자,3077,53.0
201312,경기도,1,남자,24873,65.0
201312,경기도,1,여자,23492,65.0
201312,경기도,2,남자,29664,65.0
201312,경기도,2,여자,27857,65.0
201312,경기도,3,남자,23354,65.0
201312,경기도,3,여자,22516,65.0
201312,경상남도,1,남자,6734,50.0
201312,경상남도,1,여자,6302,50.0
201312,경상남도,2,남자,7775,50.0
201312,경상남도,2,여자,7248,50.0
201312,경상남도,3,남자,6672,50.0
201312,경상남도,3,여자,6011,50.0
201312,경상북도,1,남자,4407,55.0
201312,경상북도,1,여자,4236,55.0
201312,경상북도,2,남자,5190,55.0
201312,경상북도,2,여자,4816,55.0
201312,경상북도,3,남자,4015,55.0
201312,경상북도,3,여자,3546,55.0
201312,광주광역시,1,남자,3239,42.0
201312,광주광역시,1,여자,3066,42.0
201312,광주광역시,2,남자,4195,42.0
201312,광주광역시,2,여자,3864,42.0
201312,광주광역시,3,남자,3173,42.0
201312,광주광역시,3,여자,3020,42.0
201312,대구광역시,1,남자,4291,48.0
201312,대구광역시,1,여자,4020,48.0
201312,대구광역시,2,남자,5582,48.0
201312,대구광역시,2,여자,5243,48.0
201312,대구광역시,3,남자,4944,48.0
201312,대구광역시,3,여자,4323,48.0
201312,대전광역시,1,남자,2932,46.0
201312,대전광역시,1,여자,2765,46.0
201312,대전광역시,2,남자,3524,46.0
201312,대전광역시,2,여자,3204,46.0
201312,대전광역시,3,남자,2853,46.0
201312,대전광역시,3,여자,2640,46.0
201312,부산광역시,1,남자,5255,47.0
201312,부산광역시,1,여자,5085,47.0
201312,부산광역시,2,남자,5820,47.0
201312,부산광역시,2,여자,5436,47.0
201312,부산광역시,3,남자,5700,47.0
201312,부산광역시,3,여자,5046,47.0
201312,서울특별시,1,남자,14754,55.0
201312,서울특별시,1,여자,14172,55.0
201312,서울특별시,2,남자,17536,55.0
201312,서울특별시,2,여자,16096,55.0
201312,서울특별시,3,남자,14834,55.0
201312,서울특별시,3,여자,13849,55.0
201312,세종특별자치시,1,남자,410,51.0625
201312,세종특별자치시,1,여자,424,51.0625
201312,세종특별자치시,2,남자,411,51.0625
201312,세종특별자치시,2,여자,399,51.0625
201312,세종특별자치시,3,남자,238,51.0625
201312,세종특별자치시,3,여자,220,51.0625
201312,울산광역시,1,남자,2521,45.0
201312,울산광역시,1,여자,2255,45.0
201312,울산광역시,2,남자,2748,45.0
201312,울산광역시,2,여자,2479,45.0
201312,울산광역시,3,남자,2470,45.0
201312,울산광역시,3,여자,2161,45.0
201312,인천광역시,1,남자,5342,55.0
201312,인천광역시,1,여자,5057,55.0
201312,인천광역시,2,남자,6286,55.0
201312,인천광역시,2,여자,5917,55.0
201312,인천광역시,3,남자,5698,55.0
201312,인천광역시,3,여자,5355,55.0
201312,전라남도,1,남자,3982,38.0
201312,전라남도,1,여자,3695,38.0
201312,전라남도,2,남자,4107,38.0
201312,전라남도,2,여자,3964,38.0
201312,전라남도,3,남자,3379,38.0
201312,전라남도,3,여자,3058,38.0
201312,전라북도,1,남자,3420,54.0
201312,전라북도,1,여자,3184,54.0
201312,전라북도,2,남자,4862,54.0
201312,전라북도,2,여자,4517,54.0
201312,전라북도,3,남자,4826,54.0
201312,전라북도,3,여자,4122,54.0
201312,제주특별자치도,1,남자,3721,45.0
201312,제주특별자치도,1,여자,3436,45.0
201312,제주특별자치도,2,남자,4846,45.0
201312,제주특별자치도,2,여자,4375,45.0
201312,제주특별자치도,3,남자,3919,45.0
201312,제주특별자치도,3,여자,3693,45.0
201312,충청남도,1,남자,3900,44.0
201312,충청남도,1,여자,3711,44.0
201312,충청남도,2,남자,4661,44.0
201312,충청남도,2,여자,4227,44.0
201312,충청남도,3,남자,3061,44.0
201312,충청남도,3,여자,2729,44.0
201312,충청북도,1,남자,2955,63.0
201312,충청북도,1,여자,2759,63.0
201312,충청북도,2,남자,3291,63.0
201312,충청북도,2,여자,2843,63.0
201312,충청북도,3,남자,2669,63.0
201312,충청북도,3,여자,2338,63.0
201401,경기도,1,남자,27516,68.0
201401,경기도,1,여자,25759,68.0
201401,경기도,2,남자,31724,68.0
201401,경기도,2,여자,27717,68.0
201401,경기도,3,남자,22003,68.0
201401,경기도,3,여자,17517,68.0
201401,경상남도,1,남자,7286,64.0
201401,경상남도,1,여자,6680,64.0
201401,경상남도,2,남자,7533,64.0
201401,경상남도,2,여자,6586,64.0
201401,경상남도,3,남자,4921,64.0
201401,경상남도,3,여자,4370,64.0
201401,경상북도,1,남자,4978,65.0
201401,경상북도,1,여자,4546,65.0
201401,경상북도,2,남자,5131,65.0
201401,경상북도,2,여자,4300,65.0
201401,경상북도,3,남자,4052,65.0
201401,경상북도,3,여자,3138,65.0
201401,광주광역시,1,남자,3550,52.0
201401,광주광역시,1,여자,3223,52.0
201401,광주광역시,2,남자,4322,52.0
201401,광주광역시,2,여자,3974,52.0
201401,광주광역시,3,남자,3476,52.0
201401,광주광역시,3,여자,2672,52.0
201401,대구광역시,1,남자,4947,60.0
201401,대구광역시,1,여자,4684,60.0
201401,대구광역시,2,남자,5868,60.0
201401,대구광역시,2,여자,5064,60.0
201401,대구광역시,3,남자,4515,60.0
201401,대구광역시,3,여자,3491,60.0
201401,대전광역시,1,남자,3601,56.0
201401,대전광역시,1,여자,3291,56.0
201401,대전광역시,2,남자,3841,56.0
201401,대전광역시,2,여자,3356,56.0
201401,대전광역시,3,남자,2838,56.0
201401,대전광역시,3,여자,2277,56.0
201401,부산광역시,1,남자,6154,57.0
201401,부산광역시,1,여자,5565,57.0
201401,부산광역시,2,남자,6245,57.0
201401,부산광역시,2,여자,5611,57.0
201401,부산광역시,3,남자,5006,57.0
201401,부산광역시,3,여자,4418,57.0
201401,서울특별시,1,남자,15831,57.0
201401,서울특별시,1,여자,14689,57.0
201401,서울특별시,2,남자,18494,57.0
201401,서울특별시,2,여자,16251,57.0
201401,서울특별시,3,남자,14537,57.0
201401,서울특별시,3,여자,11718,57.0
201401,세종특별자치시,1,남자,464,59.875
201401,세종특별자치시,1,여자,423,59.875
201401,세종특별자치시,2,남자,465,59.875
201401,세종특별자치시,2,여자,427,59.875
201401,세종특별자치시,3,남자,272,59.875
201401,세종특별자치시,3,여자,205,59.875
201401,울산광역시,1,남자,2778,55.0
201401,울산광역시,1,여자,2611,55.0
201401,울산광역시,2,남자,2882,55.0
201401,울산광역시,2,여자,2334,55.0
201401,울산광역시,3,남자,2190,55.0
201401,울산광역시,3,여자,1710,55.0
201401,인천광역시,1,남자,6206,58.0
201401,인천광역시,1,여자,5748,58.0
201401,인천광역시,2,남자,6842,58.0
201401,인천광역시,2,여자,6226,58.0
201401,인천광역시,3,남자,5378,58.0
201401,인천광역시,3,여자,4299,58.0
201401,전라남도,1,남자,3748,51.0
201401,전라남도,1,여자,3676,51.0
201401,전라남도,2,남자,3809,51.0
201401,전라남도,2,여자,3400,51.0
201401,전라남도,3,남자,3275,51.0
201401,전라남도,3,여자,2702,51.0
201401,전라북도,1,남자,3509,66.0
201401,전라북도,1,여자,3289,66.0
201401,전라북도,2,남자,4415,66.0
201401,전라북도,2,여자,3967,66.0
201401,전라북도,3,남자,3251,66.0
201401,전라북도,3,여자,2720,66.0
201401,제주특별자치도,1,남자,3928,56.0
201401,제주특별자치도,1,여자,3625,56.0
201401,제주특별자치도,2,남자,4646,56.0
201401,제주특별자치도,2,여자,4065,56.0
201401,제주특별자치도,3,남자,3518,56.0
201401,제주특별자치도,3,여자,2943,56.0
201401,충청남도,1,남자,4628,52.0
201401,충청남도,1,여자,4341,52.0
201401,충청남도,2,남자,4752,52.0
201401,충청남도,2,여자,4314,52.0
201401,충청남도,3,남자,2874,52.0
201401,충청남도,3,여자,2323,52.0
201401,충청북도,1,남자,3188,75.0
201401,충청북도,1,여자,2929,75.0
201401,충청북도,2,남자,3432,75.0
201401,충청북도,2,여자,2944,75.0
201401,충청북도,3,남자,2377,75.0
201401,충청북도,3,여자,1982,75.0
201402,경기도,1,남자,32072,67.0
201402,경기도,1,여자,29852,67.0
201402,경기도,2,남자,47622,67.0
201402,경기도,2,여자,43757,67.0
201402,경기도,3,남자,37490,67.0
201402,경기도,3,여자,33893,67.0
201402,경상남도,1,남자,9144,52.0
201402,경상남도,1,여자,8401,52.0
201402,경상남도,2,남자,13460,52.0
201402,경상남도,2,여자,12018,52.0
201402,경상남도,3,남자,10950,52.0
201402,경상남도,3,여자,9173,52.0
201402,경상북도,1,남자,6028,55.0
201402,경상북도,1,여자,5646,55.0
201402,경상북도,2,남자,8774,55.0
201402,경상북도,2,여자,7633,55.0
201402,경상북도,3,남자,6825,55.0
201402,경상북도,3,여자,6005,55.0
201402,광주광역시,1,남자,3767,46.0
201402,광주광역시,1,여자,3525,46.0
201402,광주광역시,2,남자,5611,46.0
201402,광주광역시,2,여자,5375,46.0
201402,광주광역시,3,남자,4751,46.0
201402,광주광역시,3,여자,4501,46.0
201402,대구광역시,1,남자,6010,50.0
201402,대구광역시,1,여자,5585,50.0
201402,대구광역시,2,남자,9524,50.0
201402,대구광역시,2,여자,8628,50.0
201402,대구광역시,3,남자,8109,50.0
201402,대구광역시,3,여자,6662,50.0
201402,대전광역시,1,남자,4077,51.0
201402,대전광역시,1,여자,3915,51.0
201402,대전광역시,2,남자,6497,51.0
201402,대전광역시,2,여자,5926,51.0
201402,대전광역시,3,남자,5052,51.0
201402,대전광역시,3,여자,4530,51.0
201402,부산광역시,1,남자,6858,45.0
201402,부산광역시,1,여자,6500,45.0
201402,부산광역시,2,남자,9218,45.0
201402,부산광역시,2,여자,8512,45.0
201402,부산광역시,3,남자,8232,45.0
201402,부산광역시,3,여자,6988,45.0
201402,서울특별시,1,남자,18140,57.0
201402,서울특별시,1,여자,16720,57.0
201402,서울특별시,2,남자,26625,57.0
201402,서울특별시,2,여자,24337,57.0
201402,서울특별시,3,남자,22109,57.0
201402,서울특별시,3,여자,19783,57.0
201402,세종특별자치시,1,남자,565,53.75
201402,세종특별자치시,1,여자,552,53.75
201402,세종특별자치시,2,남자,790,53.75
201402,세종특별자치시,2,여자,742,53.75
201402,세종특별자치시,3,남자,448,53.75
201402,세종특별자치시,3,여자,445,53.75
201402,울산광역시,1,남자,2946,45.0
201402,울산광역시,1,여자,2736,45.0
201402,울산광역시,2,남자,3656,45.0
201402,울산광역시,2,여자,3180,45.0
201402,울산광역시,3,남자,3381,45.0
201402,울산광역시,3,여자,2913,45.0
201402,인천광역시,1,남자,7353,58.0
201402,인천광역시,1,여자,6843,58.0
201402,인천광역시,2,남자,10409,58.0
201402,인천광역시,2,여자,9921,58.0
201402,인천광역시,3,남자,8814,58.0
201402,인천광역시,3,여자,8297,58.0
201402,전라남도,1,남자,4350,42.0
201402,전라남도,1,여자,4186,42.0
201402,전라남도,2,남자,5629,42.0
201402,전라남도,2,여자,5132,42.0
201402,전라남도,3,남자,4510,42.0
201402,전라남도,3,여자,4164,42.0
201402,전라북도,1,남자,3884,67.0
201402,전라북도,1,여자,3630,67.0
201402,전라북도,2,남자,5471,67.0
201402,전라북도,2,여자,5144,67.0
201402,전라북도,3,남자,4565,67.0
201402,전라북도,3,여자,4015,67.0
201402,제주특별자치도,1,남자,4333,46.0
201402,제주특별자치도,1,여자,4031,46.0
201402,제주특별자치도,2,남자,6102,46.0
201402,제주특별자치도,2,여자,5366,46.0
201402,제주특별자치도,3,남자,4952,46.0
201402,제주특별자치도,3,여자,4427,46.0
201402,충청남도,1,남자,5614,54.0
201402,충청남도,1,여자,5493,54.0
201402,충청남도,2,남자,7603,54.0
201402,충청남도,2,여자,6996,54.0
201402,충청남도,3,남자,4703,54.0
201402,충청남도,3,여자,4161,54.0
201402,충청북도,1,남자,3641,65.0
201402,충청북도,1,여자,3373,65.0
201402,충청북도,2,남자,5492,65.0
201402,충청북도,2,여자,4964,65.0
201402,충청북도,3,남자,4933,65.0
201402,충청북도,3,여자,4296,65.0
201403,경기도,1,남자,38103,68.0
201403,경기도,1,여자,35957,68.0
201403,경기도,2,남자,33083,68.0
201403,경기도,2,여자,32151,68.0
201403,경기도,3,남자,29198,68.0
201403,경기도,3,여자,28596,68.0
201403,경상남도,1,남자,10537,52.0
201403,경상남도,1,여자,10024,52.0
201403,경상남도,2,남자,8358,52.0
201403,경상남도,2,여자,7370,52.0
201403,경상남도,3,남자,8604,52.0
201403,경상남도,3,여자,7296,52.0
201403,경상북도,1,남자,7202,57.0
201403,경상북도,1,여자,6651,57.0
201403,경상북도,2,남자,5774,57.0
201403,경상북도,2,여자,5354,57.0
201403,경상북도,3,남자,6345,57.0
201403,경상북도,3,여자,5185,57.0
201403,광주광역시,1,남자,4789,49.0
201403,광주광역시,1,여자,4608,49.0
201403,광주광역시,2,남자,3992,49.0
201403,광주광역시,2,여자,3671,49.0
201403,광주광역시,3,남자,4070,49.0
201403,광주광역시,3,여자,3715,49.0
201403,대구광역시,1,남자,6925,50.0
201403,대구광역시,1,여자,6680,50.0
201403,대구광역시,2,남자,6103,50.0
201403,대구광역시,2,여자,5710,50.0
201403,대구광역시,3,남자,7307,50.0
201403,대구광역시,3,여자,5722,50.0
201403,대전광역시,1,남자,4945,50.0
201403,대전광역시,1,여자,4695,50.0
201403,대전광역시,2,남자,4134,50.0
201403,대전광역시,2,여자,4053,50.0
201403,대전광역시,3,남자,4369,50.0
201403,대전광역시,3,여자,3751,50.0
201403,부산광역시,1,남자,9004,50.0
201403,부산광역시,1,여자,8594,50.0
201403,부산광역시,2,남자,7273,50.0
201403,부산광역시,2,여자,6672,50.0
201403,부산광역시,3,남자,8115,50.0
201403,부산광역시,3,여자,7076,50.0
201403,서울특별시,1,남자,23178,60.0
201403,서울특별시,1,여자,21917,60.0
201403,서울특별시,2,남자,18552,60.0
201403,서울특별시,2,여자,17013,60.0
201403,서울특별시,3,남자,17344,60.0
201403,서울특별시,3,여자,16095,60.0
201403,세종특별자치시,1,남자,679,55.625
201403,세종특별자치시,1,여자,632,55.625
201403,세종특별자치시,2,남자,520,55.625
201403,세종특별자치시,2,여자,496,55.625
201403,세종특별자치시,3,남자,321,55.625
201403,세종특별자치시,3,여자,323,55.625
201403,울산광역시,1,남자,4146,49.0
201403,울산광역시,1,여자,3898,49.0
201403,울산광역시,2,남자,3073,49.0
201403,울산광역시,2,여자,2720,49.0
201403,울산광역시,3,남자,3272,49.0
201403,울산광역시,3,여자,2806,49.0
201403,인천광역시,1,남자,8745,58.0
201403,인천광역시,1,여자,8261,58.0
201403,인천광역시,2,남자,6856,58.0
201403,인천광역시,2,여자,6768,58.0
201403,인천광역시,3,남자,6653,58.0
201403,인천광역시,3,여자,6016,58.0
201403,전라남도,1,남자,5527,44.0
201403,전라남도,1,여자,5162,44.0
201403,전라남도,2,남자,4289,44.0
201403,전라남도,2,여자,4084,44.0
201403,전라남도,3,남자,4362,44.0
201403,전라남도,3,여자,3871,44.0
201403,전라북도,1,남자,4782,60.0
201403,전라북도,1,여자,4444,60.0
201403,전라북도,2,남자,4771,60.0
201403,전라북도,2,여자,4520,60.0
201403,전라북도,3,남자,4443,60.0
201403,전라북도,3,여자,4060,60.0
201403,제주특별자치도,1,남자,5863,56.0
201403,제주특별자치도,1,여자,5448,56.0
201403,제주특별자치도,2,남자,5784,56.0
201403,제주특별자치도,2,여자,5326,56.0
201403,제주특별자치도,3,남자,6085,56.0
201403,제주특별자치도,3,여자,5531,56.0
201403,충청남도,1,남자,6584,52.0
201403,충청남도,1,여자,6007,52.0
201403,충청남도,2,남자,5133,52.0
201403,충청남도,2,여자,4919,52.0
201403,충청남도,3,남자,4781,52.0
201403,충청남도,3,여자,4312,52.0
201403,충청북도,1,남자,4667,67.0
201403,충청북도,1,여자,4276,67.0
201403,충청북도,2,남자,3455,67.0
201403,충청북도,2,여자,3254,67.0
201403,충청북도,3,남자,3144,67.0
201403,충청북도,3,여자,2994,67.0
201404,경기도,1,남자,33652,68.0
201404,경기도,1,여자,31680,68.0
201404,경기도,2,남자,35570,68.0
201404,경기도,2,여자,32223,68.0
201404,경기도,3,남자,33817,68.0
201404,경기도,3,여자,31031,68.0
201404,경상남도,1,남자,8964,52.0
201404,경상남도,1,여자,8453,52.0
201404,경상남도,2,남자,8683,52.0
201404,경상남도,2,여자,7900,52.0
201404,경상남도,3,남자,9666,52.0
201404,경상남도,3,여자,8549,52.0
201404,경상북도,1,남자,6602,59.0
201404,경상북도,1,여자,6097,59.0
201404,경상북도,2,남자,6725,59.0
201404,경상북도,2,여자,5756,59.0
201404,경상북도,3,남자,7929,59.0
201404,경상북도,3,여자,6678,59.0
201404,광주광역시,1,남자,3961,43.0
201404,광주광역시,1,여자,3776,43.0
201404,광주광역시,2,남자,4242,43.0
201404,광주광역시,2,여자,3869,43.0
201404,광주광역시,3,남자,4046,43.0
201404,광주광역시,3,여자,3610,43.0
201404,대구광역시,1,남자,6043,53.0
201404,대구광역시,1,여자,5692,53.0
201404,대구광역시,2,남자,7268,53.0
201404,대구광역시,2,여자,6326,53.0
201404,대구광역시,3,남자,9056,53.0
201404,대구광역시,3,여자,7435,53.0
201404,대전광역시,1,남자,4257,45.0
201404,대전광역시,1,여자,3936,45.0
201404,대전광역시,2,남자,4549,45.0
201404,대전광역시,2,여자,3940,45.0
201404,대전광역시,3,남자,5097,45.0
201404,대전광역시,3,여자,4243,45.0
201404,부산광역시,1,남자,6975,53.0
201404,부산광역시,1,여자,6640,53.0
201404,부산광역시,2,남자,6698,53.0
201404,부산광역시,2,여자,6159,53.0
201404,부산광역시,3,남자,7675,53.0
201404,부산광역시,3,여자,6672,53.0
201404,서울특별시,1,남자,20262,58.0
201404,서울특별시,1,여자,19219,58.0
201404,서울특별시,2,남자,21568,58.0
201404,서울특별시,2,여자,19250,58.0
201404,서울특별시,3,남자,21585,58.0
201404,서울특별시,3,여자,18585,58.0
201404,세종특별자치시,1,남자,528,55.0
201404,세종특별자치시,1,여자,562,55.0
201404,세종특별자치시,2,남자,530,55.0
201404,세종특별자치시,2,여자,556,55.0
201404,세종특별자치시,3,남자,378,55.0
201404,세종특별자치시,3,여자,306,55.0
201404,울산광역시,1,남자,3214,56.0
201404,울산광역시,1,여자,2879,56.0
201404,울산광역시,2,남자,3061,56.0
201404,울산광역시,2,여자,2657,56.0
201404,울산광역시,3,남자,4036,56.0
201404,울산광역시,3,여자,3525,56.0
201404,인천광역시,1,남자,7277,59.0
201404,인천광역시,1,여자,7036,59.0
201404,인천광역시,2,남자,7318,59.0
201404,인천광역시,2,여자,7223,59.0
201404,인천광역시,3,남자,7491,59.0
201404,인천광역시,3,여자,6968,59.0
201404,전라남도,1,남자,4501,43.0
201404,전라남도,1,여자,4513,43.0
201404,전라남도,2,남자,4214,43.0
201404,전라남도,2,여자,3820,43.0
201404,전라남도,3,남자,4350,43.0
201404,전라남도,3,여자,3895,43.0
201404,전라북도,1,남자,4077,59.0
201404,전라북도,1,여자,3822,59.0
201404,전라북도,2,남자,4472,59.0
201404,전라북도,2,여자,4256,59.0
201404,전라북도,3,남자,4812,59.0
201404,전라북도,3,여자,4407,59.0
201404,제주특별자치도,1,남자,4961,49.0
201404,제주특별자치도,1,여자,4626,49.0
201404,제주특별자치도,2,남자,5099,49.0
201404,제주특별자치도,2,여자,4676,49.0
201404,제주특별자치도,3,남자,5342,49.0
201404,제주특별자치도,3,여자,4822,49.0
201404,충청남도,1,남자,5607,52.0
201404,충청남도,1,여자,5231,52.0
201404,충청남도,2,남자,5339,52.0
201404,충청남도,2,여자,4927,52.0
201404,충청남도,3,남자,4531,52.0
201404,충청남도,3,여자,4042,52.0
201404,충청북도,1,남자,4116,65.0
201404,충청북도,1,여자,3952,65.0
201404,충청북도,2,남자,3903,65.0
201404,충청북도,2,여자,3404,65.0
201404,충청북도,3,남자,4136,65.0
201404,충청북도,3,여자,3627,65.0
201405,경기도,1,남자,26656,71.0
201405,경기도,1,여자,24428,71.0
201405,경기도,2,남자,24087,71.0
201405,경기도,2,여자,21649,71.0
201405,경기도,3,남자,22427,71.0
201405,경기도,3,여자,21335,71.0
201405,경상남도,1,남자,6804,67.0
201405,경상남도,1,여자,6308,67.0
201405,경상남도,2,남자,5606,67.0
201405,경상남도,2,여자,5094,67.0
201405,경상남도,3,남자,5332,67.0
201405,경상남도,3,여자,4666,67.0
201405,경상북도,1,남자,5004,66.0
201405,경상북도,1,여자,4728,66.0
201405,경상북도,2,남자,4022,66.0
201405,경상북도,2,여자,3705,66.0
201405,경상북도,3,남자,3835,66.0
201405,경상북도,3,여자,3118,66.0
201405,광주광역시,1,남자,3065,64.0
201405,광주광역시,1,여자,2874,64.0
201405,광주광역시,2,남자,2972,64.0
201405,광주광역시,2,여자,2664,64.0
201405,광주광역시,3,남자,3119,64.0
201405,광주광역시,3,여자,2638,64.0
201405,대구광역시,1,남자,4361,60.0
201405,대구광역시,1,여자,4152,60.0
201405,대구광역시,2,남자,3974,60.0
201405,대구광역시,2,여자,3902,60.0
201405,대구광역시,3,남자,4127,60.0
201405,대구광역시,3,여자,3710,60.0
201405,대전광역시,1,남자,3295,59.0
201405,대전광역시,1,여자,3132,59.0
201405,대전광역시,2,남자,2980,59.0
201405,대전광역시,2,여자,2674,59.0
201405,대전광역시,3,남자,3126,59.0
201405,대전광역시,3,여자,2874,59.0
201405,부산광역시,1,남자,5424,71.0
201405,부산광역시,1,여자,5296,71.0
201405,부산광역시,2,남자,4506,71.0
201405,부산광역시,2,여자,4034,71.0
201405,부산광역시,3,남자,5060,71.0
201405,부산광역시,3,여자,4504,71.0
201405,서울특별시,1,남자,15478,63.0
201405,서울특별시,1,여자,14487,63.0
201405,서울특별시,2,남자,13300,63.0
201405,서울특별시,2,여자,12248,63.0
201405,서울특별시,3,남자,13137,63.0
201405,서울특별시,3,여자,11739,63.0
201405,세종특별자치시,1,남자,417,66.25
201405,세종특별자치시,1,여자,412,66.25
201405,세종특별자치시,2,남자,377,66.25
201405,세종특별자치시,2,여자,355,66.25
201405,세종특별자치시,3,남자,284,66.25
201405,세종특별자치시,3,여자,298,66.25
201405,울산광역시,1,남자,2443,67.0
201405,울산광역시,1,여자,2269,67.0
201405,울산광역시,2,남자,1993,67.0
201405,울산광역시,2,여자,1710,67.0
201405,울산광역시,3,남자,2012,67.0
201405,울산광역시,3,여자,1857,67.0
201405,인천광역시,1,남자,5790,67.0
201405,인천광역시,1,여자,5452,67.0
201405,인천광역시,2,남자,5181,67.0
201405,인천광역시,2,여자,4772,67.0
201405,인천광역시,3,남자,5222,67.0
201405,인천광역시,3,여자,4720,67.0
201405,전라남도,1,남자,3701,56.0
201405,전라남도,1,여자,3663,56.0
201405,전라남도,2,남자,3172,56.0
201405,전라남도,2,여자,2831,56.0
201405,전라남도,3,남자,3136,56.0
201405,전라남도,3,여자,2896,56.0
201405,전라북도,1,남자,3243,73.0
201405,전라북도,1,여자,2995,73.0
201405,전라북도,2,남자,3562,73.0
201405,전라북도,2,여자,3079,73.0
201405,전라북도,3,남자,3558,73.0
201405,전라북도,3,여자,3077,73.0
201405,제주특별자치도,1,남자,4038,77.0
201405,제주특별자치도,1,여자,3724,77.0
201405,제주특별자치도,2,남자,3971,77.0
201405,제주특별자치도,2,여자,3412,77.0
201405,제주특별자치도,3,남자,3922,77.0
201405,제주특별자치도,3,여자,3414,77.0
201405,충청남도,1,남자,4498,62.0
201405,충청남도,1,여자,4158,62.0
201405,충청남도,2,남자,3986,62.0
201405,충청남도,2,여자,3685,62.0
201405,충청남도,3,남자,3464,62.0
201405,충청남도,3,여자,3113,62.0
201405,충청북도,1,남자,3277,70.0
201405,충청북도,1,여자,3161,70.0
201405,충청북도,2,남자,2682,70.0
201405,충청북도,2,여자,2506,70.0
201405,충청북도,3,남자,2630,70.0
201405,충청북도,3,여자,2300,70.0
201406,경기도,1,남자,24461,47.0
201406,경기도,1,여자,22858,47.0
201406,경기도,2,남자,21228,47.0
201406,경기도,2,여자,20047,47.0
201406,경기도,3,남자,15783,47.0
201406,경기도,3,여자,15678,47.0
201406,경상남도,1,남자,6240,48.0
201406,경상남도,1,여자,5885,48.0
201406,경상남도,2,남자,5338,48.0
201406,경상남도,2,여자,4660,48.0
201406,경상남도,3,남자,4229,48.0
201406,경상남도,3,여자,3801,48.0
201406,경상북도,1,남자,4530,47.0
201406,경상북도,1,여자,4244,47.0
201406,경상북도,2,남자,3635,47.0
201406,경상북도,2,여자,3249,47.0
201406,경상북도,3,남자,2757,47.0
201406,경상북도,3,여자,2698,47.0
201406,광주광역시,1,남자,2841,41.0
201406,광주광역시,1,여자,2492,41.0
201406,광주광역시,2,남자,2451,41.0
201406,광주광역시,2,여자,2264,41.0
201406,광주광역시,3,남자,2273,41.0
201406,광주광역시,3,여자,2168,41.0
201406,대구광역시,1,남자,4046,42.0
201406,대구광역시,1,여자,3878,42.0
201406,대구광역시,2,남자,3951,42.0
201406,대구광역시,2,여자,3559,42.0
201406,대구광역시,3,남자,3161,42.0
201406,대구광역시,3,여자,2822,42.0
201406,대전광역시,1,남자,3040,39.0
201406,대전광역시,1,여자,2825,39.0
201406,대전광역시,2,남자,2539,39.0
201406,대전광역시,2,여자,2417,39.0
201406,대전광역시,3,남자,1983,39.0
201406,대전광역시,3,여자,1950,39.0
201406,부산광역시,1,남자,5337,54.0
201406,부산광역시,1,여자,4958,54.0
201406,부산광역시,2,남자,4192,54.0
201406,부산광역시,2,여자,3872,54.0
201406,부산광역시,3,남자,3661,54.0
201406,부산광역시,3,여자,3513,54.0
201406,서울특별시,1,남자,14481,38.0
201406,서울특별시,1,여자,13376,38.0
201406,서울특별시,2,남자,11999,38.0
201406,서울특별시,2,여자,11230,38.0
201406,서울특별시,3,남자,9434,38.0
201406,서울특별시,3,여자,9285,38.0
201406,세종특별자치시,1,남자,359,44.75
201406,세종특별자치시,1,여자,349,44.75
201406,세종특별자치시,2,남자,312,44.75
201406,세종특별자치시,2,여자,307,44.75
201406,세종특별자치시,3,남자,167,44.75
201406,세종특별자치시,3,여자,182,44.75
201406,울산광역시,1,남자,2664,48.0
201406,울산광역시,1,여자,2454,48.0
201406,울산광역시,2,남자,1849,48.0
201406,울산광역시,2,여자,1674,48.0
201406,울산광역시,3,남자,1794,48.0
201406,울산광역시,3,여자,1707,48.0
201406,인천광역시,1,남자,5290,43.0
201406,인천광역시,1,여자,5066,43.0
201406,인천광역시,2,남자,4644,43.0
201406,인천광역시,2,여자,4352,43.0
201406,인천광역시,3,남자,3926,43.0
201406,인천광역시,3,여자,3649,43.0
201406,전라남도,1,남자,3239,40.0
201406,전라남도,1,여자,3078,40.0
201406,전라남도,2,남자,2545,40.0
201406,전라남도,2,여자,2303,40.0
201406,전라남도,3,남자,2376,40.0
201406,전라남도,3,여자,2288,40.0
201406,전라북도,1,남자,2992,48.0
201406,전라북도,1,여자,2788,48.0
201406,전라북도,2,남자,2953,48.0
201406,전라북도,2,여자,2617,48.0
201406,전라북도,3,남자,2495,48.0
201406,전라북도,3,여자,2255,48.0
201406,제주특별자치도,1,남자,3416,51.0
201406,제주특별자치도,1,여자,3218,51.0
201406,제주특별자치도,2,남자,3026,51.0
201406,제주특별자치도,2,여자,2871,51.0
201406,제주특별자치도,3,남자,2515,51.0
201406,제주특별자치도,3,여자,2406,51.0
201406,충청남도,1,남자,4042,39.0
201406,충청남도,1,여자,3755,39.0
201406,충청남도,2,남자,3524,39.0
201406,충청남도,2,여자,3212,39.0
201406,충청남도,3,남자,2336,39.0
201406,충청남도,3,여자,2123,39.0
201406,충청북도,1,남자,2821,47.0
201406,충청북도,1,여자,2533,47.0
201406,충청북도,2,남자,2316,47.0
201406,충청북도,2,여자,2048,47.0
201406,충청북도,3,남자,1788,47.0
201406,충청북도,3,여자,1699,47.0
201407,경기도,1,남자,25752,46.0
201407,경기도,1,여자,23882,46.0
201407,경기도,2,남자,31302,46.0
201407,경기도,2,여자,28347,46.0
201407,경기도,3,남자,18655,46.0
201407,경기도,3,여자,18622,46.0
201407,경상남도,1,남자,7129,40.0
201407,경상남도,1,여자,6570,40.0
201407,경상남도,2,남자,7290,40.0
201407,경상남도,2,여자,6440,40.0
201407,경상남도,3,남자,4867,40.0
201407,경상남도,3,여자,4992,40.0
201407,경상북도,1,남자,4443,42.0
201407,경상북도,1,여자,4058,42.0
201407,경상북도,2,남자,4740,42.0
201407,경상북도,2,여자,4192,42.0
201407,경상북도,3,남자,3054,42.0
201407,경상북도,3,여자,2933,42.0
201407,광주광역시,1,남자,3047,29.0
201407,광주광역시,1,여자,2797,29.0
201407,광주광역시,2,남자,3284,29.0
201407,광주광역시,2,여자,3051,29.0
201407,광주광역시,3,남자,2443,29.0
201407,광주광역시,3,여자,2530,29.0
201407,대구광역시,1,남자,4655,38.0
201407,대구광역시,1,여자,4357,38.0
201407,대구광역시,2,남자,5548,38.0
201407,대구광역시,2,여자,5076,38.0
201407,대구광역시,3,남자,3723,38.0
201407,대구광역시,3,여자,3371,38.0
201407,대전광역시,1,남자,2934,31.0
201407,대전광역시,1,여자,2760,31.0
201407,대전광역시,2,남자,3508,31.0
201407,대전광역시,2,여자,3220,31.0
201407,대전광역시,3,남자,2570,31.0
201407,대전광역시,3,여자,2414,31.0
201407,부산광역시,1,남자,5652,48.0
201407,부산광역시,1,여자,5192,48.0
201407,부산광역시,2,남자,5766,48.0
201407,부산광역시,2,여자,5100,48.0
201407,부산광역시,3,남자,4377,48.0
201407,부산광역시,3,여자,4135,48.0
201407,서울특별시,1,남자,14669,38.0
201407,서울특별시,1,여자,13394,38.0
201407,서울특별시,2,남자,17388,38.0
201407,서울특별시,2,여자,15836,38.0
201407,서울특별시,3,남자,11516,38.0
201407,서울특별시,3,여자,11315,38.0
201407,세종특별자치시,1,남자,622,38.375
201407,세종특별자치시,1,여자,597,38.375
201407,세종특별자치시,2,남자,648,38.375
201407,세종특별자치시,2,여자,629,38.375
201407,세종특별자치시,3,남자,334,38.375
201407,세종특별자치시,3,여자,295,38.375
201407,울산광역시,1,남자,2496,45.0
201407,울산광역시,1,여자,2311,45.0
201407,울산광역시,2,남자,2660,45.0
201407,울산광역시,2,여자,2220,45.0
201407,울산광역시,3,남자,2059,45.0
201407,울산광역시,3,여자,2003,45.0
201407,인천광역시,1,남자,5715,41.0
201407,인천광역시,1,여자,5322,41.0
201407,인천광역시,2,남자,6635,41.0
201407,인천광역시,2,여자,6119,41.0
201407,인천광역시,3,남자,4128,41.0
201407,인천광역시,3,여자,4120,41.0
201407,전라남도,1,남자,3467,32.0
201407,전라남도,1,여자,3173,32.0
201407,전라남도,2,남자,3439,32.0
201407,전라남도,2,여자,3186,32.0
201407,전라남도,3,남자,2497,32.0
201407,전라남도,3,여자,2455,32.0
201407,전라북도,1,남자,3151,36.0
201407,전라북도,1,여자,2894,36.0
201407,전라북도,2,남자,3993,36.0
201407,전라북도,2,여자,3624,36.0
201407,전라북도,3,남자,2805,36.0
201407,전라북도,3,여자,2706,36.0
201407,제주특별자치도,1,남자,3320,38.0
201407,제주특별자치도,1,여자,3055,38.0
201407,제주특별자치도,2,남자,4033,38.0
201407,제주특별자치도,2,여자,3563,38.0
201407,제주특별자치도,3,남자,3044,38.0
201407,제주특별자치도,3,여자,2751,38.0
201407,충청남도,1,남자,4403,34.0
201407,충청남도,1,여자,4051,34.0
201407,충청남도,2,남자,4723,34.0
201407,충청남도,2,여자,4380,34.0
201407,충청남도,3,남자,2749,34.0
201407,충청남도,3,여자,2648,34.0
201407,충청북도,1,남자,2930,37.0
201407,충청북도,1,여자,2717,37.0
201407,충청북도,2,남자,3251,37.0
201407,충청북도,2,여자,2854,37.0
201407,충청북도,3,남자,2106,37.0
201407,충청북도,3,여자,1976,37.0
201408,경기도,1,남자,28057,36.0
201408,경기도,1,여자,25774,36.0
201408,경기도,2,남자,34869,36.0
201408,경기도,2,여자,28354,36.0
201408,경기도,3,남자,23181,36.0
201408,경기도,3,여자,18362,36.0
201408,경상남도,1,남자,7774,29.0
201408,경상남도,1,여자,7155,29.0
201408,경상남도,2,남자,8006,29.0
201408,경상남도,2,여자,6661,29.0
201408,경상남도,3,남자,4625,29.0
201408,경상남도,3,여자,3738,29.0
201408,경상북도,1,남자,5255,32.0
201408,경상북도,1,여자,4811,32.0
201408,경상북도,2,남자,5625,32.0
201408,경상북도,2,여자,4435,32.0
201408,경상북도,3,남자,3567,32.0
201408,경상북도,3,여자,2905,32.0
201408,광주광역시,1,남자,4041,32.0
201408,광주광역시,1,여자,3638,32.0
201408,광주광역시,2,남자,4380,32.0
201408,광주광역시,2,여자,3570,32.0
201408,광주광역시,3,남자,2572,32.0
201408,광주광역시,3,여자,2064,32.0
201408,대구광역시,1,남자,5094,27.0
201408,대구광역시,1,여자,4907,27.0
201408,대구광역시,2,남자,6236,27.0
201408,대구광역시,2,여자,5002,27.0
201408,대구광역시,3,남자,3925,27.0
201408,대구광역시,3,여자,3137,27.0
201408,대전광역시,1,남자,3785,23.0
201408,대전광역시,1,여자,3479,23.0
201408,대전광역시,2,남자,4554,23.0
201408,대전광역시,2,여자,3620,23.0
201408,대전광역시,3,남자,3057,23.0
201408,대전광역시,3,여자,2559,23.0
201408,부산광역시,1,남자,6334,36.0
201408,부산광역시,1,여자,6118,36.0
201408,부산광역시,2,남자,6508,36.0
201408,부산광역시,2,여자,5491,36.0
201408,부산광역시,3,남자,4081,36.0
201408,부산광역시,3,여자,3332,36.0
201408,서울특별시,1,남자,16095,29.0
201408,서울특별시,1,여자,14547,29.0
201408,서울특별시,2,남자,18984,29.0
201408,서울특별시,2,여자,15527,29.0
201408,서울특별시,3,남자,12764,29.0
201408,서울특별시,3,여자,10444,29.0
201408,세종특별자치시,1,남자,780,30.3125
201408,세종특별자치시,1,여자,665,30.3125
201408,세종특별자치시,2,남자,858,30.3125
201408,세종특별자치시,2,여자,747,30.3125
201408,세종특별자치시,3,남자,441,30.3125
201408,세종특별자치시,3,여자,335,30.3125
201408,울산광역시,1,남자,2739,32.0
201408,울산광역시,1,여자,2424,32.0
201408,울산광역시,2,남자,2663,32.0
201408,울산광역시,2,여자,2107,32.0
201408,울산광역시,3,남자,1596,32.0
201408,울산광역시,3,여자,1163,32.0
201408,인천광역시,1,남자,6381,34.0
201408,인천광역시,1,여자,5823,34.0
201408,인천광역시,2,남자,7317,34.0
201408,인천광역시,2,여자,6176,34.0
201408,인천광역시,3,남자,4860,34.0
201408,인천광역시,3,여자,4072,34.0
201408,전라남도,1,남자,4006,26.0
201408,전라남도,1,여자,3966,26.0
201408,전라남도,2,남자,3962,26.0
201408,전라남도,2,여자,3440,26.0
201408,전라남도,3,남자,2552,26.0
201408,전라남도,3,여자,2145,26.0
201408,전라북도,1,남자,3636,31.0
201408,전라북도,1,여자,3309,31.0
201408,전라북도,2,남자,4724,31.0
201408,전라북도,2,여자,3702,31.0
201408,전라북도,3,남자,3092,31.0
201408,전라북도,3,여자,2507,31.0
201408,제주특별자치도,1,남자,4102,30.0
201408,제주특별자치도,1,여자,3676,30.0
201408,제주특별자치도,2,남자,4852,30.0
201408,제주특별자치도,2,여자,4077,30.0
201408,제주특별자치도,3,남자,3200,30.0
201408,제주특별자치도,3,여자,2674,30.0
201408,충청남도,1,남자,4987,28.0
201408,충청남도,1,여자,4758,28.0
201408,충청남도,2,남자,5577,28.0
201408,충청남도,2,여자,4616,28.0
201408,충청남도,3,남자,3298,28.0
201408,충청남도,3,여자,2614,28.0
201408,충청북도,1,남자,3266,28.0
201408,충청북도,1,여자,2989,28.0
201408,충청북도,2,남자,3802,28.0
201408,충청북도,2,여자,2922,28.0
201408,충청북도,3,남자,2497,28.0
201408,충청북도,3,여자,1969,28.0
201409,경기도,1,남자,39798,35.0
201409,경기도,1,여자,36985,35.0
201409,경기도,2,남자,49718,35.0
201409,경기도,2,여자,44917,35.0
201409,경기도,3,남자,41452,35.0
201409,경기도,3,여자,36661,35.0
201409,경상남도,1,남자,11743,37.0
201409,경상남도,1,여자,10918,37.0
201409,경상남도,2,남자,13207,37.0
201409,경상남도,2,여자,11508,37.0
201409,경상남도,3,남자,11370,37.0
201409,경상남도,3,여자,9408,37.0
201409,경상북도,1,남자,7715,33.0
201409,경상북도,1,여자,7065,33.0
201409,경상북도,2,남자,9160,33.0
201409,경상북도,2,여자,7840,33.0
201409,경상북도,3,남자,7546,33.0
201409,경상북도,3,여자,6369,33.0
201409,광주광역시,1,남자,5011,31.0
201409,광주광역시,1,여자,4775,31.0
201409,광주광역시,2,남자,6254,31.0
201409,광주광역시,2,여자,5609,31.0
201409,광주광역시,3,남자,5691,31.0
201409,광주광역시,3,여자,4810,31.0
201409,대구광역시,1,남자,7685,33.0
201409,대구광역시,1,여자,7074,33.0
201409,대구광역시,2,남자,10124,33.0
201409,대구광역시,2,여자,9179,33.0
201409,대구광역시,3,남자,9180,33.0
201409,대구광역시,3,여자,7700,33.0
201409,대전광역시,1,남자,5364,27.0
201409,대전광역시,1,여자,5079,27.0
201409,대전광역시,2,남자,6533,27.0
201409,대전광역시,2,여자,5865,27.0
201409,대전광역시,3,남자,6308,27.0
201409,대전광역시,3,여자,5394,27.0
201409,부산광역시,1,남자,9011,39.0
201409,부산광역시,1,여자,8365,39.0
201409,부산광역시,2,남자,9602,39.0
201409,부산광역시,2,여자,8559,39.0
201409,부산광역시,3,남자,8568,39.0
201409,부산광역시,3,여자,7496,39.0
201409,서울특별시,1,남자,23016,29.0
201409,서울특별시,1,여자,21124,29.0
201409,서울특별시,2,남자,28727,29.0
201409,서울특별시,2,여자,25315,29.0
201409,서울특별시,3,남자,25061,29.0
201409,서울특별시,3,여자,21562,29.0
201409,세종특별자치시,1,남자,1044,33.0
201409,세종특별자치시,1,여자,1019,33.0
201409,세종특별자치시,2,남자,1255,33.0
201409,세종특별자치시,2,여자,1189,33.0
201409,세종특별자치시,3,남자,719,33.0
201409,세종특별자치시,3,여자,696,33.0
201409,울산광역시,1,남자,3870,35.0
201409,울산광역시,1,여자,3577,35.0
201409,울산광역시,2,남자,4028,35.0
201409,울산광역시,2,여자,3510,35.0
201409,울산광역시,3,남자,3559,35.0
201409,울산광역시,3,여자,3077,35.0
201409,인천광역시,1,남자,8548,36.0
201409,인천광역시,1,여자,8057,36.0
201409,인천광역시,2,남자,10172,36.0
201409,인천광역시,2,여자,9480,36.0
201409,인천광역시,3,남자,8983,36.0
201409,인천광역시,3,여자,7964,36.0
201409,전라남도,1,남자,5662,28.0
201409,전라남도,1,여자,5429,28.0
201409,전라남도,2,남자,5943,28.0
201409,전라남도,2,여자,5332,28.0
201409,전라남도,3,남자,5147,28.0
201409,전라남도,3,여자,4752,28.0
201409,전라북도,1,남자,5020,37.0
201409,전라북도,1,여자,4650,37.0
201409,전라북도,2,남자,6849,37.0
201409,전라북도,2,여자,6085,37.0
201409,전라북도,3,남자,6201,37.0
201409,전라북도,3,여자,5735,37.0
201409,제주특별자치도,1,남자,5690,33.0
201409,제주특별자치도,1,여자,5340,33.0
201409,제주특별자치도,2,남자,7094,33.0
201409,제주특별자치도,2,여자,6213,33.0
201409,제주특별자치도,3,남자,5773,33.0
201409,제주특별자치도,3,여자,5367,33.0
201409,충청남도,1,남자,7331,31.0
201409,충청남도,1,여자,6785,31.0
201409,충청남도,2,남자,8141,31.0
201409,충청남도,2,여자,7440,31.0
201409,충청남도,3,남자,6481,31.0
201409,충청남도,3,여자,5800,31.0
201409,충청북도,1,남자,4883,33.0
201409,충청북도,1,여자,4561,33.0
201409,충청북도,2,남자,6032,33.0
201409,충청북도,2,여자,5290,33.0
201409,충청북도,3,남자,5271,33.0
201409,충청북도,3,여자,4551,33.0
201410,경기도,1,남자,36393,41.0
201410,경기도,1,여자,34854,41.0
201410,경기도,2,남자,40459,41.0
201410,경기도,2,여자,40201,41.0
201410,경기도,3,남자,27939,41.0
201410,경기도,3,여자,29536,41.0
201410,경상남도,1,남자,10567,41.0
201410,경상남도,1,여자,9980,41.0
201410,경상남도,2,남자,10348,41.0
201410,경상남도,2,여자,10132,41.0
201410,경상남도,3,남자,6621,41.0
201410,경상남도,3,여자,6851,41.0
201410,경상북도,1,남자,7119,39.0
201410,경상북도,1,여자,6605,39.0
201410,경상북도,2,남자,6967,39.0
201410,경상북도,2,여자,6831,39.0
201410,경상북도,3,남자,4420,39.0
201410,경상북도,3,여자,4424,39.0
201410,광주광역시,1,남자,4643,32.0
201410,광주광역시,1,여자,4359,32.0
201410,광주광역시,2,남자,5311,32.0
201410,광주광역시,2,여자,5281,32.0
201410,광주광역시,3,남자,3697,32.0
201410,광주광역시,3,여자,3821,32.0
201410,대구광역시,1,남자,7117,36.0
201410,대구광역시,1,여자,6920,36.0
201410,대구광역시,2,남자,7659,36.0
201410,대구광역시,2,여자,7389,36.0
201410,대구광역시,3,남자,5221,36.0
201410,대구광역시,3,여자,5426,36.0
201410,대전광역시,1,남자,4683,29.0
201410,대전광역시,1,여자,4425,29.0
201410,대전광역시,2,남자,4888,29.0
201410,대전광역시,2,여자,4869,29.0
201410,대전광역시,3,남자,3506,29.0
201410,대전광역시,3,여자,3693,29.0
201410,부산광역시,1,남자,8492,39.0
201410,부산광역시,1,여자,8156,39.0
201410,부산광역시,2,남자,8610,39.0
201410,부산광역시,2,여자,8199,39.0
201410,부산광역시,3,남자,6182,39.0
201410,부산광역시,3,여자,6340,39.0
201410,서울특별시,1,남자,22062,33.0
201410,서울특별시,1,여자,20664,33.0
201410,서울특별시,2,남자,23625,33.0
201410,서울특별시,2,여자,22642,33.0
201410,서울특별시,3,남자,18086,33.0
201410,서울특별시,3,여자,18281,33.0
201410,세종특별자치시,1,남자,896,36.4375
201410,세종특별자치시,1,여자,896,36.4375
201410,세종특별자치시,2,남자,914,36.4375
201410,세종특별자치시,2,여자,955,36.4375
201410,세종특별자치시,3,남자,414,36.4375
201410,세종특별자치시,3,여자,460,36.4375
201410,울산광역시,1,남자,3790,39.0
201410,울산광역시,1,여자,3610,39.0
201410,울산광역시,2,남자,3541,39.0
201410,울산광역시,2,여자,3295,39.0
201410,울산광역시,3,남자,2281,39.0
201410,울산광역시,3,여자,2309,39.0
201410,인천광역시,1,남자,8175,40.0
201410,인천광역시,1,여자,7921,40.0
201410,인천광역시,2,남자,9212,40.0
201410,인천광역시,2,여자,9281,40.0
201410,인천광역시,3,남자,6722,40.0
201410,인천광역시,3,여자,7083,40.0
201410,전라남도,1,남자,4889,28.0
201410,전라남도,1,여자,4864,28.0
201410,전라남도,2,남자,4870,28.0
201410,전라남도,2,여자,4906,28.0
201410,전라남도,3,남자,3513,28.0
201410,전라남도,3,여자,3620,28.0
201410,전라북도,1,남자,4398,40.0
201410,전라북도,1,여자,4188,40.0
201410,전라북도,2,남자,5461,40.0
201410,전라북도,2,여자,5320,40.0
201410,전라북도,3,남자,4096,40.0
201410,전라북도,3,여자,4281,40.0
201410,제주특별자치도,1,남자,5334,38.0
201410,제주특별자치도,1,여자,5024,38.0
201410,제주특별자치도,2,남자,6200,38.0
201410,제주특별자치도,2,여자,5936,38.0
201410,제주특별자치도,3,남자,4534,38.0
201410,제주특별자치도,3,여자,4546,38.0
201410,충청남도,1,남자,6066,35.0
201410,충청남도,1,여자,5685,35.0
201410,충청남도,2,남자,6391,35.0
201410,충청남도,2,여자,6240,35.0
201410,충청남도,3,남자,3730,35.0
201410,충청남도,3,여자,3853,35.0
201410,충청북도,1,남자,3854,36.0
201410,충청북도,1,여자,3765,36.0
201410,충청북도,2,남자,4125,36.0
201410,충청북도,2,여자,4030,36.0
201410,충청북도,3,남자,2916,36.0
201410,충청북도,3,여자,2992,36.0
201411,경기도,1,남자,31995,53.0
201411,경기도,1,여자,30798,53.0
201411,경기도,2,남자,36954,53.0
201411,경기도,2,여자,37018,53.0
201411,경기도,3,남자,29683,53.0
201411,경기도,3,여자,31127,53.0
201411,경상남도,1,남자,9505,48.0
201411,경상남도,1,여자,9223,48.0
201411,경상남도,2,남자,10455,48.0
201411,경상남도,2,여자,10252,48.0
201411,경상남도,3,남자,8718,48.0
201411,경상남도,3,여자,8361,48.0
201411,경상북도,1,남자,6190,47.0
201411,경상북도,1,여자,5993,47.0
201411,경상북도,2,남자,6741,47.0
201411,경상북도,2,여자,6615,47.0
201411,경상북도,3,남자,5740,47.0
201411,경상북도,3,여자,5668,47.0
201411,광주광역시,1,남자,3686,37.0
201411,광주광역시,1,여자,3563,37.0
201411,광주광역시,2,남자,4360,37.0
201411,광주광역시,2,여자,4477,37.0
201411,광주광역시,3,남자,4093,37.0
201411,광주광역시,3,여자,4374,37.0
201411,대구광역시,1,남자,5802,49.0
201411,대구광역시,1,여자,5546,49.0
201411,대구광역시,2,남자,7369,49.0
201411,대구광역시,2,여자,7277,49.0
201411,대구광역시,3,남자,6726,49.0
201411,대구광역시,3,여자,6398,49.0
201411,대전광역시,1,남자,4120,39.0
201411,대전광역시,1,여자,3910,39.0
201411,대전광역시,2,남자,4721,39.0
201411,대전광역시,2,여자,4723,39.0
201411,대전광역시,3,남자,4250,39.0
201411,대전광역시,3,여자,4526,39.0
201411,부산광역시,1,남자,7630,47.0
201411,부산광역시,1,여자,7523,47.0
201411,부산광역시,2,남자,7827,47.0
201411,부산광역시,2,여자,8020,47.0
201411,부산광역시,3,남자,6859,47.0
201411,부산광역시,3,여자,6883,47.0
201411,서울특별시,1,남자,18236,45.0
201411,서울특별시,1,여자,17347,45.0
201411,서울특별시,2,남자,20048,45.0
201411,서울특별시,2,여자,19835,45.0
201411,서울특별시,3,남자,16852,45.0
201411,서울특별시,3,여자,17562,45.0
201411,세종특별자치시,1,남자,905,44.1875
201411,세종특별자치시,1,여자,829,44.1875
201411,세종특별자치시,2,남자,895,44.1875
201411,세종특별자치시,2,여자,914,44.1875
201411,세종특별자치시,3,남자,547,44.1875
201411,세종특별자치시,3,여자,534,44.1875
201411,울산광역시,1,남자,3484,46.0
201411,울산광역시,1,여자,3380,46.0
201411,울산광역시,2,남자,3922,46.0
201411,울산광역시,2,여자,3621,46.0
201411,울산광역시,3,남자,3166,46.0
201411,울산광역시,3,여자,3013,46.0
201411,인천광역시,1,남자,7295,47.0
201411,인천광역시,1,여자,6860,47.0
201411,인천광역시,2,남자,8084,47.0
201411,인천광역시,2,여자,8157,47.0
201411,인천광역시,3,남자,7181,47.0
201411,인천광역시,3,여자,7307,47.0
201411,전라남도,1,남자,4671,30.0
201411,전라남도,1,여자,4510,30.0
201411,전라남도,2,남자,5165,30.0
201411,전라남도,2,여자,5210,30.0
201411,전라남도,3,남자,4680,30.0
201411,전라남도,3,여자,4845,30.0
201411,전라북도,1,남자,4074,46.0
201411,전라북도,1,여자,3971,46.0
201411,전라북도,2,남자,5531,46.0
201411,전라북도,2,여자,5626,46.0
201411,전라북도,3,남자,4993,46.0
201411,전라북도,3,여자,5139,46.0
201411,제주특별자치도,1,남자,4759,39.0
201411,제주특별자치도,1,여자,4385,39.0
201411,제주특별자치도,2,남자,5734,39.0
201411,제주특별자치도,2,여자,5732,39.0
201411,제주특별자치도,3,남자,4992,39.0
201411,제주특별자치도,3,여자,4933,39.0
201411,충청남도,1,남자,5294,35.0
201411,충청남도,1,여자,5173,35.0
201411,충청남도,2,남자,6113,35.0
201411,충청남도,2,여자,6379,35.0
201411,충청남도,3,남자,4513,35.0
201411,충청남도,3,여자,4509,35.0
201411,충청북도,1,남자,3704,51.0
201411,충청북도,1,여자,3642,51.0
201411,충청북도,2,남자,4327,51.0
201411,충청북도,2,여자,4114,51.0
201411,충청북도,3,남자,3535,51.0
201411,충청북도,3,여자,3489,51.0
201412,경기도,1,남자,26697,51.0
201412,경기도,1,여자,25408,51.0
201412,경기도,2,남자,30625,51.0
201412,경기도,2,여자,29094,51.0
201412,경기도,3,남자,26423,51.0
201412,경기도,3,여자,25961,51.0
201412,경상남도,1,남자,8007,42.0
201412,경상남도,1,여자,7663,42.0
201412,경상남도,2,남자,9392,42.0
201412,경상남도,2,여자,8807,42.0
201412,경상남도,3,남자,7939,42.0
201412,경상남도,3,여자,7411,42.0
201412,경상북도,1,남자,5161,43.0
201412,경상북도,1,여자,4968,43.0
201412,경상북도,2,남자,5999,43.0
201412,경상북도,2,여자,5294,43.0
201412,경상북도,3,남자,5048,43.0
201412,경상북도,3,여자,4586,43.0
201412,광주광역시,1,남자,3277,35.0
201412,광주광역시,1,여자,3090,35.0
201412,광주광역시,2,남자,4027,35.0
201412,광주광역시,2,여자,3756,35.0
201412,광주광역시,3,남자,3311,35.0
201412,광주광역시,3,여자,3370,35.0
201412,대구광역시,1,남자,4533,44.0
201412,대구광역시,1,여자,4269,44.0
201412,대구광역시,2,남자,6156,44.0
201412,대구광역시,2,여자,5674,44.0
201412,대구광역시,3,남자,6215,44.0
201412,대구광역시,3,여자,5438,44.0
201412,대전광역시,1,남자,3255,43.0
201412,대전광역시,1,여자,3046,43.0
201412,대전광역시,2,남자,3682,43.0
201412,대전광역시,2,여자,3571,43.0
201412,대전광역시,3,남자,3612,43.0
201412,대전광역시,3,여자,3346,43.0
201412,부산광역시,1,남자,6401,42.0
201412,부산광역시,1,여자,6228,42.0
201412,부산광역시,2,남자,7316,42.0
201412,부산광역시,2,여자,6840,42.0
201412,부산광역시,3,남자,7028,42.0
201412,부산광역시,3,여자,6618,42.0
201412,서울특별시,1,남자,16008,44.0
201412,서울특별시,1,여자,15181,44.0
201412,서울특별시,2,남자,17593,44.0
201412,서울특별시,2,여자,16610,44.0
201412,서울특별시,3,남자,15434,44.0
201412,서울특별시,3,여자,14610,44.0
201412,세종특별자치시,1,남자,692,42.6875
201412,세종특별자치시,1,여자,633,42.6875
201412,세종특별자치시,2,남자,746,42.6875
201412,세종특별자치시,2,여자,778,42.6875
201412,세종특별자치시,3,남자,453,42.6875
201412,세종특별자치시,3,여자,440,42.6875
201412,울산광역시,1,남자,2966,38.0
201412,울산광역시,1,여자,2857,38.0
201412,울산광역시,2,남자,3044,38.0
201412,울산광역시,2,여자,2862,38.0
201412,울산광역시,3,남자,2763,38.0
201412,울산광역시,3,여자,2591,38.0
201412,인천광역시,1,남자,6312,45.0
201412,인천광역시,1,여자,5931,45.0
201412,인천광역시,2,남자,6718,45.0
201412,인천광역시,2,여자,6634,45.0
201412,인천광역시,3,남자,6217,45.0
201412,인천광역시,3,여자,6122,45.0
201412,전라남도,1,남자,4282,31.0
201412,전라남도,1,여자,4291,31.0
201412,전라남도,2,남자,4299,31.0
201412,전라남도,2,여자,4340,31.0
201412,전라남도,3,남자,3869,31.0
201412,전라남도,3,여자,3704,31.0
201412,전라북도,1,남자,3269,44.0
201412,전라북도,1,여자,3089,44.0
201412,전라북도,2,남자,4293,44.0
201412,전라북도,2,여자,4063,44.0
201412,전라북도,3,남자,4267,44.0
201412,전라북도,3,여자,3962,44.0
201412,제주특별자치도,1,남자,4741,46.0
201412,제주특별자치도,1,여자,4691,46.0
201412,제주특별자치도,2,남자,5315,46.0
201412,제주특별자치도,2,여자,5090,46.0
201412,제주특별자치도,3,남자,4698,46.0
201412,제주특별자치도,3,여자,4460,46.0
201412,충청남도,1,남자,4404,35.0
201412,충청남도,1,여자,4148,35.0
201412,충청남도,2,남자,4884,35.0
201412,충청남도,2,여자,4626,35.0
201412,충청남도,3,남자,3716,35.0
201412,충청남도,3,여자,3531,35.0
201412,충청북도,1,남자,3369,49.0
201412,충청북도,1,여자,3267,49.0
201412,충청북도,2,남자,3761,49.0
201412,충청북도,2,여자,3575,49.0
201412,충청북도,3,남자,3295,49.0
201412,충청북도,3,여자,2952,49.0
201501,경기도,1,남자,26457,58.0
201501,경기도,1,여자,24709,58.0
201501,경기도,2,남자,25373,58.0
201501,경기도,2,여자,22230,58.0
201501,경기도,3,남자,16414,58.0
201501,경기도,3,여자,14063,58.0
201501,경상남도,1,남자,7179,48.0
201501,경상남도,1,여자,6380,48.0
201501,경상남도,2,남자,6611,48.0
201501,경상남도,2,여자,5775,48.0
201501,경상남도,3,남자,4866,48.0
201501,경상남도,3,여자,4131,48.0
201501,경상북도,1,남자,4859,50.0
201501,경상북도,1,여자,4354,50.0
201501,경상북도,2,남자,4326,50.0
201501,경상북도,2,여자,3686,50.0
201501,경상북도,3,남자,3222,50.0
201501,경상북도,3,여자,2767,50.0
201501,광주광역시,1,남자,3188,43.0
201501,광주광역시,1,여자,2949,43.0
201501,광주광역시,2,남자,3135,43.0
201501,광주광역시,2,여자,2751,43.0
201501,광주광역시,3,남자,2615,43.0
201501,광주광역시,3,여자,2325,43.0
201501,대구광역시,1,남자,4668,54.0
201501,대구광역시,1,여자,4295,54.0
201501,대구광역시,2,남자,4607,54.0
201501,대구광역시,2,여자,3966,54.0
201501,대구광역시,3,남자,3694,54.0
201501,대구광역시,3,여자,3032,54.0
201501,대전광역시,1,남자,3213,52.0
201501,대전광역시,1,여자,3021,52.0
201501,대전광역시,2,남자,3124,52.0
201501,대전광역시,2,여자,2689,52.0
201501,대전광역시,3,남자,2398,52.0
201501,대전광역시,3,여자,2042,52.0
201501,부산광역시,1,남자,5715,47.0
201501,부산광역시,1,여자,5385,47.0
201501,부산광역시,2,남자,5330,47.0
201501,부산광역시,2,여자,4741,47.0
201501,부산광역시,3,남자,4510,47.0
201501,부산광역시,3,여자,3829,47.0
201501,서울특별시,1,남자,16131,49.0
201501,서울특별시,1,여자,14947,49.0
201501,서울특별시,2,남자,15165,49.0
201501,서울특별시,2,여자,13583,49.0
201501,서울특별시,3,남자,10916,49.0
201501,서울특별시,3,여자,9387,49.0
201501,세종특별자치시,1,남자,593,50.3125
201501,세종특별자치시,1,여자,617,50.3125
201501,세종특별자치시,2,남자,632,50.3125
201501,세종특별자치시,2,여자,531,50.3125
201501,세종특별자치시,3,남자,286,50.3125
201501,세종특별자치시,3,여자,262,50.3125
201501,울산광역시,1,남자,2622,46.0
201501,울산광역시,1,여자,2444,46.0
201501,울산광역시,2,남자,2248,46.0
201501,울산광역시,2,여자,1919,46.0
201501,울산광역시,3,남자,1755,46.0
201501,울산광역시,3,여자,1391,46.0
201501,인천광역시,1,남자,5693,53.0
201501,인천광역시,1,여자,5287,53.0
201501,인천광역시,2,남자,5656,53.0
201501,인천광역시,2,여자,4853,53.0
201501,인천광역시,3,남자,3964,53.0
201501,인천광역시,3,여자,3441,53.0
201501,전라남도,1,남자,3632,37.0
201501,전라남도,1,여자,3393,37.0
201501,전라남도,2,남자,3283,37.0
201501,전라남도,2,여자,2868,37.0
201501,전라남도,3,남자,2746,37.0
201501,전라남도,3,여자,2402,37.0
201501,전라북도,1,남자,3354,54.0
201501,전라북도,1,여자,3145,54.0
201501,전라북도,2,남자,3531,54.0
201501,전라북도,2,여자,3098,54.0
201501,전라북도,3,남자,2540,54.0
201501,전라북도,3,여자,2246,54.0
201501,제주특별자치도,1,남자,4032,49.0
201501,제주특별자치도,1,여자,3716,49.0
201501,제주특별자치도,2,남자,4022,49.0
201501,제주특별자치도,2,여자,3407,49.0
201501,제주특별자치도,3,남자,2892,49.0
201501,제주특별자치도,3,여자,2544,49.0
201501,충청남도,1,남자,4482,45.0
201501,충청남도,1,여자,4080,45.0
201501,충청남도,2,남자,4243,45.0
201501,충청남도,2,여자,3620,45.0
201501,충청남도,3,남자,2675,45.0
201501,충청남도,3,여자,2263,45.0
201501,충청북도,1,남자,2832,61.0
201501,충청북도,1,여자,2741,61.0
201501,충청북도,2,남자,2576,61.0
201501,충청북도,2,여자,2273,61.0
201501,충청북도,3,남자,1962,61.0
201501,충청북도,3,여자,1769,61.0
201502,경기도,1,남자,30265,88.0
201502,경기도,1,여자,28481,88.0
201502,경기도,2,남자,40556,88.0
201502,경기도,2,여자,37626,88.0
201502,경기도,3,남자,23075,88.0
201502,경기도,3,여자,21575,88.0
201502,경상남도,1,남자,8153,64.0
201502,경상남도,1,여자,7682,64.0
201502,경상남도,2,남자,10517,64.0
201502,경상남도,2,여자,9747,64.0
201502,경상남도,3,남자,7305,64.0
201502,경상남도,3,여자,6658,64.0
201502,경상북도,1,남자,5768,68.0
201502,경상북도,1,여자,5491,68.0
201502,경상북도,2,남자,6849,68.0
201502,경상북도,2,여자,6151,68.0
201502,경상북도,3,남자,4036,68.0
201502,경상북도,3,여자,3659,68.0
201502,광주광역시,1,남자,3786,59.0
201502,광주광역시,1,여자,3590,59.0
201502,광주광역시,2,남자,5228,59.0
201502,광주광역시,2,여자,5011,59.0
201502,광주광역시,3,남자,3733,59.0
201502,광주광역시,3,여자,3351,59.0
201502,대구광역시,1,남자,5429,66.0
201502,대구광역시,1,여자,5044,66.0
201502,대구광역시,2,남자,7542,66.0
201502,대구광역시,2,여자,7043,66.0
201502,대구광역시,3,남자,4736,66.0
201502,대구광역시,3,여자,4147,66.0
201502,대전광역시,1,남자,3851,68.0
201502,대전광역시,1,여자,3575,68.0
201502,대전광역시,2,남자,5116,68.0
201502,대전광역시,2,여자,4611,68.0
201502,대전광역시,3,남자,2865,68.0
201502,대전광역시,3,여자,2704,68.0
201502,부산광역시,1,남자,6913,63.0
201502,부산광역시,1,여자,6414,63.0
201502,부산광역시,2,남자,8645,63.0
201502,부산광역시,2,여자,8117,63.0
201502,부산광역시,3,남자,6862,63.0
201502,부산광역시,3,여자,6287,63.0
201502,서울특별시,1,남자,17630,84.0
201502,서울특별시,1,여자,16302,84.0
201502,서울특별시,2,남자,22524,84.0
201502,서울특별시,2,여자,20929,84.0
201502,서울특별시,3,남자,14558,84.0
201502,서울특별시,3,여자,13233,84.0
201502,세종특별자치시,1,남자,722,70.4375
201502,세종특별자치시,1,여자,683,70.4375
201502,세종특별자치시,2,남자,853,70.4375
201502,세종특별자치시,2,여자,778,70.4375
201502,세종특별자치시,3,남자,376,70.4375
201502,세종특별자치시,3,여자,306,70.4375
201502,울산광역시,1,남자,3342,64.0
201502,울산광역시,1,여자,3105,64.0
201502,울산광역시,2,남자,3543,64.0
201502,울산광역시,2,여자,3339,64.0
201502,울산광역시,3,남자,2515,64.0
201502,울산광역시,3,여자,2269,64.0
201502,인천광역시,1,남자,6634,84.0
201502,인천광역시,1,여자,6316,84.0
201502,인천광역시,2,남자,8476,84.0
201502,인천광역시,2,여자,7786,84.0
201502,인천광역시,3,남자,4950,84.0
201502,인천광역시,3,여자,4696,84.0
201502,전라남도,1,남자,4186,52.0
201502,전라남도,1,여자,4269,52.0
201502,전라남도,2,남자,5209,52.0
201502,전라남도,2,여자,4913,52.0
201502,전라남도,3,남자,3561,52.0
201502,전라남도,3,여자,3459,52.0
201502,전라북도,1,남자,3941,73.0
201502,전라북도,1,여자,3551,73.0
201502,전라북도,2,남자,5227,73.0
201502,전라북도,2,여자,4830,73.0
201502,전라북도,3,남자,3641,73.0
201502,전라북도,3,여자,3213,73.0
201502,제주특별자치도,1,남자,4518,61.0
201502,제주특별자치도,1,여자,4187,61.0
201502,제주특별자치도,2,남자,5490,61.0
201502,제주특별자치도,2,여자,4902,61.0
201502,제주특별자치도,3,남자,3595,61.0
201502,제주특별자치도,3,여자,3167,61.0
201502,충청남도,1,남자,5165,67.0
201502,충청남도,1,여자,4756,67.0
201502,충청남도,2,남자,6478,67.0
201502,충청남도,2,여자,5866,67.0
201502,충청남도,3,남자,3163,67.0
201502,충청남도,3,여자,2944,67.0
201502,충청북도,1,남자,3622,81.0
201502,충청북도,1,여자,3509,81.0
201502,충청북도,2,남자,4324,81.0
201502,충청북도,2,여자,3883,81.0
201502,충청북도,3,남자,2287,81.0
201502,충청북도,3,여자,2143,81.0
201503,경기도,1,남자,37172,78.0
201503,경기도,1,여자,35621,78.0
201503,경기도,2,남자,39160,78.0
201503,경기도,2,여자,37807,78.0
201503,경기도,3,남자,39885,78.0
201503,경기도,3,여자,37608,78.0
201503,경상남도,1,남자,9694,57.0
201503,경상남도,1,여자,9016,57.0
201503,경상남도,2,남자,9079,57.0
201503,경상남도,2,여자,8464,57.0
201503,경상남도,3,남자,10364,57.0
201503,경상남도,3,여자,8632,57.0
201503,경상북도,1,남자,7241,63.0
201503,경상북도,1,여자,6695,63.0
201503,경상북도,2,남자,7093,63.0
201503,경상북도,2,여자,6591,63.0
201503,경상북도,3,남자,7589,63.0
201503,경상북도,3,여자,6449,63.0
201503,광주광역시,1,남자,4310,64.0
201503,광주광역시,1,여자,4120,64.0
201503,광주광역시,2,남자,4102,64.0
201503,광주광역시,2,여자,3941,64.0
201503,광주광역시,3,남자,5342,64.0
201503,광주광역시,3,여자,4416,64.0
201503,대구광역시,1,남자,6753,61.0
201503,대구광역시,1,여자,6557,61.0
201503,대구광역시,2,남자,7050,61.0
201503,대구광역시,2,여자,6688,61.0
201503,대구광역시,3,남자,8772,61.0
201503,대구광역시,3,여자,7092,61.0
201503,대전광역시,1,남자,4723,68.0
201503,대전광역시,1,여자,4408,68.0
201503,대전광역시,2,남자,4993,68.0
201503,대전광역시,2,여자,4780,68.0
201503,대전광역시,3,남자,6320,68.0
201503,대전광역시,3,여자,5457,68.0
201503,부산광역시,1,남자,8024,56.0
201503,부산광역시,1,여자,7780,56.0
201503,부산광역시,2,남자,6974,56.0
201503,부산광역시,2,여자,6582,56.0
201503,부산광역시,3,남자,8047,56.0
201503,부산광역시,3,여자,6965,56.0
201503,서울특별시,1,남자,22115,71.0
201503,서울특별시,1,여자,21111,71.0
201503,서울특별시,2,남자,20220,71.0
201503,서울특별시,2,여자,19307,71.0
201503,서울특별시,3,남자,22784,71.0
201503,서울특별시,3,여자,20516,71.0
201503,세종특별자치시,1,남자,999,65.9375
201503,세종특별자치시,1,여자,973,65.9375
201503,세종특별자치시,2,남자,966,65.9375
201503,세종특별자치시,2,여자,1054,65.9375
201503,세종특별자치시,3,남자,675,65.9375
201503,세종특별자치시,3,여자,700,65.9375
201503,울산광역시,1,남자,3865,59.0
201503,울산광역시,1,여자,3616,59.0
201503,울산광역시,2,남자,3269,59.0
201503,울산광역시,2,여자,2896,59.0
201503,울산광역시,3,남자,3984,59.0
201503,울산광역시,3,여자,3138,59.0
201503,인천광역시,1,남자,8425,73.0
201503,인천광역시,1,여자,8108,73.0
201503,인천광역시,2,남자,8643,73.0
201503,인천광역시,2,여자,8751,73.0
201503,인천광역시,3,남자,9879,73.0
201503,인천광역시,3,여자,8865,73.0
201503,전라남도,1,남자,5128,49.0
201503,전라남도,1,여자,4986,49.0
201503,전라남도,2,남자,4819,49.0
201503,전라남도,2,여자,4402,49.0
201503,전라남도,3,남자,5562,49.0
201503,전라남도,3,여자,4955,49.0
201503,전라북도,1,남자,4583,77.0
201503,전라북도,1,여자,4377,77.0
201503,전라북도,2,남자,5715,77.0
201503,전라북도,2,여자,5303,77.0
201503,전라북도,3,남자,6097,77.0
201503,전라북도,3,여자,5667,77.0
201503,제주특별자치도,1,남자,5905,59.0
201503,제주특별자치도,1,여자,5438,59.0
201503,제주특별자치도,2,남자,6702,59.0
201503,제주특별자치도,2,여자,6291,59.0
201503,제주특별자치도,3,남자,7709,59.0
201503,제주특별자치도,3,여자,7009,59.0
201503,충청남도,1,남자,6076,66.0
201503,충청남도,1,여자,6009,66.0
201503,충청남도,2,남자,6409,66.0
201503,충청남도,2,여자,6316,66.0
201503,충청남도,3,남자,6607,66.0
201503,충청남도,3,여자,6232,66.0
201503,충청북도,1,남자,4795,77.0
201503,충청북도,1,여자,4563,77.0
201503,충청북도,2,남자,4740,77.0
201503,충청북도,2,여자,4440,77.0
201503,충청북도,3,남자,5191,77.0
201503,충청북도,3,여자,4783,77.0
201504,경기도,1,남자,32389,51.0
201504,경기도,1,여자,30490,51.0
201504,경기도,2,남자,33370,51.0
201504,경기도,2,여자,29997,51.0
201504,경기도,3,남자,31560,51.0
201504,경기도,3,여자,29806,51.0
201504,경상남도,1,남자,9048,47.0
201504,경상남도,1,여자,8436,47.0
201504,경상남도,2,남자,8674,47.0
201504,경상남도,2,여자,7714,47.0
201504,경상남도,3,남자,10008,47.0
201504,경상남도,3,여자,8908,47.0
201504,경상북도,1,남자,6024,45.0
201504,경상북도,1,여자,5639,45.0
201504,경상북도,2,남자,5850,45.0
201504,경상북도,2,여자,5126,45.0
201504,경상북도,3,남자,6810,45.0
201504,경상북도,3,여자,5795,45.0
201504,광주광역시,1,남자,3736,40.0
201504,광주광역시,1,여자,3478,40.0
201504,광주광역시,2,남자,4024,40.0
201504,광주광역시,2,여자,3891,40.0
201504,광주광역시,3,남자,4529,40.0
201504,광주광역시,3,여자,4181,40.0
201504,대구광역시,1,남자,5515,42.0
201504,대구광역시,1,여자,5273,42.0
201504,대구광역시,2,남자,6705,42.0
201504,대구광역시,2,여자,5962,42.0
201504,대구광역시,3,남자,7749,42.0
201504,대구광역시,3,여자,6819,42.0
201504,대전광역시,1,남자,3900,40.0
201504,대전광역시,1,여자,3731,40.0
201504,대전광역시,2,남자,4203,40.0
201504,대전광역시,2,여자,3898,40.0
201504,대전광역시,3,남자,4740,40.0
201504,대전광역시,3,여자,4232,40.0
201504,부산광역시,1,남자,7068,48.0
201504,부산광역시,1,여자,6720,48.0
201504,부산광역시,2,남자,6949,48.0
201504,부산광역시,2,여자,6636,48.0
201504,부산광역시,3,남자,8493,48.0
201504,부산광역시,3,여자,7790,48.0
201504,서울특별시,1,남자,19510,45.0
201504,서울특별시,1,여자,18353,45.0
201504,서울특별시,2,남자,19943,45.0
201504,서울특별시,2,여자,17979,45.0
201504,서울특별시,3,남자,20753,45.0
201504,서울특별시,3,여자,18453,45.0
201504,세종특별자치시,1,남자,860,45.6875
201504,세종특별자치시,1,여자,815,45.6875
201504,세종특별자치시,2,남자,792,45.6875
201504,세종특별자치시,2,여자,739,45.6875
201504,세종특별자치시,3,남자,496,45.6875
201504,세종특별자치시,3,여자,501,45.6875
201504,울산광역시,1,남자,3236,49.0
201504,울산광역시,1,여자,3105,49.0
201504,울산광역시,2,남자,3022,49.0
201504,울산광역시,2,여자,2650,49.0
201504,울산광역시,3,남자,3358,49.0
201504,울산광역시,3,여자,2969,49.0
201504,인천광역시,1,남자,7039,54.0
201504,인천광역시,1,여자,6859,54.0
201504,인천광역시,2,남자,7108,54.0
201504,인천광역시,2,여자,6669,54.0
201504,인천광역시,3,남자,6739,54.0
201504,인천광역시,3,여자,6511,54.0
201504,전라남도,1,남자,4377,38.0
201504,전라남도,1,여자,4329,38.0
201504,전라남도,2,남자,4306,38.0
201504,전라남도,2,여자,3944,38.0
201504,전라남도,3,남자,4923,38.0
201504,전라남도,3,여자,4655,38.0
201504,전라북도,1,남자,3980,47.0
201504,전라북도,1,여자,3722,47.0
201504,전라북도,2,남자,4497,47.0
201504,전라북도,2,여자,4197,47.0
201504,전라북도,3,남자,4848,47.0
201504,전라북도,3,여자,4480,47.0
201504,제주특별자치도,1,남자,4787,47.0
201504,제주특별자치도,1,여자,4438,47.0
201504,제주특별자치도,2,남자,5128,47.0
201504,제주특별자치도,2,여자,4544,47.0
201504,제주특별자치도,3,남자,5880,47.0
201504,제주특별자치도,3,여자,5077,47.0
201504,충청남도,1,남자,5382,43.0
201504,충청남도,1,여자,5081,43.0
201504,충청남도,2,남자,5170,43.0
201504,충청남도,2,여자,4882,43.0
201504,충청남도,3,남자,4964,43.0
201504,충청남도,3,여자,4371,43.0
201504,충청북도,1,남자,3630,44.0
201504,충청북도,1,여자,3412,44.0
201504,충청북도,2,남자,3700,44.0
201504,충청북도,2,여자,3283,44.0
201504,충청북도,3,남자,3897,44.0
201504,충청북도,3,여자,3615,44.0
201505,경기도,1,남자,28711,51.0
201505,경기도,1,여자,26998,51.0
201505,경기도,2,남자,23703,51.0
201505,경기도,2,여자,21377,51.0
201505,경기도,3,남자,19441,51.0
201505,경기도,3,여자,16779,51.0
201505,경상남도,1,남자,7656,51.0
201505,경상남도,1,여자,7007,51.0
201505,경상남도,2,남자,6093,51.0
201505,경상남도,2,여자,5478,51.0
201505,경상남도,3,남자,5436,51.0
201505,경상남도,3,여자,5093,51.0
201505,경상북도,1,남자,5357,49.0
201505,경상북도,1,여자,4894,49.0
201505,경상북도,2,남자,3761,49.0
201505,경상북도,2,여자,3329,49.0
201505,경상북도,3,남자,3732,49.0
201505,경상북도,3,여자,2990,49.0
201505,광주광역시,1,남자,2985,41.0
201505,광주광역시,1,여자,2884,41.0
201505,광주광역시,2,남자,2676,41.0
201505,광주광역시,2,여자,2306,41.0
201505,광주광역시,3,남자,2787,41.0
201505,광주광역시,3,여자,2444,41.0
201505,대구광역시,1,남자,4693,48.0
201505,대구광역시,1,여자,4508,48.0
201505,대구광역시,2,남자,4073,48.0
201505,대구광역시,2,여자,3651,48.0
201505,대구광역시,3,남자,3793,48.0
201505,대구광역시,3,여자,3286,48.0
201505,대전광역시,1,남자,3275,49.0
201505,대전광역시,1,여자,3038,49.0
201505,대전광역시,2,남자,2869,49.0
201505,대전광역시,2,여자,2446,49.0
201505,대전광역시,3,남자,2676,49.0
201505,대전광역시,3,여자,2469,49.0
201505,부산광역시,1,남자,6279,56.0
201505,부산광역시,1,여자,5930,56.0
201505,부산광역시,2,남자,5091,56.0
201505,부산광역시,2,여자,4424,56.0
201505,부산광역시,3,남자,4897,56.0
201505,부산광역시,3,여자,4442,56.0
201505,서울특별시,1,남자,16726,45.0
201505,서울특별시,1,여자,15365,45.0
201505,서울특별시,2,남자,13386,45.0
201505,서울특별시,2,여자,11641,45.0
201505,서울특별시,3,남자,12113,45.0
201505,서울특별시,3,여자,10260,45.0
201505,세종특별자치시,1,남자,705,49.0625
201505,세종특별자치시,1,여자,696,49.0625
201505,세종특별자치시,2,남자,580,49.0625
201505,세종특별자치시,2,여자,504,49.0625
201505,세종특별자치시,3,남자,362,49.0625
201505,세종특별자치시,3,여자,323,49.0625
201505,울산광역시,1,남자,2903,57.0
201505,울산광역시,1,여자,2791,57.0
201505,울산광역시,2,남자,2016,57.0
201505,울산광역시,2,여자,1843,57.0
201505,울산광역시,3,남자,1890,57.0
201505,울산광역시,3,여자,1754,57.0
201505,인천광역시,1,남자,6349,52.0
201505,인천광역시,1,여자,5955,52.0
201505,인천광역시,2,남자,5237,52.0
201505,인천광역시,2,여자,4587,52.0
201505,인천광역시,3,남자,4546,52.0
201505,인천광역시,3,여자,3988,52.0
201505,전라남도,1,남자,3836,41.0
201505,전라남도,1,여자,3713,41.0
201505,전라남도,2,남자,3123,41.0
201505,전라남도,2,여자,2904,41.0
201505,전라남도,3,남자,3194,41.0
201505,전라남도,3,여자,2853,41.0
201505,전라북도,1,남자,3478,50.0
201505,전라북도,1,여자,3207,50.0
201505,전라북도,2,남자,3379,50.0
201505,전라북도,2,여자,3148,50.0
201505,전라북도,3,남자,3419,50.0
201505,전라북도,3,여자,2825,50.0
201505,제주특별자치도,1,남자,4030,42.0
201505,제주특별자치도,1,여자,3852,42.0
201505,제주특별자치도,2,남자,3701,42.0
201505,제주특별자치도,2,여자,3149,42.0
201505,제주특별자치도,3,남자,3351,42.0
201505,제주특별자치도,3,여자,2994,42.0
201505,충청남도,1,남자,4440,46.0
201505,충청남도,1,여자,4303,46.0
201505,충청남도,2,남자,3974,46.0
201505,충청남도,2,여자,3478,46.0
201505,충청남도,3,남자,3072,46.0
201505,충청남도,3,여자,2755,46.0
201505,충청북도,1,남자,3008,52.0
201505,충청북도,1,여자,2907,52.0
201505,충청북도,2,남자,2529,52.0
201505,충청북도,2,여자,2359,52.0
201505,충청북도,3,남자,2152,52.0
201505,충청북도,3,여자,2015,52.0
201506,경기도,1,남자,16110,41.0
201506,경기도,1,여자,15132,41.0
201506,경기도,2,남자,16048,41.0
201506,경기도,2,여자,14372,41.0
201506,경기도,3,남자,13340,41.0
201506,경기도,3,여자,13051,41.0
201506,경상남도,1,남자,5754,49.0
201506,경상남도,1,여자,5442,49.0
201506,경상남도,2,남자,5566,49.0
201506,경상남도,2,여자,4954,49.0
201506,경상남도,3,남자,4542,49.0
201506,경상남도,3,여자,4061,49.0
201506,경상북도,1,남자,3853,44.0
201506,경상북도,1,여자,3630,44.0
201506,경상북도,2,남자,3246,44.0
201506,경상북도,2,여자,2954,44.0
201506,경상북도,3,남자,2654,44.0
201506,경상북도,3,여자,2553,44.0
201506,광주광역시,1,남자,2219,41.0
201506,광주광역시,1,여자,2219,41.0
201506,광주광역시,2,남자,2325,41.0
201506,광주광역시,2,여자,1984,41.0
201506,광주광역시,3,남자,2002,41.0
201506,광주광역시,3,여자,1953,41.0
201506,대구광역시,1,남자,3719,47.0
201506,대구광역시,1,여자,3438,47.0
201506,대구광역시,2,남자,3718,47.0
201506,대구광역시,2,여자,3281,47.0
201506,대구광역시,3,남자,2925,47.0
201506,대구광역시,3,여자,2686,47.0
201506,대전광역시,1,남자,1736,40.0
201506,대전광역시,1,여자,1590,40.0
201506,대전광역시,2,남자,1759,40.0
201506,대전광역시,2,여자,1541,40.0
201506,대전광역시,3,남자,1708,40.0
201506,대전광역시,3,여자,1525,40.0
201506,부산광역시,1,남자,4229,49.0
201506,부산광역시,1,여자,4008,49.0
201506,부산광역시,2,남자,3980,49.0
201506,부산광역시,2,여자,3700,49.0
201506,부산광역시,3,남자,3876,49.0
201506,부산광역시,3,여자,3752,49.0
201506,서울특별시,1,남자,10035,35.0
201506,서울특별시,1,여자,9324,35.0
201506,서울특별시,2,남자,8625,35.0
201506,서울특별시,2,여자,8037,35.0
201506,서울특별시,3,남자,8492,35.0
201506,서울특별시,3,여자,8174,35.0
201506,세종특별자치시,1,남자,399,43.1875
201506,세종특별자치시,1,여자,391,43.1875
201506,세종특별자치시,2,남자,424,43.1875
201506,세종특별자치시,2,여자,395,43.1875
201506,세종특별자치시,3,남자,231,43.1875
201506,세종특별자치시,3,여자,251,43.1875
201506,울산광역시,1,남자,2138,50.0
201506,울산광역시,1,여자,1867,50.0
201506,울산광역시,2,남자,1769,50.0
201506,울산광역시,2,여자,1526,50.0
201506,울산광역시,3,남자,1554,50.0
201506,울산광역시,3,여자,1546,50.0
201506,인천광역시,1,남자,4309,42.0
201506,인천광역시,1,여자,3930,42.0
201506,인천광역시,2,남자,4038,42.0
201506,인천광역시,2,여자,3858,42.0
201506,인천광역시,3,남자,3565,42.0
201506,인천광역시,3,여자,3422,42.0
201506,전라남도,1,남자,2891,40.0
201506,전라남도,1,여자,2766,40.0
201506,전라남도,2,남자,2739,40.0
201506,전라남도,2,여자,2403,40.0
201506,전라남도,3,남자,2586,40.0
201506,전라남도,3,여자,2534,40.0
201506,전라북도,1,남자,2377,47.0
201506,전라북도,1,여자,2125,47.0
201506,전라북도,2,남자,2753,47.0
201506,전라북도,2,여자,2370,47.0
201506,전라북도,3,남자,2603,47.0
201506,전라북도,3,여자,2418,47.0
201506,제주특별자치도,1,남자,3115,41.0
201506,제주특별자치도,1,여자,2884,41.0
201506,제주특별자치도,2,남자,2772,41.0
201506,제주특별자치도,2,여자,2403,41.0
201506,제주특별자치도,3,남자,2554,41.0
201506,제주특별자치도,3,여자,2437,41.0
201506,충청남도,1,남자,2877,42.0
201506,충청남도,1,여자,2667,42.0
201506,충청남도,2,남자,2842,42.0
201506,충청남도,2,여자,2417,42.0
201506,충청남도,3,남자,2047,42.0
201506,충청남도,3,여자,2044,42.0
201506,충청북도,1,남자,2203,42.0
201506,충청북도,1,여자,2037,42.0
201506,충청북도,2,남자,1982,42.0
201506,충청북도,2,여자,1745,42.0
201506,충청북도,3,남자,1563,42.0
201506,충청북도,3,여자,1531,42.0
201507,경기도,1,남자,31214,34.0
201507,경기도,1,여자,28833,34.0
201507,경기도,2,남자,28653,34.0
201507,경기도,2,여자,26146,34.0
201507,경기도,3,남자,12950,34.0
201507,경기도,3,여자,12352,34.0
201507,경상남도,1,남자,6865,39.0
201507,경상남도,1,여자,6267,39.0
201507,경상남도,2,남자,7442,39.0
201507,경상남도,2,여자,6332,39.0
201507,경상남도,3,남자,4217,39.0
201507,경상남도,3,여자,3683,39.0
201507,경상북도,1,남자,4786,33.0
201507,경상북도,1,여자,4402,33.0
201507,경상북도,2,남자,4515,33.0
201507,경상북도,2,여자,3943,33.0
201507,경상북도,3,남자,2345,33.0
201507,경상북도,3,여자,2169,33.0
201507,광주광역시,1,남자,3093,31.0
201507,광주광역시,1,여자,2862,31.0
201507,광주광역시,2,남자,3355,31.0
201507,광주광역시,2,여자,2891,31.0
201507,광주광역시,3,남자,1696,31.0
201507,광주광역시,3,여자,1618,31.0
201507,대구광역시,1,남자,4821,34.0
201507,대구광역시,1,여자,4688,34.0
201507,대구광역시,2,남자,5141,34.0
201507,대구광역시,2,여자,4618,34.0
201507,대구광역시,3,남자,2696,34.0
201507,대구광역시,3,여자,2353,34.0
201507,대전광역시,1,남자,3724,31.0
201507,대전광역시,1,여자,3307,31.0
201507,대전광역시,2,남자,3374,31.0
201507,대전광역시,2,여자,2923,31.0
201507,대전광역시,3,남자,1638,31.0
201507,대전광역시,3,여자,1495,31.0
201507,부산광역시,1,남자,5558,37.0
201507,부산광역시,1,여자,5000,37.0
201507,부산광역시,2,남자,5590,37.0
201507,부산광역시,2,여자,4940,37.0
201507,부산광역시,3,남자,3452,37.0
201507,부산광역시,3,여자,3090,37.0
201507,서울특별시,1,남자,15938,30.0
201507,서울특별시,1,여자,14775,30.0
201507,서울특별시,2,남자,15131,30.0
201507,서울특별시,2,여자,13623,30.0
201507,서울특별시,3,남자,7653,30.0
201507,서울특별시,3,여자,6858,30.0
201507,세종특별자치시,1,남자,855,33.6875
201507,세종특별자치시,1,여자,747,33.6875
201507,세종특별자치시,2,남자,857,33.6875
201507,세종특별자치시,2,여자,812,33.6875
201507,세종특별자치시,3,남자,263,33.6875
201507,세종특별자치시,3,여자,289,33.6875
201507,울산광역시,1,남자,2406,38.0
201507,울산광역시,1,여자,2258,38.0
201507,울산광역시,2,남자,2563,38.0
201507,울산광역시,2,여자,2156,38.0
201507,울산광역시,3,남자,1402,38.0
201507,울산광역시,3,여자,1197,38.0
201507,인천광역시,1,남자,6573,34.0
201507,인천광역시,1,여자,6332,34.0
201507,인천광역시,2,남자,6346,34.0
201507,인천광역시,2,여자,5726,34.0
201507,인천광역시,3,남자,2840,34.0
201507,인천광역시,3,여자,2744,34.0
201507,전라남도,1,남자,3424,34.0
201507,전라남도,1,여자,3229,34.0
201507,전라남도,2,남자,3567,34.0
201507,전라남도,2,여자,3177,34.0
201507,전라남도,3,남자,2145,34.0
201507,전라남도,3,여자,1934,34.0
201507,전라북도,1,남자,2948,33.0
201507,전라북도,1,여자,2722,33.0
201507,전라북도,2,남자,3586,33.0
201507,전라북도,2,여자,3229,33.0
201507,전라북도,3,남자,2044,33.0
201507,전라북도,3,여자,1840,33.0
201507,제주특별자치도,1,남자,3728,34.0
201507,제주특별자치도,1,여자,3521,34.0
201507,제주특별자치도,2,남자,3884,34.0
201507,제주특별자치도,2,여자,3386,34.0
201507,제주특별자치도,3,남자,2255,34.0
201507,제주특별자치도,3,여자,1964,34.0
201507,충청남도,1,남자,5092,32.0
201507,충청남도,1,여자,4741,32.0
201507,충청남도,2,남자,4583,32.0
201507,충청남도,2,여자,4140,32.0
201507,충청남도,3,남자,1987,32.0
201507,충청남도,3,여자,1975,32.0
201507,충청북도,1,남자,3129,32.0
201507,충청북도,1,여자,2955,32.0
201507,충청북도,2,남자,3087,32.0
201507,충청북도,2,여자,2625,32.0
201507,충청북도,3,남자,1480,32.0
201507,충청북도,3,여자,1338,32.0
201508,경기도,1,남자,39393,38.0
201508,경기도,1,여자,36095,38.0
201508,경기도,2,남자,42690,38.0
201508,경기도,2,여자,35545,38.0
201508,경기도,3,남자,22689,38.0
201508,경기도,3,여자,19053,38.0
201508,경상남도,1,남자,9494,38.0
201508,경상남도,1,여자,8572,38.0
201508,경상남도,2,남자,8826,38.0
201508,경상남도,2,여자,7515,38.0
201508,경상남도,3,남자,4424,38.0
201508,경상남도,3,여자,3526,38.0
201508,경상북도,1,남자,6384,35.0
201508,경상북도,1,여자,5677,35.0
201508,경상북도,2,남자,6153,35.0
201508,경상북도,2,여자,4966,35.0
201508,경상북도,3,남자,3213,35.0
201508,경상북도,3,여자,2452,35.0
201508,광주광역시,1,남자,4052,29.0
201508,광주광역시,1,여자,3624,29.0
201508,광주광역시,2,남자,4247,29.0
201508,광주광역시,2,여자,3540,29.0
201508,광주광역시,3,남자,2470,29.0
201508,광주광역시,3,여자,2017,29.0
201508,대구광역시,1,남자,6313,37.0
201508,대구광역시,1,여자,5967,37.0
201508,대구광역시,2,남자,6987,37.0
201508,대구광역시,2,여자,5783,37.0
201508,대구광역시,3,남자,3631,37.0
201508,대구광역시,3,여자,2862,37.0
201508,대전광역시,1,남자,4832,32.0
201508,대전광역시,1,여자,4295,32.0
201508,대전광역시,2,남자,4817,32.0
201508,대전광역시,2,여자,4113,32.0
201508,대전광역시,3,남자,2736,32.0
201508,대전광역시,3,여자,2231,32.0
201508,부산광역시,1,남자,7976,39.0
201508,부산광역시,1,여자,7545,39.0
201508,부산광역시,2,남자,7247,39.0
201508,부산광역시,2,여자,6130,39.0
201508,부산광역시,3,남자,3567,39.0
201508,부산광역시,3,여자,2847,39.0
201508,서울특별시,1,남자,21175,34.0
201508,서울특별시,1,여자,19207,34.0
201508,서울특별시,2,남자,21658,34.0
201508,서울특별시,2,여자,18226,34.0
201508,서울특별시,3,남자,11856,34.0
201508,서울특별시,3,여자,10223,34.0
201508,세종특별자치시,1,남자,1103,35.6875
201508,세종특별자치시,1,여자,1048,35.6875
201508,세종특별자치시,2,남자,1194,35.6875
201508,세종특별자치시,2,여자,1051,35.6875
201508,세종특별자치시,3,남자,449,35.6875
201508,세종특별자치시,3,여자,406,35.6875
201508,울산광역시,1,남자,3182,38.0
201508,울산광역시,1,여자,2928,38.0
201508,울산광역시,2,남자,3018,38.0
201508,울산광역시,2,여자,2428,38.0
201508,울산광역시,3,남자,1463,38.0
201508,울산광역시,3,여자,1169,38.0
201508,인천광역시,1,남자,7702,42.0
201508,인천광역시,1,여자,7183,42.0
201508,인천광역시,2,남자,8471,42.0
201508,인천광역시,2,여자,7408,42.0
201508,인천광역시,3,남자,4635,42.0
201508,인천광역시,3,여자,3874,42.0
201508,전라남도,1,남자,4550,32.0
201508,전라남도,1,여자,4397,32.0
201508,전라남도,2,남자,4542,32.0
201508,전라남도,2,여자,3919,32.0
201508,전라남도,3,남자,2589,32.0
201508,전라남도,3,여자,2183,32.0
201508,전라북도,1,남자,4607,33.0
201508,전라북도,1,여자,4290,33.0
201508,전라북도,2,남자,5404,33.0
201508,전라북도,2,여자,4647,33.0
201508,전라북도,3,남자,3069,33.0
201508,전라북도,3,여자,2592,33.0
201508,제주특별자치도,1,남자,5103,35.0
201508,제주특별자치도,1,여자,4656,35.0
201508,제주특별자치도,2,남자,5198,35.0
201508,제주특별자치도,2,여자,4371,35.0
201508,제주특별자치도,3,남자,3071,35.0
201508,제주특별자치도,3,여자,2495,35.0
201508,충청남도,1,남자,6726,37.0
201508,충청남도,1,여자,6424,37.0
201508,충청남도,2,남자,6645,37.0
201508,충청남도,2,여자,5557,37.0
201508,충청남도,3,남자,3181,37.0
201508,충청남도,3,여자,2604,37.0
201508,충청북도,1,남자,4145,34.0
201508,충청북도,1,여자,3975,34.0
201508,충청북도,2,남자,4515,34.0
201508,충청북도,2,여자,3522,34.0
201508,충청북도,3,남자,2465,34.0
201508,충청북도,3,여자,1942,34.0
201509,경기도,1,남자,42403,33.0
201509,경기도,1,여자,40320,33.0
201509,경기도,2,남자,60279,33.0
201509,경기도,2,여자,54381,33.0
201509,경기도,3,남자,47677,33.0
201509,경기도,3,여자,44265,33.0
201509,경상남도,1,남자,12045,31.0
201509,경상남도,1,여자,11643,31.0
201509,경상남도,2,남자,15373,31.0
201509,경상남도,2,여자,14002,31.0
201509,경상남도,3,남자,11954,31.0
201509,경상남도,3,여자,10507,31.0
201509,경상북도,1,남자,8747,30.0
201509,경상북도,1,여자,7948,30.0
201509,경상북도,2,남자,10911,30.0
201509,경상북도,2,여자,9801,30.0
201509,경상북도,3,남자,8297,30.0
201509,경상북도,3,여자,7442,30.0
201509,광주광역시,1,남자,4940,25.0
201509,광주광역시,1,여자,4683,25.0
201509,광주광역시,2,남자,7200,25.0
201509,광주광역시,2,여자,6422,25.0
201509,광주광역시,3,남자,5974,25.0
201509,광주광역시,3,여자,5513,25.0
201509,대구광역시,1,남자,8294,30.0
201509,대구광역시,1,여자,7778,30.0
201509,대구광역시,2,남자,12436,30.0
201509,대구광역시,2,여자,11380,30.0
201509,대구광역시,3,남자,10166,30.0
201509,대구광역시,3,여자,8739,30.0
201509,대전광역시,1,남자,5532,27.0
201509,대전광역시,1,여자,5137,27.0
201509,대전광역시,2,남자,7605,27.0
201509,대전광역시,2,여자,6888,27.0
201509,대전광역시,3,남자,6741,27.0
201509,대전광역시,3,여자,6005,27.0
201509,부산광역시,1,남자,10194,29.0
201509,부산광역시,1,여자,9516,29.0
201509,부산광역시,2,남자,12304,29.0
201509,부산광역시,2,여자,11107,29.0
201509,부산광역시,3,남자,9065,29.0
201509,부산광역시,3,여자,8471,29.0
201509,서울특별시,1,남자,23323,28.0
201509,서울특별시,1,여자,21533,28.0
201509,서울특별시,2,남자,31780,28.0
201509,서울특별시,2,여자,28668,28.0
201509,서울특별시,3,남자,25838,28.0
201509,서울특별시,3,여자,24188,28.0
201509,세종특별자치시,1,남자,1388,29.6875
201509,세종특별자치시,1,여자,1297,29.6875
201509,세종특별자치시,2,남자,1796,29.6875
201509,세종특별자치시,2,여자,1696,29.6875
201509,세종특별자치시,3,남자,1063,29.6875
201509,세종특별자치시,3,여자,1028,29.6875
201509,울산광역시,1,남자,4550,28.0
201509,울산광역시,1,여자,4265,28.0
201509,울산광역시,2,남자,5333,28.0
201509,울산광역시,2,여자,4926,28.0
201509,울산광역시,3,남자,4084,28.0
201509,울산광역시,3,여자,3802,28.0
201509,인천광역시,1,남자,8909,38.0
201509,인천광역시,1,여자,8482,38.0
201509,인천광역시,2,남자,12743,38.0
201509,인천광역시,2,여자,11794,38.0
201509,인천광역시,3,남자,9993,38.0
201509,인천광역시,3,여자,9194,38.0
201509,전라남도,1,남자,5399,25.0
201509,전라남도,1,여자,5265,25.0
201509,전라남도,2,남자,6739,25.0
201509,전라남도,2,여자,6153,25.0
201509,전라남도,3,남자,5423,25.0
201509,전라남도,3,여자,4957,25.0
201509,전라북도,1,남자,5324,29.0
201509,전라북도,1,여자,5063,29.0
201509,전라북도,2,남자,7852,29.0
201509,전라북도,2,여자,7103,29.0
201509,전라북도,3,남자,6469,29.0
201509,전라북도,3,여자,6074,29.0
201509,제주특별자치도,1,남자,6415,33.0
201509,제주특별자치도,1,여자,6183,33.0
201509,제주특별자치도,2,남자,8030,33.0
201509,제주특별자치도,2,여자,7321,33.0
201509,제주특별자치도,3,남자,6394,33.0
201509,제주특별자치도,3,여자,5668,33.0
201509,충청남도,1,남자,7558,30.0
201509,충청남도,1,여자,7082,30.0
201509,충청남도,2,남자,10250,30.0
201509,충청남도,2,여자,9307,30.0
201509,충청남도,3,남자,7531,30.0
201509,충청남도,3,여자,6731,30.0
201509,충청북도,1,남자,5282,31.0
201509,충청북도,1,여자,5228,31.0
201509,충청북도,2,남자,7182,31.0
201509,충청북도,2,여자,6459,31.0
201509,충청북도,3,남자,5767,31.0
201509,충청북도,3,여자,5210,31.0
201510,경기도,1,남자,31845,54.0
201510,경기도,1,여자,30807,54.0
201510,경기도,2,남자,36172,54.0
201510,경기도,2,여자,34542,54.0
201510,경기도,3,남자,24792,54.0
201510,경기도,3,여자,24974,54.0
201510,경상남도,1,남자,8886,45.0
201510,경상남도,1,여자,8533,45.0
201510,경상남도,2,남자,9784,45.0
201510,경상남도,2,여자,9107,45.0
201510,경상남도,3,남자,6843,45.0
201510,경상남도,3,여자,6877,45.0
201510,경상북도,1,남자,6251,41.0
201510,경상북도,1,여자,5829,41.0
201510,경상북도,2,남자,6467,41.0
201510,경상북도,2,여자,5851,41.0
201510,경상북도,3,남자,4301,41.0
201510,경상북도,3,여자,4146,41.0
201510,광주광역시,1,남자,3952,49.0
201510,광주광역시,1,여자,3705,49.0
201510,광주광역시,2,남자,4192,49.0
201510,광주광역시,2,여자,4026,49.0
201510,광주광역시,3,남자,3094,49.0
201510,광주광역시,3,여자,3058,49.0
201510,대구광역시,1,남자,6193,43.0
201510,대구광역시,1,여자,6139,43.0
201510,대구광역시,2,남자,6548,43.0
201510,대구광역시,2,여자,6262,43.0
201510,대구광역시,3,남자,4737,43.0
201510,대구광역시,3,여자,4449,43.0
201510,대전광역시,1,남자,4130,50.0
201510,대전광역시,1,여자,3913,50.0
201510,대전광역시,2,남자,4289,50.0
201510,대전광역시,2,여자,4153,50.0
201510,대전광역시,3,남자,3283,50.0
201510,대전광역시,3,여자,3386,50.0
201510,부산광역시,1,남자,7645,43.0
201510,부산광역시,1,여자,7274,43.0
201510,부산광역시,2,남자,7967,43.0
201510,부산광역시,2,여자,7484,43.0
201510,부산광역시,3,남자,5899,43.0
201510,부산광역시,3,여자,5961,43.0
201510,서울특별시,1,남자,18135,44.0
201510,서울특별시,1,여자,16764,44.0
201510,서울특별시,2,남자,20196,44.0
201510,서울특별시,2,여자,18768,44.0
201510,서울특별시,3,남자,14295,44.0
201510,서울특별시,3,여자,14558,44.0
201510,세종특별자치시,1,남자,966,47.375
201510,세종특별자치시,1,여자,908,47.375
201510,세종특별자치시,2,남자,1037,47.375
201510,세종특별자치시,2,여자,1069,47.375
201510,세종특별자치시,3,남자,538,47.375
201510,세종특별자치시,3,여자,578,47.375
201510,울산광역시,1,남자,3546,43.0
201510,울산광역시,1,여자,3252,43.0
201510,울산광역시,2,남자,3272,43.0
201510,울산광역시,2,여자,3031,43.0
201510,울산광역시,3,남자,2413,43.0
201510,울산광역시,3,여자,2362,43.0
201510,인천광역시,1,남자,7140,53.0
201510,인천광역시,1,여자,6756,53.0
201510,인천광역시,2,남자,8160,53.0
201510,인천광역시,2,여자,7781,53.0
201510,인천광역시,3,남자,5984,53.0
201510,인천광역시,3,여자,6307,53.0
201510,전라남도,1,남자,4403,42.0
201510,전라남도,1,여자,4391,42.0
201510,전라남도,2,남자,4798,42.0
201510,전라남도,2,여자,4442,42.0
201510,전라남도,3,남자,3487,42.0
201510,전라남도,3,여자,3451,42.0
201510,전라북도,1,남자,3881,60.0
201510,전라북도,1,여자,3625,60.0
201510,전라북도,2,남자,5262,60.0
201510,전라북도,2,여자,4934,60.0
201510,전라북도,3,남자,4084,60.0
201510,전라북도,3,여자,4363,60.0
201510,제주특별자치도,1,남자,4952,50.0
201510,제주특별자치도,1,여자,4736,50.0
201510,제주특별자치도,2,남자,5967,50.0
201510,제주특별자치도,2,여자,5489,50.0
201510,제주특별자치도,3,남자,4087,50.0
201510,제주특별자치도,3,여자,4156,50.0
201510,충청남도,1,남자,5155,47.0
201510,충청남도,1,여자,4995,47.0
201510,충청남도,2,남자,5842,47.0
201510,충청남도,2,여자,5720,47.0
201510,충청남도,3,남자,3592,47.0
201510,충청남도,3,여자,3570,47.0
201510,충청북도,1,남자,3622,52.0
201510,충청북도,1,여자,3579,52.0
201510,충청북도,2,남자,4026,52.0
201510,충청북도,2,여자,3802,52.0
201510,충청북도,3,남자,2700,52.0
201510,충청북도,3,여자,2930,52.0
201511,경기도,1,남자,30346,40.0
201511,경기도,1,여자,29027,40.0
201511,경기도,2,남자,34136,40.0
201511,경기도,2,여자,34318,40.0
201511,경기도,3,남자,27822,40.0
201511,경기도,3,여자,29360,40.0
201511,경상남도,1,남자,7357,35.0
201511,경상남도,1,여자,7126,35.0
201511,경상남도,2,남자,8226,35.0
201511,경상남도,2,여자,7986,35.0
201511,경상남도,3,남자,6977,35.0
201511,경상남도,3,여자,6682,35.0
201511,경상북도,1,남자,5051,32.0
201511,경상북도,1,여자,4851,32.0
201511,경상북도,2,남자,5629,32.0
201511,경상북도,2,여자,5412,32.0
201511,경상북도,3,남자,4411,32.0
201511,경상북도,3,여자,4350,32.0
201511,광주광역시,1,남자,3161,35.0
201511,광주광역시,1,여자,2983,35.0
201511,광주광역시,2,남자,3680,35.0
201511,광주광역시,2,여자,3437,35.0
201511,광주광역시,3,남자,3021,35.0
201511,광주광역시,3,여자,2977,35.0
201511,대구광역시,1,남자,4949,34.0
201511,대구광역시,1,여자,4755,34.0
201511,대구광역시,2,남자,5905,34.0
201511,대구광역시,2,여자,5960,34.0
201511,대구광역시,3,남자,5379,34.0
201511,대구광역시,3,여자,5216,34.0
201511,대전광역시,1,남자,3359,37.0
201511,대전광역시,1,여자,3260,37.0
201511,대전광역시,2,남자,3944,37.0
201511,대전광역시,2,여자,3844,37.0
201511,대전광역시,3,남자,3550,37.0
201511,대전광역시,3,여자,3573,37.0
201511,부산광역시,1,남자,6242,33.0
201511,부산광역시,1,여자,6060,33.0
201511,부산광역시,2,남자,6772,33.0
201511,부산광역시,2,여자,6569,33.0
201511,부산광역시,3,남자,5656,33.0
201511,부산광역시,3,여자,5723,33.0
201511,서울특별시,1,남자,16469,33.0
201511,서울특별시,1,여자,15640,33.0
201511,서울특별시,2,남자,19117,33.0
201511,서울특별시,2,여자,18432,33.0
201511,서울특별시,3,남자,16287,33.0
201511,서울특별시,3,여자,17093,33.0
201511,세종특별자치시,1,남자,847,35.9375
201511,세종특별자치시,1,여자,814,35.9375
201511,세종특별자치시,2,남자,983,35.9375
201511,세종특별자치시,2,여자,987,35.9375
201511,세종특별자치시,3,남자,537,35.9375
201511,세종특별자치시,3,여자,621,35.9375
201511,울산광역시,1,남자,2770,31.0
201511,울산광역시,1,여자,2769,31.0
201511,울산광역시,2,남자,2911,31.0
201511,울산광역시,2,여자,2671,31.0
201511,울산광역시,3,남자,2277,31.0
201511,울산광역시,3,여자,2235,31.0
201511,인천광역시,1,남자,6784,41.0
201511,인천광역시,1,여자,6502,41.0
201511,인천광역시,2,남자,7717,41.0
201511,인천광역시,2,여자,7770,41.0
201511,인천광역시,3,남자,6567,41.0
201511,인천광역시,3,여자,6767,41.0
201511,전라남도,1,남자,3702,29.0
201511,전라남도,1,여자,3573,29.0
201511,전라남도,2,남자,4137,29.0
201511,전라남도,2,여자,4099,29.0
201511,전라남도,3,남자,3421,29.0
201511,전라남도,3,여자,3577,29.0
201511,전라북도,1,남자,3137,43.0
201511,전라북도,1,여자,3122,43.0
201511,전라북도,2,남자,4291,43.0
201511,전라북도,2,여자,4041,43.0
201511,전라북도,3,남자,3904,43.0
201511,전라북도,3,여자,4022,43.0
201511,제주특별자치도,1,남자,4151,38.0
201511,제주특별자치도,1,여자,4015,38.0
201511,제주특별자치도,2,남자,4995,38.0
201511,제주특별자치도,2,여자,4832,38.0
201511,제주특별자치도,3,남자,4008,38.0
201511,제주특별자치도,3,여자,4083,38.0
201511,충청남도,1,남자,4547,39.0
201511,충청남도,1,여자,4372,39.0
201511,충청남도,2,남자,5231,39.0
201511,충청남도,2,여자,5100,39.0
201511,충청남도,3,남자,3746,39.0
201511,충청남도,3,여자,3950,39.0
201511,충청북도,1,남자,3225,40.0
201511,충청북도,1,여자,3136,40.0
201511,충청북도,2,남자,3686,40.0
201511,충청북도,2,여자,3484,40.0
201511,충청북도,3,남자,2921,40.0
201511,충청북도,3,여자,2704,40.0
201512,경기도,1,남자,35067,60.0
201512,경기도,1,여자,34010,60.0
201512,경기도,2,남자,40274,60.0
201512,경기도,2,여자,38741,60.0
201512,경기도,3,남자,27688,60.0
201512,경기도,3,여자,27186,60.0
201512,경상남도,1,남자,9034,43.0
201512,경상남도,1,여자,8742,43.0
201512,경상남도,2,남자,10360,43.0
201512,경상남도,2,여자,9886,43.0
201512,경상남도,3,남자,7771,43.0
201512,경상남도,3,여자,7225,43.0
201512,경상북도,1,남자,5906,45.0
201512,경상북도,1,여자,5461,45.0
201512,경상북도,2,남자,6535,45.0
201512,경상북도,2,여자,6317,45.0
201512,경상북도,3,남자,4688,45.0
201512,경상북도,3,여자,4281,45.0
201512,광주광역시,1,남자,3969,42.0
201512,광주광역시,1,여자,3829,42.0
201512,광주광역시,2,남자,4497,42.0
201512,광주광역시,2,여자,4268,42.0
201512,광주광역시,3,남자,3099,42.0
201512,광주광역시,3,여자,2876,42.0
201512,대구광역시,1,남자,5350,51.0
201512,대구광역시,1,여자,5058,51.0
201512,대구광역시,2,남자,7391,51.0
201512,대구광역시,2,여자,6950,51.0
201512,대구광역시,3,남자,5742,51.0
201512,대구광역시,3,여자,5357,51.0
201512,대전광역시,1,남자,4075,49.0
201512,대전광역시,1,여자,3805,49.0
201512,대전광역시,2,남자,4927,49.0
201512,대전광역시,2,여자,4869,49.0
201512,대전광역시,3,남자,3630,49.0
201512,대전광역시,3,여자,3547,49.0
201512,부산광역시,1,남자,7672,41.0
201512,부산광역시,1,여자,7416,41.0
201512,부산광역시,2,남자,8602,41.0
201512,부산광역시,2,여자,8241,41.0
201512,부산광역시,3,남자,6646,41.0
201512,부산광역시,3,여자,6315,41.0
201512,서울특별시,1,남자,19560,48.0
201512,서울특별시,1,여자,18660,48.0
201512,서울특별시,2,남자,21749,48.0
201512,서울특별시,2,여자,20351,48.0
201512,서울특별시,3,남자,15793,48.0
201512,서울특별시,3,여자,15102,48.0
201512,세종특별자치시,1,남자,1012,47.125
201512,세종특별자치시,1,여자,912,47.125
201512,세종특별자치시,2,남자,1080,47.125
201512,세종특별자치시,2,여자,1183,47.125
201512,세종특별자치시,3,남자,573,47.125
201512,세종특별자치시,3,여자,585,47.125
201512,울산광역시,1,남자,3250,39.0
201512,울산광역시,1,여자,3057,39.0
201512,울산광역시,2,남자,3577,39.0
201512,울산광역시,2,여자,3406,39.0
201512,울산광역시,3,남자,2716,39.0
201512,울산광역시,3,여자,2446,39.0
201512,인천광역시,1,남자,7966,54.0
201512,인천광역시,1,여자,7687,54.0
201512,인천광역시,2,남자,9028,54.0
201512,인천광역시,2,여자,8823,54.0
201512,인천광역시,3,남자,7005,54.0
201512,인천광역시,3,여자,6659,54.0
201512,전라남도,1,남자,4631,36.0
201512,전라남도,1,여자,4691,36.0
201512,전라남도,2,남자,4720,36.0
201512,전라남도,2,여자,4650,36.0
201512,전라남도,3,남자,3332,36.0
201512,전라남도,3,여자,3214,36.0
201512,전라북도,1,남자,4152,54.0
201512,전라북도,1,여자,3886,54.0
201512,전라북도,2,남자,5221,54.0
201512,전라북도,2,여자,5003,54.0
201512,전라북도,3,남자,3731,54.0
201512,전라북도,3,여자,3563,54.0
201512,제주특별자치도,1,남자,5252,41.0
201512,제주특별자치도,1,여자,5227,41.0
201512,제주특별자치도,2,남자,5987,41.0
201512,제주특별자치도,2,여자,5692,41.0
201512,제주특별자치도,3,남자,4279,41.0
201512,제주특별자치도,3,여자,4014,41.0
201512,충청남도,1,남자,5548,45.0
201512,충청남도,1,여자,5476,45.0
201512,충청남도,2,남자,6401,45.0
201512,충청남도,2,여자,6147,45.0
201512,충청남도,3,남자,4158,45.0
201512,충청남도,3,여자,3940,45.0
201512,충청북도,1,남자,3836,54.0
201512,충청북도,1,여자,3942,54.0
201512,충청북도,2,남자,4515,54.0
201512,충청북도,2,여자,4255,54.0
201512,충청북도,3,남자,3000,54.0
201512,충청북도,3,여자,2777,54.0
201601,경기도,1,남자,26172,58.0
201601,경기도,1,여자,24484,58.0
201601,경기도,2,남자,29403,58.0
201601,경기도,2,여자,26448,58.0
201601,경기도,3,남자,19142,58.0
201601,경기도,3,여자,16153,58.0
201601,경상남도,1,남자,6286,45.0
201601,경상남도,1,여자,5925,45.0
201601,경상남도,2,남자,7202,45.0
201601,경상남도,2,여자,6423,45.0
201601,경상남도,3,남자,5048,45.0
201601,경상남도,3,여자,4447,45.0
201601,경상북도,1,남자,4649,45.0
201601,경상북도,1,여자,4404,45.0
201601,경상북도,2,남자,4789,45.0
201601,경상북도,2,여자,4152,45.0
201601,경상북도,3,남자,3447,45.0
201601,경상북도,3,여자,2917,45.0
201601,광주광역시,1,남자,2838,39.0
201601,광주광역시,1,여자,2663,39.0
201601,광주광역시,2,남자,3474,39.0
201601,광주광역시,2,여자,3096,39.0
201601,광주광역시,3,남자,2470,39.0
201601,광주광역시,3,여자,2192,39.0
201601,대구광역시,1,남자,4646,49.0
201601,대구광역시,1,여자,4407,49.0
201601,대구광역시,2,남자,5720,49.0
201601,대구광역시,2,여자,5013,49.0
201601,대구광역시,3,남자,4289,49.0
201601,대구광역시,3,여자,3387,49.0
201601,대전광역시,1,남자,2943,48.0
201601,대전광역시,1,여자,2808,48.0
201601,대전광역시,2,남자,3437,48.0
201601,대전광역시,2,여자,2987,48.0
201601,대전광역시,3,남자,2724,48.0
201601,대전광역시,3,여자,2147,48.0
201601,부산광역시,1,남자,5385,45.0
201601,부산광역시,1,여자,5191,45.0
201601,부산광역시,2,남자,5833,45.0
201601,부산광역시,2,여자,5068,45.0
201601,부산광역시,3,남자,4455,45.0
201601,부산광역시,3,여자,3981,45.0
201601,서울특별시,1,남자,14638,50.0
201601,서울특별시,1,여자,13702,50.0
201601,서울특별시,2,남자,16299,50.0
201601,서울특별시,2,여자,14812,50.0
201601,서울특별시,3,남자,11180,50.0
201601,서울특별시,3,여자,9337,50.0
201601,세종특별자치시,1,남자,708,52.0
201601,세종특별자치시,1,여자,650,52.0
201601,세종특별자치시,2,남자,844,52.0
201601,세종특별자치시,2,여자,713,52.0
201601,세종특별자치시,3,남자,459,52.0
201601,세종특별자치시,3,여자,392,52.0
201601,울산광역시,1,남자,2494,43.0
201601,울산광역시,1,여자,2237,43.0
201601,울산광역시,2,남자,2319,43.0
201601,울산광역시,2,여자,1969,43.0
201601,울산광역시,3,남자,1683,43.0
201601,울산광역시,3,여자,1421,43.0
201601,인천광역시,1,남자,5680,49.0
201601,인천광역시,1,여자,5389,49.0
201601,인천광역시,2,남자,6251,49.0
201601,인천광역시,2,여자,5735,49.0
201601,인천광역시,3,남자,4337,49.0
201601,인천광역시,3,여자,3855,49.0
201601,전라남도,1,남자,3658,37.0
201601,전라남도,1,여자,3449,37.0
201601,전라남도,2,남자,3821,37.0
201601,전라남도,2,여자,3477,37.0
201601,전라남도,3,남자,2834,37.0
201601,전라남도,3,여자,2495,37.0
201601,전라북도,1,남자,2894,54.0
201601,전라북도,1,여자,2814,54.0
201601,전라북도,2,남자,3667,54.0
201601,전라북도,2,여자,3339,54.0
201601,전라북도,3,남자,2895,54.0
201601,전라북도,3,여자,2479,54.0
201601,제주특별자치도,1,남자,4108,43.0
201601,제주특별자치도,1,여자,3926,43.0
201601,제주특별자치도,2,남자,4532,43.0
201601,제주특별자치도,2,여자,3943,43.0
201601,제주특별자치도,3,남자,3049,43.0
201601,제주특별자치도,3,여자,2598,43.0
201601,충청남도,1,남자,3852,45.0
201601,충청남도,1,여자,3675,45.0
201601,충청남도,2,남자,4316,45.0
201601,충청남도,2,여자,3901,45.0
201601,충청남도,3,남자,2823,45.0
201601,충청남도,3,여자,2451,45.0
201601,충청북도,1,남자,2725,53.0
201601,충청북도,1,여자,2796,53.0
201601,충청북도,2,남자,3268,53.0
201601,충청북도,2,여자,2884,53.0
201601,충청북도,3,남자,2212,53.0
201601,충청북도,3,여자,1966,53.0
201602,경기도,1,남자,33901,52.0
201602,경기도,1,여자,31879,52.0
201602,경기도,2,남자,38238,52.0
201602,경기도,2,여자,35142,52.0
201602,경기도,3,남자,22480,52.0
201602,경기도,3,여자,20103,52.0
201602,경상남도,1,남자,8088,47.0
201602,경상남도,1,여자,7509,47.0
201602,경상남도,2,남자,9796,47.0
201602,경상남도,2,여자,8895,47.0
201602,경상남도,3,남자,6747,47.0
201602,경상남도,3,여자,5894,47.0
201602,경상북도,1,남자,6408,42.0
201602,경상북도,1,여자,5966,42.0
201602,경상북도,2,남자,6761,42.0
201602,경상북도,2,여자,6173,42.0
201602,경상북도,3,남자,4196,42.0
201602,경상북도,3,여자,3614,42.0
201602,광주광역시,1,남자,3846,44.0
201602,광주광역시,1,여자,3607,44.0
201602,광주광역시,2,남자,4332,44.0
201602,광주광역시,2,여자,3967,44.0
201602,광주광역시,3,남자,2977,44.0
201602,광주광역시,3,여자,2553,44.0
201602,대구광역시,1,남자,5717,45.0
201602,대구광역시,1,여자,5424,45.0
201602,대구광역시,2,남자,7145,45.0
201602,대구광역시,2,여자,6593,45.0
201602,대구광역시,3,남자,4971,45.0
201602,대구광역시,3,여자,4180,45.0
201602,대전광역시,1,남자,3900,46.0
201602,대전광역시,1,여자,3478,46.0
201602,대전광역시,2,남자,4529,46.0
201602,대전광역시,2,여자,4104,46.0
201602,대전광역시,3,남자,2852,46.0
201602,대전광역시,3,여자,2475,46.0
201602,부산광역시,1,남자,7246,46.0
201602,부산광역시,1,여자,6803,46.0
201602,부산광역시,2,남자,8255,46.0
201602,부산광역시,2,여자,7759,46.0
201602,부산광역시,3,남자,6185,46.0
201602,부산광역시,3,여자,5508,46.0
201602,서울특별시,1,남자,19295,45.0
201602,서울특별시,1,여자,17650,45.0
201602,서울특별시,2,남자,22098,45.0
201602,서울특별시,2,여자,20235,45.0
201602,서울특별시,3,남자,14733,45.0
201602,서울특별시,3,여자,13052,45.0
201602,세종특별자치시,1,남자,1008,47.0
201602,세종특별자치시,1,여자,969,47.0
201602,세종특별자치시,2,남자,1114,47.0
201602,세종특별자치시,2,여자,1109,47.0
201602,세종특별자치시,3,남자,550,47.0
201602,세종특별자치시,3,여자,513,47.0
201602,울산광역시,1,남자,3365,42.0
201602,울산광역시,1,여자,3071,42.0
201602,울산광역시,2,남자,3174,42.0
201602,울산광역시,2,여자,2801,42.0
201602,울산광역시,3,남자,2011,42.0
201602,울산광역시,3,여자,1674,42.0
201602,인천광역시,1,남자,7629,46.0
201602,인천광역시,1,여자,6960,46.0
201602,인천광역시,2,남자,7678,46.0
201602,인천광역시,2,여자,7075,46.0
201602,인천광역시,3,남자,4579,46.0
201602,인천광역시,3,여자,4367,46.0
201602,전라남도,1,남자,4189,39.0
201602,전라남도,1,여자,4052,39.0
201602,전라남도,2,남자,4923,39.0
201602,전라남도,2,여자,4601,39.0
201602,전라남도,3,남자,3400,39.0
201602,전라남도,3,여자,3048,39.0
201602,전라북도,1,남자,4033,51.0
201602,전라북도,1,여자,3870,51.0
201602,전라북도,2,남자,5132,51.0
201602,전라북도,2,여자,4667,51.0
201602,전라북도,3,남자,3592,51.0
201602,전라북도,3,여자,3137,51.0
201602,제주특별자치도,1,남자,4978,50.0
201602,제주특별자치도,1,여자,4592,50.0
201602,제주특별자치도,2,남자,5294,50.0
201602,제주특별자치도,2,여자,4790,50.0
201602,제주특별자치도,3,남자,3418,50.0
201602,제주특별자치도,3,여자,3007,50.0
201602,충청남도,1,남자,5486,43.0
201602,충청남도,1,여자,5305,43.0
201602,충청남도,2,남자,5981,43.0
201602,충청남도,2,여자,5426,43.0
201602,충청남도,3,남자,3079,43.0
201602,충청남도,3,여자,2792,43.0
201602,충청북도,1,남자,3690,50.0
201602,충청북도,1,여자,3667,50.0
201602,충청북도,2,남자,4509,50.0
201602,충청북도,2,여자,3995,50.0
201602,충청북도,3,남자,2634,50.0
201602,충청북도,3,여자,2458,50.0
201603,경기도,1,남자,43408,71.0
201603,경기도,1,여자,41828,71.0
201603,경기도,2,남자,48099,71.0
201603,경기도,2,여자,46954,71.0
201603,경기도,3,남자,41435,71.0
201603,경기도,3,여자,39016,71.0
201603,경상남도,1,남자,11200,52.0
201603,경상남도,1,여자,10348,52.0
201603,경상남도,2,남자,11435,52.0
201603,경상남도,2,여자,10562,52.0
201603,경상남도,3,남자,10539,52.0
201603,경상남도,3,여자,8665,52.0
201603,경상북도,1,남자,7863,48.0
201603,경상북도,1,여자,7523,48.0
201603,경상북도,2,남자,8127,48.0
201603,경상북도,2,여자,7514,48.0
201603,경상북도,3,남자,7104,48.0
201603,경상북도,3,여자,5735,48.0
201603,광주광역시,1,남자,4982,52.0
201603,광주광역시,1,여자,4676,52.0
201603,광주광역시,2,남자,5609,52.0
201603,광주광역시,2,여자,5427,52.0
201603,광주광역시,3,남자,4984,52.0
201603,광주광역시,3,여자,4276,52.0
201603,대구광역시,1,남자,7665,52.0
201603,대구광역시,1,여자,7616,52.0
201603,대구광역시,2,남자,8495,52.0
201603,대구광역시,2,여자,7997,52.0
201603,대구광역시,3,남자,7889,52.0
201603,대구광역시,3,여자,6462,52.0
201603,대전광역시,1,남자,5045,59.0
201603,대전광역시,1,여자,5034,59.0
201603,대전광역시,2,남자,5602,59.0
201603,대전광역시,2,여자,5336,59.0
201603,대전광역시,3,남자,5151,59.0
201603,대전광역시,3,여자,4741,59.0
201603,부산광역시,1,남자,9580,52.0
201603,부산광역시,1,여자,9262,52.0
201603,부산광역시,2,남자,8968,52.0
201603,부산광역시,2,여자,8250,52.0
201603,부산광역시,3,남자,8545,52.0
201603,부산광역시,3,여자,7424,52.0
201603,서울특별시,1,남자,25857,64.0
201603,서울특별시,1,여자,24229,64.0
201603,서울특별시,2,남자,23820,64.0
201603,서울특별시,2,여자,23045,64.0
201603,서울특별시,3,남자,23475,64.0
201603,서울특별시,3,여자,20542,64.0
201603,세종특별자치시,1,남자,1389,59.0
201603,세종특별자치시,1,여자,1293,59.0
201603,세종특별자치시,2,남자,1597,59.0
201603,세종특별자치시,2,여자,1595,59.0
201603,세종특별자치시,3,남자,939,59.0
201603,세종특별자치시,3,여자,907,59.0
201603,울산광역시,1,남자,4551,50.0
201603,울산광역시,1,여자,4273,50.0
201603,울산광역시,2,남자,3952,50.0
201603,울산광역시,2,여자,3750,50.0
201603,울산광역시,3,남자,3973,50.0
201603,울산광역시,3,여자,3125,50.0
201603,인천광역시,1,남자,9805,65.0
201603,인천광역시,1,여자,9184,65.0
201603,인천광역시,2,남자,10259,65.0
201603,인천광역시,2,여자,10240,65.0
201603,인천광역시,3,남자,9557,65.0
201603,인천광역시,3,여자,8433,65.0
201603,전라남도,1,남자,5751,46.0
201603,전라남도,1,여자,5699,46.0
201603,전라남도,2,남자,6049,46.0
201603,전라남도,2,여자,5913,46.0
201603,전라남도,3,남자,5593,46.0
201603,전라남도,3,여자,4923,46.0
201603,전라북도,1,남자,5109,64.0
201603,전라북도,1,여자,4899,64.0
201603,전라북도,2,남자,6393,64.0
201603,전라북도,2,여자,6328,64.0
201603,전라북도,3,남자,6056,64.0
201603,전라북도,3,여자,5536,64.0
201603,제주특별자치도,1,남자,6671,50.0
201603,제주특별자치도,1,여자,6578,50.0
201603,제주특별자치도,2,남자,7813,50.0
201603,제주특별자치도,2,여자,7488,50.0
201603,제주특별자치도,3,남자,6816,50.0
201603,제주특별자치도,3,여자,5997,50.0
201603,충청남도,1,남자,7253,61.0
201603,충청남도,1,여자,6897,61.0
201603,충청남도,2,남자,7768,61.0
201603,충청남도,2,여자,7533,61.0
201603,충청남도,3,남자,5788,61.0
201603,충청남도,3,여자,5335,61.0
201603,충청북도,1,남자,4869,67.0
201603,충청북도,1,여자,4832,67.0
201603,충청북도,2,남자,4967,67.0
201603,충청북도,2,여자,4934,67.0
201603,충청북도,3,남자,4510,67.0
201603,충청북도,3,여자,3877,67.0
201604,경기도,1,남자,29935,76.0
201604,경기도,1,여자,28215,76.0
201604,경기도,2,남자,33460,76.0
201604,경기도,2,여자,29285,76.0
201604,경기도,3,남자,31101,76.0
201604,경기도,3,여자,28243,76.0
201604,경상남도,1,남자,7679,59.0
201604,경상남도,1,여자,7096,59.0
201604,경상남도,2,남자,8044,59.0
201604,경상남도,2,여자,7169,59.0
201604,경상남도,3,남자,8806,59.0
201604,경상남도,3,여자,7629,59.0
201604,경상북도,1,남자,5508,55.0
201604,경상북도,1,여자,5079,55.0
201604,경상북도,2,남자,5851,55.0
201604,경상북도,2,여자,5064,55.0
201604,경상북도,3,남자,6305,55.0
201604,경상북도,3,여자,5016,55.0
201604,광주광역시,1,남자,3074,64.0
201604,광주광역시,1,여자,2962,64.0
201604,광주광역시,2,남자,3489,64.0
201604,광주광역시,2,여자,3113,64.0
201604,광주광역시,3,남자,3681,64.0
201604,광주광역시,3,여자,3268,64.0
201604,대구광역시,1,남자,5280,60.0
201604,대구광역시,1,여자,4972,60.0
201604,대구광역시,2,남자,6328,60.0
201604,대구광역시,2,여자,5736,60.0
201604,대구광역시,3,남자,7211,60.0
201604,대구광역시,3,여자,5803,60.0
201604,대전광역시,1,남자,3416,64.0
201604,대전광역시,1,여자,3222,64.0
201604,대전광역시,2,남자,3842,64.0
201604,대전광역시,2,여자,3402,64.0
201604,대전광역시,3,남자,4140,64.0
201604,대전광역시,3,여자,3558,64.0
201604,부산광역시,1,남자,6515,60.0
201604,부산광역시,1,여자,6292,60.0
201604,부산광역시,2,남자,6224,60.0
201604,부산광역시,2,여자,5708,60.0
201604,부산광역시,3,남자,6773,60.0
201604,부산광역시,3,여자,6210,60.0
201604,서울특별시,1,남자,17920,71.0
201604,서울특별시,1,여자,16730,71.0
201604,서울특별시,2,남자,19867,71.0
201604,서울특별시,2,여자,16877,71.0
201604,서울특별시,3,남자,20476,71.0
201604,서울특별시,3,여자,17685,71.0
201604,세종특별자치시,1,남자,844,60.0
201604,세종특별자치시,1,여자,887,60.0
201604,세종특별자치시,2,남자,877,60.0
201604,세종특별자치시,2,여자,818,60.0
201604,세종특별자치시,3,남자,696,60.0
201604,세종특별자치시,3,여자,639,60.0
201604,울산광역시,1,남자,2684,61.0
201604,울산광역시,1,여자,2558,61.0
201604,울산광역시,2,남자,2690,61.0
201604,울산광역시,2,여자,2282,61.0
201604,울산광역시,3,남자,2982,61.0
201604,울산광역시,3,여자,2503,61.0
201604,인천광역시,1,남자,6471,72.0
201604,인천광역시,1,여자,6114,72.0
201604,인천광역시,2,남자,6783,72.0
201604,인천광역시,2,여자,6214,72.0
201604,인천광역시,3,남자,6761,72.0
201604,인천광역시,3,여자,6179,72.0
201604,전라남도,1,남자,3918,53.0
201604,전라남도,1,여자,3710,53.0
201604,전라남도,2,남자,3833,53.0
201604,전라남도,2,여자,3495,53.0
201604,전라남도,3,남자,4025,53.0
201604,전라남도,3,여자,3743,53.0
201604,전라북도,1,남자,3509,75.0
201604,전라북도,1,여자,3261,75.0
201604,전라북도,2,남자,4051,75.0
201604,전라북도,2,여자,3580,75.0
201604,전라북도,3,남자,4624,75.0
201604,전라북도,3,여자,3915,75.0
201604,제주특별자치도,1,남자,4496,58.0
201604,제주특별자치도,1,여자,4118,58.0
201604,제주특별자치도,2,남자,5035,58.0
201604,제주특별자치도,2,여자,4232,58.0
201604,제주특별자치도,3,남자,4813,58.0
201604,제주특별자치도,3,여자,4135,58.0
201604,충청남도,1,남자,4696,71.0
201604,충청남도,1,여자,4573,71.0
201604,충청남도,2,남자,5288,71.0
201604,충청남도,2,여자,4731,71.0
201604,충청남도,3,남자,4534,71.0
201604,충청남도,3,여자,3940,71.0
201604,충청북도,1,남자,3226,66.0
201604,충청북도,1,여자,3166,66.0
201604,충청북도,2,남자,3676,66.0
201604,충청북도,2,여자,3231,66.0
201604,충청북도,3,남자,3559,66.0
201604,충청북도,3,여자,3111,66.0
201605,경기도,1,남자,27573,58.0
201605,경기도,1,여자,26159,58.0
201605,경기도,2,남자,25755,58.0
201605,경기도,2,여자,23473,58.0
201605,경기도,3,남자,19233,58.0
201605,경기도,3,여자,17879,58.0
201605,경상남도,1,남자,6814,53.0
201605,경상남도,1,여자,6447,53.0
201605,경상남도,2,남자,5962,53.0
201605,경상남도,2,여자,5510,53.0
201605,경상남도,3,남자,4804,53.0
201605,경상남도,3,여자,4549,53.0
201605,경상북도,1,남자,4987,47.0
201605,경상북도,1,여자,4722,47.0
201605,경상북도,2,남자,4143,47.0
201605,경상북도,2,여자,3879,47.0
201605,경상북도,3,남자,3425,47.0
201605,경상북도,3,여자,3132,47.0
201605,광주광역시,1,남자,2978,49.0
201605,광주광역시,1,여자,2695,49.0
201605,광주광역시,2,남자,3028,49.0
201605,광주광역시,2,여자,2842,49.0
201605,광주광역시,3,남자,2329,49.0
201605,광주광역시,3,여자,2196,49.0
201605,대구광역시,1,남자,4506,48.0
201605,대구광역시,1,여자,4500,48.0
201605,대구광역시,2,남자,4489,48.0
201605,대구광역시,2,여자,4156,48.0
201605,대구광역시,3,남자,3646,48.0
201605,대구광역시,3,여자,3310,48.0
201605,대전광역시,1,남자,3140,49.0
201605,대전광역시,1,여자,2958,49.0
201605,대전광역시,2,남자,2988,49.0
201605,대전광역시,2,여자,2751,49.0
201605,대전광역시,3,남자,2487,49.0
201605,대전광역시,3,여자,2335,49.0
201605,부산광역시,1,남자,5826,53.0
201605,부산광역시,1,여자,5600,53.0
201605,부산광역시,2,남자,4734,53.0
201605,부산광역시,2,여자,4363,53.0
201605,부산광역시,3,남자,3742,53.0
201605,부산광역시,3,여자,3579,53.0
201605,서울특별시,1,남자,15780,56.0
201605,서울특별시,1,여자,15025,56.0
201605,서울특별시,2,남자,14243,56.0
201605,서울특별시,2,여자,12779,56.0
201605,서울특별시,3,남자,12242,56.0
201605,서울특별시,3,여자,10780,56.0
201605,세종특별자치시,1,남자,802,47.0
201605,세종특별자치시,1,여자,811,47.0
201605,세종특별자치시,2,남자,790,47.0
201605,세종특별자치시,2,여자,698,47.0
201605,세종특별자치시,3,남자,436,47.0
201605,세종특별자치시,3,여자,456,47.0
201605,울산광역시,1,남자,2279,57.0
201605,울산광역시,1,여자,2261,57.0
201605,울산광역시,2,남자,2008,57.0
201605,울산광역시,2,여자,1759,57.0
201605,울산광역시,3,남자,1648,57.0
201605,울산광역시,3,여자,1463,57.0
201605,인천광역시,1,남자,6036,58.0
201605,인천광역시,1,여자,5760,58.0
201605,인천광역시,2,남자,5893,58.0
201605,인천광역시,2,여자,5343,58.0
201605,인천광역시,3,남자,4871,58.0
201605,인천광역시,3,여자,4301,58.0
201605,전라남도,1,남자,3727,47.0
201605,전라남도,1,여자,3617,47.0
201605,전라남도,2,남자,3421,47.0
201605,전라남도,2,여자,3070,47.0
201605,전라남도,3,남자,2843,47.0
201605,전라남도,3,여자,2587,47.0
201605,전라북도,1,남자,3148,58.0
201605,전라북도,1,여자,2890,58.0
201605,전라북도,2,남자,3533,58.0
201605,전라북도,2,여자,3178,58.0
201605,전라북도,3,남자,3146,58.0
201605,전라북도,3,여자,2651,58.0
201605,제주특별자치도,1,남자,4347,53.0
201605,제주특별자치도,1,여자,4085,53.0
201605,제주특별자치도,2,남자,4083,53.0
201605,제주특별자치도,2,여자,3642,53.0
201605,제주특별자치도,3,남자,3360,53.0
201605,제주특별자치도,3,여자,3078,53.0
201605,충청남도,1,남자,4406,55.0
201605,충청남도,1,여자,4129,55.0
201605,충청남도,2,남자,4151,55.0
201605,충청남도,2,여자,3846,55.0
201605,충청남도,3,남자,2987,55.0
201605,충청남도,3,여자,2759,55.0
201605,충청북도,1,남자,3057,53.0
201605,충청북도,1,여자,3056,53.0
201605,충청북도,2,남자,2988,53.0
201605,충청북도,2,여자,2698,53.0
201605,충청북도,3,남자,2329,53.0
201605,충청북도,3,여자,2172,53.0
201606,경기도,1,남자,24167,46.0
201606,경기도,1,여자,22782,46.0
201606,경기도,2,남자,23248,46.0
201606,경기도,2,여자,21813,46.0
201606,경기도,3,남자,17957,46.0
201606,경기도,3,여자,17489,46.0
201606,경상남도,1,남자,6060,42.0
201606,경상남도,1,여자,5670,42.0
201606,경상남도,2,남자,5383,42.0
201606,경상남도,2,여자,4731,42.0
201606,경상남도,3,남자,3960,42.0
201606,경상남도,3,여자,3909,42.0
201606,경상북도,1,남자,4225,34.0
201606,경상북도,1,여자,3899,34.0
201606,경상북도,2,남자,3568,34.0
201606,경상북도,2,여자,3184,34.0
201606,경상북도,3,남자,2715,34.0
201606,경상북도,3,여자,2713,34.0
201606,광주광역시,1,남자,2394,35.0
201606,광주광역시,1,여자,2162,35.0
201606,광주광역시,2,남자,2588,35.0
201606,광주광역시,2,여자,2363,35.0
201606,광주광역시,3,남자,2139,35.0
201606,광주광역시,3,여자,1950,35.0
201606,대구광역시,1,남자,3856,39.0
201606,대구광역시,1,여자,3736,39.0
201606,대구광역시,2,남자,3997,39.0
201606,대구광역시,2,여자,3776,39.0
201606,대구광역시,3,남자,3198,39.0
201606,대구광역시,3,여자,2889,39.0
201606,대전광역시,1,남자,2709,38.0
201606,대전광역시,1,여자,2446,38.0
201606,대전광역시,2,남자,2628,38.0
201606,대전광역시,2,여자,2484,38.0
201606,대전광역시,3,남자,2128,38.0
201606,대전광역시,3,여자,1992,38.0
201606,부산광역시,1,남자,5241,39.0
201606,부산광역시,1,여자,4918,39.0
201606,부산광역시,2,남자,4402,39.0
201606,부산광역시,2,여자,3975,39.0
201606,부산광역시,3,남자,3169,39.0
201606,부산광역시,3,여자,3208,39.0
201606,서울특별시,1,남자,13408,46.0
201606,서울특별시,1,여자,12782,46.0
201606,서울특별시,2,남자,12321,46.0
201606,서울특별시,2,여자,11701,46.0
201606,서울특별시,3,남자,10867,46.0
201606,서울특별시,3,여자,10799,46.0
201606,세종특별자치시,1,남자,742,39.0
201606,세종특별자치시,1,여자,698,39.0
201606,세종특별자치시,2,남자,710,39.0
201606,세종특별자치시,2,여자,737,39.0
201606,세종특별자치시,3,남자,380,39.0
201606,세종특별자치시,3,여자,362,39.0
201606,울산광역시,1,남자,2169,41.0
201606,울산광역시,1,여자,1866,41.0
201606,울산광역시,2,남자,1653,41.0
201606,울산광역시,2,여자,1518,41.0
201606,울산광역시,3,남자,1515,41.0
201606,울산광역시,3,여자,1351,41.0
201606,인천광역시,1,남자,5341,48.0
201606,인천광역시,1,여자,4961,48.0
201606,인천광역시,2,남자,5043,48.0
201606,인천광역시,2,여자,4803,48.0
201606,인천광역시,3,남자,4013,48.0
201606,인천광역시,3,여자,3973,48.0
201606,전라남도,1,남자,3115,33.0
201606,전라남도,1,여자,2994,33.0
201606,전라남도,2,남자,2944,33.0
201606,전라남도,2,여자,2671,33.0
201606,전라남도,3,남자,2361,33.0
201606,전라남도,3,여자,2303,33.0
201606,전라북도,1,남자,2745,48.0
201606,전라북도,1,여자,2577,48.0
201606,전라북도,2,남자,3134,48.0
201606,전라북도,2,여자,2874,48.0
201606,전라북도,3,남자,2844,48.0
201606,전라북도,3,여자,2618,48.0
201606,제주특별자치도,1,남자,3636,34.0
201606,제주특별자치도,1,여자,3524,34.0
201606,제주특별자치도,2,남자,3446,34.0
201606,제주특별자치도,2,여자,3110,34.0
201606,제주특별자치도,3,남자,2664,34.0
201606,제주특별자치도,3,여자,2497,34.0
201606,충청남도,1,남자,4009,47.0
201606,충청남도,1,여자,3822,47.0
201606,충청남도,2,남자,3759,47.0
201606,충청남도,2,여자,3403,47.0
201606,충청남도,3,남자,2738,47.0
201606,충청남도,3,여자,2617,47.0
201606,충청북도,1,남자,2610,39.0
201606,충청북도,1,여자,2430,39.0
201606,충청북도,2,남자,2497,39.0
201606,충청북도,2,여자,2350,39.0
201606,충청북도,3,남자,1942,39.0
201606,충청북도,3,여자,1841,39.0
201607,경기도,1,남자,25101,32.0
201607,경기도,1,여자,23690,32.0
201607,경기도,2,남자,34001,32.0
201607,경기도,2,여자,30749,32.0
201607,경기도,3,남자,18534,32.0
201607,경기도,3,여자,18312,32.0
201607,경상남도,1,남자,6232,33.0
201607,경상남도,1,여자,5886,33.0
201607,경상남도,2,남자,8037,33.0
201607,경상남도,2,여자,6940,33.0
201607,경상남도,3,남자,4402,33.0
201607,경상남도,3,여자,4058,33.0
201607,경상북도,1,남자,4386,25.0
201607,경상북도,1,여자,3982,25.0
201607,경상북도,2,남자,5476,25.0
201607,경상북도,2,여자,4790,25.0
201607,경상북도,3,남자,2755,25.0
201607,경상북도,3,여자,2631,25.0
201607,광주광역시,1,남자,2613,23.0
201607,광주광역시,1,여자,2431,23.0
201607,광주광역시,2,남자,3632,23.0
201607,광주광역시,2,여자,3232,23.0
201607,광주광역시,3,남자,2147,23.0
201607,광주광역시,3,여자,2001,23.0
201607,대구광역시,1,남자,4255,29.0
201607,대구광역시,1,여자,4003,29.0
201607,대구광역시,2,남자,6031,29.0
201607,대구광역시,2,여자,5370,29.0
201607,대구광역시,3,남자,3309,29.0
201607,대구광역시,3,여자,3008,29.0
201607,대전광역시,1,남자,2877,27.0
201607,대전광역시,1,여자,2619,27.0
201607,대전광역시,2,남자,3940,27.0
201607,대전광역시,2,여자,3704,27.0
201607,대전광역시,3,남자,2300,27.0
201607,대전광역시,3,여자,2219,27.0
201607,부산광역시,1,남자,5115,29.0
201607,부산광역시,1,여자,4795,29.0
201607,부산광역시,2,남자,6729,29.0
201607,부산광역시,2,여자,5579,29.0
201607,부산광역시,3,남자,3693,29.0
201607,부산광역시,3,여자,3415,29.0
201607,서울특별시,1,남자,13656,33.0
201607,서울특별시,1,여자,12446,33.0
201607,서울특별시,2,남자,17693,33.0
201607,서울특별시,2,여자,16352,33.0
201607,서울특별시,3,남자,9898,33.0
201607,서울특별시,3,여자,9878,33.0
201607,세종특별자치시,1,남자,819,30.0
201607,세종특별자치시,1,여자,807,30.0
201607,세종특별자치시,2,남자,1234,30.0
201607,세종특별자치시,2,여자,1124,30.0
201607,세종특별자치시,3,남자,473,30.0
201607,세종특별자치시,3,여자,487,30.0
201607,울산광역시,1,남자,2339,32.0
201607,울산광역시,1,여자,2223,32.0
201607,울산광역시,2,남자,2775,32.0
201607,울산광역시,2,여자,2302,32.0
201607,울산광역시,3,남자,1419,32.0
201607,울산광역시,3,여자,1411,32.0
201607,인천광역시,1,남자,5172,35.0
201607,인천광역시,1,여자,4955,35.0
201607,인천광역시,2,남자,6949,35.0
201607,인천광역시,2,여자,6400,35.0
201607,인천광역시,3,남자,3751,35.0
201607,인천광역시,3,여자,3701,35.0
201607,전라남도,1,남자,3007,25.0
201607,전라남도,1,여자,2783,25.0
201607,전라남도,2,남자,3811,25.0
201607,전라남도,2,여자,3511,25.0
201607,전라남도,3,남자,2182,25.0
201607,전라남도,3,여자,2176,25.0
201607,전라북도,1,남자,2693,29.0
201607,전라북도,1,여자,2555,29.0
201607,전라북도,2,남자,4029,29.0
201607,전라북도,2,여자,3609,29.0
201607,전라북도,3,남자,2428,29.0
201607,전라북도,3,여자,2275,29.0
201607,제주특별자치도,1,남자,3481,27.0
201607,제주특별자치도,1,여자,3315,27.0
201607,제주특별자치도,2,남자,4471,27.0
201607,제주특별자치도,2,여자,4137,27.0
201607,제주특별자치도,3,남자,2679,27.0
201607,제주특별자치도,3,여자,2508,27.0
201607,충청남도,1,남자,4071,31.0
201607,충청남도,1,여자,3865,31.0
201607,충청남도,2,남자,5314,31.0
201607,충청남도,2,여자,4635,31.0
201607,충청남도,3,남자,2453,31.0
201607,충청남도,3,여자,2424,31.0
201607,충청북도,1,남자,2610,23.0
201607,충청북도,1,여자,2503,23.0
201607,충청북도,2,남자,3726,23.0
201607,충청북도,2,여자,3300,23.0
201607,충청북도,3,남자,1971,23.0
201607,충청북도,3,여자,1942,23.0
201608,경기도,1,남자,30467,36.0
201608,경기도,1,여자,28701,36.0
201608,경기도,2,남자,38313,36.0
201608,경기도,2,여자,31800,36.0
201608,경기도,3,남자,21333,36.0
201608,경기도,3,여자,17639,36.0
201608,경상남도,1,남자,8003,36.0
201608,경상남도,1,여자,7428,36.0
201608,경상남도,2,남자,9089,36.0
201608,경상남도,2,여자,7625,36.0
201608,경상남도,3,남자,4456,36.0
201608,경상남도,3,여자,3674,36.0
201608,경상북도,1,남자,5482,24.0
201608,경상북도,1,여자,4945,24.0
201608,경상북도,2,남자,6122,24.0
201608,경상북도,2,여자,4982,24.0
201608,경상북도,3,남자,3007,24.0
201608,경상북도,3,여자,2526,24.0
201608,광주광역시,1,남자,3602,28.0
201608,광주광역시,1,여자,3330,28.0
201608,광주광역시,2,남자,4139,28.0
201608,광주광역시,2,여자,3478,28.0
201608,광주광역시,3,남자,2239,28.0
201608,광주광역시,3,여자,1791,28.0
201608,대구광역시,1,남자,5391,28.0
201608,대구광역시,1,여자,5009,28.0
201608,대구광역시,2,남자,6800,28.0
201608,대구광역시,2,여자,5662,28.0
201608,대구광역시,3,남자,3507,28.0
201608,대구광역시,3,여자,2905,28.0
201608,대전광역시,1,남자,3667,29.0
201608,대전광역시,1,여자,3253,29.0
201608,대전광역시,2,남자,4337,29.0
201608,대전광역시,2,여자,3515,29.0
201608,대전광역시,3,남자,2538,29.0
201608,대전광역시,3,여자,2123,29.0
201608,부산광역시,1,남자,6835,36.0
201608,부산광역시,1,여자,6390,36.0
201608,부산광역시,2,남자,7293,36.0
201608,부산광역시,2,여자,6399,36.0
201608,부산광역시,3,남자,3673,36.0
201608,부산광역시,3,여자,3015,36.0
201608,서울특별시,1,남자,16827,34.0
201608,서울특별시,1,여자,15470,34.0
201608,서울특별시,2,남자,19189,34.0
201608,서울특별시,2,여자,16387,34.0
201608,서울특별시,3,남자,11518,34.0
201608,서울특별시,3,여자,9577,34.0
201608,세종특별자치시,1,남자,1028,38.0
201608,세종특별자치시,1,여자,958,38.0
201608,세종특별자치시,2,남자,1418,38.0
201608,세종특별자치시,2,여자,1272,38.0
201608,세종특별자치시,3,남자,534,38.0
201608,세종특별자치시,3,여자,473,38.0
201608,울산광역시,1,남자,2852,32.0
201608,울산광역시,1,여자,2576,32.0
201608,울산광역시,2,남자,3175,32.0
201608,울산광역시,2,여자,2499,32.0
201608,울산광역시,3,남자,1508,32.0
201608,울산광역시,3,여자,1135,32.0
201608,인천광역시,1,남자,6374,37.0
201608,인천광역시,1,여자,6137,37.0
201608,인천광역시,2,남자,7905,37.0
201608,인천광역시,2,여자,6677,37.0
201608,인천광역시,3,남자,4434,37.0
201608,인천광역시,3,여자,3772,37.0
201608,전라남도,1,남자,4069,32.0
201608,전라남도,1,여자,3898,32.0
201608,전라남도,2,남자,4430,32.0
201608,전라남도,2,여자,3837,32.0
201608,전라남도,3,남자,2450,32.0
201608,전라남도,3,여자,1993,32.0
201608,전라북도,1,남자,3715,37.0
201608,전라북도,1,여자,3330,37.0
201608,전라북도,2,남자,4775,37.0
201608,전라북도,2,여자,4130,37.0
201608,전라북도,3,남자,2771,37.0
201608,전라북도,3,여자,2344,37.0
201608,제주특별자치도,1,남자,4747,29.0
201608,제주특별자치도,1,여자,4509,29.0
201608,제주특별자치도,2,남자,5626,29.0
201608,제주특별자치도,2,여자,4693,29.0
201608,제주특별자치도,3,남자,3043,29.0
201608,제주특별자치도,3,여자,2479,29.0
201608,충청남도,1,남자,5705,40.0
201608,충청남도,1,여자,5317,40.0
201608,충청남도,2,남자,6407,40.0
201608,충청남도,2,여자,5401,40.0
201608,충청남도,3,남자,3047,40.0
201608,충청남도,3,여자,2572,40.0
201608,충청북도,1,남자,3360,26.0
201608,충청북도,1,여자,3203,26.0
201608,충청북도,2,남자,4085,26.0
201608,충청북도,2,여자,3452,26.0
201608,충청북도,3,남자,2188,26.0
201608,충청북도,3,여자,1814,26.0
201609,경기도,1,남자,37555,41.0
201609,경기도,1,여자,35315,41.0
201609,경기도,2,남자,48050,41.0
201609,경기도,2,여자,42642,41.0
201609,경기도,3,남자,36755,41.0
201609,경기도,3,여자,32043,41.0
201609,경상남도,1,남자,10286,37.0
201609,경상남도,1,여자,9930,37.0
201609,경상남도,2,남자,12386,37.0
201609,경상남도,2,여자,11073,37.0
201609,경상남도,3,남자,9054,37.0
201609,경상남도,3,여자,7567,37.0
201609,경상북도,1,남자,7702,31.0
201609,경상북도,1,여자,7414,31.0
201609,경상북도,2,남자,8649,31.0
201609,경상북도,2,여자,7880,31.0
201609,경상북도,3,남자,5941,31.0
201609,경상북도,3,여자,5199,31.0
201609,광주광역시,1,남자,4835,31.0
201609,광주광역시,1,여자,4302,31.0
201609,광주광역시,2,남자,5756,31.0
201609,광주광역시,2,여자,4988,31.0
201609,광주광역시,3,남자,4421,31.0
201609,광주광역시,3,여자,3799,31.0
201609,대구광역시,1,남자,8051,33.0
201609,대구광역시,1,여자,7720,33.0
201609,대구광역시,2,남자,9537,33.0
201609,대구광역시,2,여자,8535,33.0
201609,대구광역시,3,남자,7049,33.0
201609,대구광역시,3,여자,5686,33.0
201609,대전광역시,1,남자,4472,32.0
201609,대전광역시,1,여자,4253,32.0
201609,대전광역시,2,남자,5767,32.0
201609,대전광역시,2,여자,5097,32.0
201609,대전광역시,3,남자,4801,32.0
201609,대전광역시,3,여자,4511,32.0
201609,부산광역시,1,남자,9182,36.0
201609,부산광역시,1,여자,8686,36.0
201609,부산광역시,2,남자,9846,36.0
201609,부산광역시,2,여자,9086,36.0
201609,부산광역시,3,남자,6516,36.0
201609,부산광역시,3,여자,5948,36.0
201609,서울특별시,1,남자,20266,37.0
201609,서울특별시,1,여자,18880,37.0
201609,서울특별시,2,남자,25917,37.0
201609,서울특별시,2,여자,22379,37.0
201609,서울특별시,3,남자,19907,37.0
201609,서울특별시,3,여자,17358,37.0
201609,세종특별자치시,1,남자,1353,39.0
201609,세종특별자치시,1,여자,1322,39.0
201609,세종특별자치시,2,남자,1754,39.0
201609,세종특별자치시,2,여자,1702,39.0
201609,세종특별자치시,3,남자,959,39.0
201609,세종특별자치시,3,여자,902,39.0
201609,울산광역시,1,남자,3669,35.0
201609,울산광역시,1,여자,3491,35.0
201609,울산광역시,2,남자,3946,35.0
201609,울산광역시,2,여자,3477,35.0
201609,울산광역시,3,남자,2934,35.0
201609,울산광역시,3,여자,2415,35.0
201609,인천광역시,1,남자,7905,41.0
201609,인천광역시,1,여자,7346,41.0
201609,인천광역시,2,남자,9913,41.0
201609,인천광역시,2,여자,8951,41.0
201609,인천광역시,3,남자,7183,41.0
201609,인천광역시,3,여자,6507,41.0
201609,전라남도,1,남자,5290,30.0
201609,전라남도,1,여자,5123,30.0
201609,전라남도,2,남자,5767,30.0
201609,전라남도,2,여자,5215,30.0
201609,전라남도,3,남자,4323,30.0
201609,전라남도,3,여자,3829,30.0
201609,전라북도,1,남자,4660,41.0
201609,전라북도,1,여자,4483,41.0
201609,전라북도,2,남자,6394,41.0
201609,전라북도,2,여자,5762,41.0
201609,전라북도,3,남자,4791,41.0
201609,전라북도,3,여자,4371,41.0
201609,제주특별자치도,1,남자,5679,35.0
201609,제주특별자치도,1,여자,5346,35.0
201609,제주특별자치도,2,남자,6884,35.0
201609,제주특별자치도,2,여자,6280,35.0
201609,제주특별자치도,3,남자,4729,35.0
201609,제주특별자치도,3,여자,4296,35.0
201609,충청남도,1,남자,6651,42.0
201609,충청남도,1,여자,6388,42.0
201609,충청남도,2,남자,8651,42.0
201609,충청남도,2,여자,7503,42.0
201609,충청남도,3,남자,5793,42.0
201609,충청남도,3,여자,4904,42.0
201609,충청북도,1,남자,4490,31.0
201609,충청북도,1,여자,4410,31.0
201609,충청북도,2,남자,5663,31.0
201609,충청북도,2,여자,5086,31.0
201609,충청북도,3,남자,4373,31.0
201609,충청북도,3,여자,3523,31.0
201610,경기도,1,남자,39736,44.0
201610,경기도,1,여자,38386,44.0
201610,경기도,2,남자,47149,44.0
201610,경기도,2,여자,45276,44.0
201610,경기도,3,남자,26323,44.0
201610,경기도,3,여자,26504,44.0
201610,경상남도,1,남자,10039,38.0
201610,경상남도,1,여자,9576,38.0
201610,경상남도,2,남자,11314,38.0
201610,경상남도,2,여자,10780,38.0
201610,경상남도,3,남자,6635,38.0
201610,경상남도,3,여자,6510,38.0
201610,경상북도,1,남자,7174,34.0
201610,경상북도,1,여자,6799,34.0
201610,경상북도,2,남자,7713,34.0
201610,경상북도,2,여자,7291,34.0
201610,경상북도,3,남자,4529,34.0
201610,경상북도,3,여자,4221,34.0
201610,광주광역시,1,남자,4693,32.0
201610,광주광역시,1,여자,4487,32.0
201610,광주광역시,2,남자,5447,32.0
201610,광주광역시,2,여자,5151,32.0
201610,광주광역시,3,남자,3101,32.0
201610,광주광역시,3,여자,2973,32.0
201610,대구광역시,1,남자,7107,35.0
201610,대구광역시,1,여자,6867,35.0
201610,대구광역시,2,남자,8550,35.0
201610,대구광역시,2,여자,8327,35.0
201610,대구광역시,3,남자,5666,35.0
201610,대구광역시,3,여자,5392,35.0
201610,대전광역시,1,남자,4528,36.0
201610,대전광역시,1,여자,4364,36.0
201610,대전광역시,2,남자,5377,36.0
201610,대전광역시,2,여자,5218,36.0
201610,대전광역시,3,남자,3561,36.0
201610,대전광역시,3,여자,3353,36.0
201610,부산광역시,1,남자,8507,37.0
201610,부산광역시,1,여자,7843,37.0
201610,부산광역시,2,남자,9304,37.0
201610,부산광역시,2,여자,8781,37.0
201610,부산광역시,3,남자,5808,37.0
201610,부산광역시,3,여자,5594,37.0
201610,서울특별시,1,남자,21981,38.0
201610,서울특별시,1,여자,20725,38.0
201610,서울특별시,2,남자,25567,38.0
201610,서울특별시,2,여자,24467,38.0
201610,서울특별시,3,남자,15350,38.0
201610,서울특별시,3,여자,15223,38.0
201610,세종특별자치시,1,남자,1313,39.0
201610,세종특별자치시,1,여자,1302,39.0
201610,세종특별자치시,2,남자,1598,39.0
201610,세종특별자치시,2,여자,1547,39.0
201610,세종특별자치시,3,남자,705,39.0
201610,세종특별자치시,3,여자,762,39.0
201610,울산광역시,1,남자,3420,37.0
201610,울산광역시,1,여자,3216,37.0
201610,울산광역시,2,남자,3720,37.0
201610,울산광역시,2,여자,3444,37.0
201610,울산광역시,3,남자,2253,37.0
201610,울산광역시,3,여자,2051,37.0
201610,인천광역시,1,남자,8506,42.0
201610,인천광역시,1,여자,8193,42.0
201610,인천광역시,2,남자,10280,42.0
201610,인천광역시,2,여자,9665,42.0
201610,인천광역시,3,남자,6176,42.0
201610,인천광역시,3,여자,6464,42.0
201610,전라남도,1,남자,5323,30.0
201610,전라남도,1,여자,5047,30.0
201610,전라남도,2,남자,5882,30.0
201610,전라남도,2,여자,5648,30.0
201610,전라남도,3,남자,3388,30.0
201610,전라남도,3,여자,3408,30.0
201610,전라북도,1,남자,4596,44.0
201610,전라북도,1,여자,4220,44.0
201610,전라북도,2,남자,6250,44.0
201610,전라북도,2,여자,5870,44.0
201610,전라북도,3,남자,4288,44.0
201610,전라북도,3,여자,4077,44.0
201610,제주특별자치도,1,남자,5709,40.0
201610,제주특별자치도,1,여자,5532,40.0
201610,제주특별자치도,2,남자,7043,40.0
201610,제주특별자치도,2,여자,6384,40.0
201610,제주특별자치도,3,남자,4216,40.0
201610,제주특별자치도,3,여자,3921,40.0
201610,충청남도,1,남자,6494,46.0
201610,충청남도,1,여자,6380,46.0
201610,충청남도,2,남자,7970,46.0
201610,충청남도,2,여자,7581,46.0
201610,충청남도,3,남자,4047,46.0
201610,충청남도,3,여자,4050,46.0
201610,충청북도,1,남자,4190,37.0
201610,충청북도,1,여자,4241,37.0
201610,충청북도,2,남자,5190,37.0
201610,충청북도,2,여자,4947,37.0
201610,충청북도,3,남자,3067,37.0
201610,충청북도,3,여자,3081,37.0
201611,경기도,1,남자,34753,61.0
201611,경기도,1,여자,33425,61.0
201611,경기도,2,남자,43792,61.0
201611,경기도,2,여자,43521,61.0
201611,경기도,3,남자,36808,61.0
201611,경기도,3,여자,35939,61.0
201611,경상남도,1,남자,8843,50.0
201611,경상남도,1,여자,8349,50.0
201611,경상남도,2,남자,10698,50.0
201611,경상남도,2,여자,10361,50.0
201611,경상남도,3,남자,8112,50.0
201611,경상남도,3,여자,7513,50.0
201611,경상북도,1,남자,5956,50.0
201611,경상북도,1,여자,5833,50.0
201611,경상북도,2,남자,7141,50.0
201611,경상북도,2,여자,6808,50.0
201611,경상북도,3,남자,5244,50.0
201611,경상북도,3,여자,4981,50.0
201611,광주광역시,1,남자,3850,44.0
201611,광주광역시,1,여자,3697,44.0
201611,광주광역시,2,남자,4873,44.0
201611,광주광역시,2,여자,4777,44.0
201611,광주광역시,3,남자,3768,44.0
201611,광주광역시,3,여자,3648,44.0
201611,대구광역시,1,남자,5597,52.0
201611,대구광역시,1,여자,5682,52.0
201611,대구광역시,2,남자,7289,52.0
201611,대구광역시,2,여자,7168,52.0
201611,대구광역시,3,남자,5870,52.0
201611,대구광역시,3,여자,5402,52.0
201611,대전광역시,1,남자,3993,51.0
201611,대전광역시,1,여자,3725,51.0
201611,대전광역시,2,남자,4954,51.0
201611,대전광역시,2,여자,4746,51.0
201611,대전광역시,3,남자,4752,51.0
201611,대전광역시,3,여자,4279,51.0
201611,부산광역시,1,남자,7367,49.0
201611,부산광역시,1,여자,7045,49.0
201611,부산광역시,2,남자,8620,49.0
201611,부산광역시,2,여자,8394,49.0
201611,부산광역시,3,남자,6651,49.0
201611,부산광역시,3,여자,6371,49.0
201611,서울특별시,1,남자,19145,52.0
201611,서울특별시,1,여자,18418,52.0
201611,서울특별시,2,남자,22502,52.0
201611,서울특별시,2,여자,21434,52.0
201611,서울특별시,3,남자,19085,52.0
201611,서울특별시,3,여자,17916,52.0
201611,세종특별자치시,1,남자,1243,53.0
201611,세종특별자치시,1,여자,1144,53.0
201611,세종특별자치시,2,남자,1491,53.0
201611,세종특별자치시,2,여자,1500,53.0
201611,세종특별자치시,3,남자,848,53.0
201611,세종특별자치시,3,여자,865,53.0
201611,울산광역시,1,남자,3621,48.0
201611,울산광역시,1,여자,3411,48.0
201611,울산광역시,2,남자,3567,48.0
201611,울산광역시,2,여자,3541,48.0
201611,울산광역시,3,남자,2623,48.0
201611,울산광역시,3,여자,2478,48.0
201611,인천광역시,1,남자,7627,55.0
201611,인천광역시,1,여자,7514,55.0
201611,인천광역시,2,남자,9297,55.0
201611,인천광역시,2,여자,9140,55.0
201611,인천광역시,3,남자,8137,55.0
201611,인천광역시,3,여자,7429,55.0
201611,전라남도,1,남자,4269,37.0
201611,전라남도,1,여자,4025,37.0
201611,전라남도,2,남자,5131,37.0
201611,전라남도,2,여자,5054,37.0
201611,전라남도,3,남자,4006,37.0
201611,전라남도,3,여자,3895,37.0
201611,전라북도,1,남자,3879,57.0
201611,전라북도,1,여자,3732,57.0
201611,전라북도,2,남자,5265,57.0
201611,전라북도,2,여자,5222,57.0
201611,전라북도,3,남자,5127,57.0
201611,전라북도,3,여자,4682,57.0
201611,제주특별자치도,1,남자,5240,39.0
201611,제주특별자치도,1,여자,5171,39.0
201611,제주특별자치도,2,남자,6357,39.0
201611,제주특별자치도,2,여자,6382,39.0
201611,제주특별자치도,3,남자,4899,39.0
201611,제주특별자치도,3,여자,4506,39.0
201611,충청남도,1,남자,5216,51.0
201611,충청남도,1,여자,5056,51.0
201611,충청남도,2,남자,6337,51.0
201611,충청남도,2,여자,6404,51.0
201611,충청남도,3,남자,4670,51.0
201611,충청남도,3,여자,4405,51.0
201611,충청북도,1,남자,3635,55.0
201611,충청북도,1,여자,3794,55.0
201611,충청북도,2,남자,4659,55.0
201611,충청북도,2,여자,4606,55.0
201611,충청북도,3,남자,3528,55.0
201611,충청북도,3,여자,3303,55.0
201612,경기도,1,남자,29309,56.0
201612,경기도,1,여자,28667,56.0
201612,경기도,2,남자,49087,56.0
201612,경기도,2,여자,46671,56.0
201612,경기도,3,남자,48687,56.0
201612,경기도,3,여자,45509,56.0
201612,경상남도,1,남자,7045,44.0
201612,경상남도,1,여자,6769,44.0
201612,경상남도,2,남자,11916,44.0
201612,경상남도,2,여자,11052,44.0
201612,경상남도,3,남자,12399,44.0
201612,경상남도,3,여자,10733,44.0
201612,경상북도,1,남자,5091,44.0
201612,경상북도,1,여자,4800,44.0
201612,경상북도,2,남자,8194,44.0
201612,경상북도,2,여자,7502,44.0
201612,경상북도,3,남자,8424,44.0
201612,경상북도,3,여자,7198,44.0
201612,광주광역시,1,남자,3144,40.0
201612,광주광역시,1,여자,2868,40.0
201612,광주광역시,2,남자,5695,40.0
201612,광주광역시,2,여자,5464,40.0
201612,광주광역시,3,남자,5907,40.0
201612,광주광역시,3,여자,5141,40.0
201612,대구광역시,1,남자,4542,47.0
201612,대구광역시,1,여자,4463,47.0
201612,대구광역시,2,남자,8842,47.0
201612,대구광역시,2,여자,8288,47.0
201612,대구광역시,3,남자,9593,47.0
201612,대구광역시,3,여자,8435,47.0
201612,대전광역시,1,남자,3029,47.0
201612,대전광역시,1,여자,2976,47.0
201612,대전광역시,2,남자,5329,47.0
201612,대전광역시,2,여자,5242,47.0
201612,대전광역시,3,남자,6045,47.0
201612,대전광역시,3,여자,5441,47.0
201612,부산광역시,1,남자,6167,44.0
201612,부산광역시,1,여자,5947,44.0
201612,부산광역시,2,남자,9445,44.0
201612,부산광역시,2,여자,8947,44.0
201612,부산광역시,3,남자,9448,44.0
201612,부산광역시,3,여자,8540,44.0
201612,서울특별시,1,남자,16920,48.0
201612,서울특별시,1,여자,15986,48.0
201612,서울특별시,2,남자,26854,48.0
201612,서울특별시,2,여자,25425,48.0
201612,서울특별시,3,남자,28961,48.0
201612,서울특별시,3,여자,25806,48.0
201612,세종특별자치시,1,남자,955,49.0
201612,세종특별자치시,1,여자,864,49.0
201612,세종특별자치시,2,남자,1694,49.0
201612,세종특별자치시,2,여자,1785,49.0
201612,세종특별자치시,3,남자,1410,49.0
201612,세종특별자치시,3,여자,1380,49.0
201612,울산광역시,1,남자,2421,40.0
201612,울산광역시,1,여자,2467,40.0
201612,울산광역시,2,남자,3874,40.0
201612,울산광역시,2,여자,3553,40.0
201612,울산광역시,3,남자,4296,40.0
201612,울산광역시,3,여자,3505,40.0
201612,인천광역시,1,남자,6028,47.0
201612,인천광역시,1,여자,5764,47.0
201612,인천광역시,2,남자,10996,47.0
201612,인천광역시,2,여자,10436,47.0
201612,인천광역시,3,남자,11525,47.0
201612,인천광역시,3,여자,10845,47.0
201612,전라남도,1,남자,3506,32.0
201612,전라남도,1,여자,3381,32.0
201612,전라남도,2,남자,5851,32.0
201612,전라남도,2,여자,5760,32.0
201612,전라남도,3,남자,6288,32.0
201612,전라남도,3,여자,5484,32.0
201612,전라북도,1,남자,3288,51.0
201612,전라북도,1,여자,3111,51.0
201612,전라북도,2,남자,6135,51.0
201612,전라북도,2,여자,5800,51.0
201612,전라북도,3,남자,6257,51.0
201612,전라북도,3,여자,5769,51.0
201612,제주특별자치도,1,남자,4627,36.0
201612,제주특별자치도,1,여자,4517,36.0
201612,제주특별자치도,2,남자,7731,36.0
201612,제주특별자치도,2,여자,7223,36.0
201612,제주특별자치도,3,남자,7907,36.0
201612,제주특별자치도,3,여자,7017,36.0
201612,충청남도,1,남자,4370,43.0
201612,충청남도,1,여자,4054,43.0
201612,충청남도,2,남자,7842,43.0
201612,충청남도,2,여자,7420,43.0
201612,충청남도,3,남자,7141,43.0
201612,충청남도,3,여자,6633,43.0
201612,충청북도,1,남자,3066,51.0
201612,충청북도,1,여자,2946,51.0
201612,충청북도,2,남자,5452,51.0
201612,충청북도,2,여자,5137,51.0
201612,충청북도,3,남자,6024,51.0
201612,충청북도,3,여자,5499,51.0
201701,경기도,1,남자,22733,63.0
201701,경기도,1,여자,21455,63.0
201701,경기도,2,남자,20743,63.0
201701,경기도,2,여자,17503,63.0
201701,경기도,3,남자,12902,63.0
201701,경기도,3,여자,10888,63.0
201701,경상남도,1,남자,6140,46.0
201701,경상남도,1,여자,5895,46.0
201701,경상남도,2,남자,6091,46.0
201701,경상남도,2,여자,5360,46.0
201701,경상남도,3,남자,3623,46.0
201701,경상남도,3,여자,3226,46.0
201701,경상북도,1,남자,4177,47.0
201701,경상북도,1,여자,3936,47.0
201701,경상북도,2,남자,3584,47.0
201701,경상북도,2,여자,3069,47.0
201701,경상북도,3,남자,2312,47.0
201701,경상북도,3,여자,2097,47.0
201701,광주광역시,1,남자,2550,47.0
201701,광주광역시,1,여자,2416,47.0
201701,광주광역시,2,남자,2829,47.0
201701,광주광역시,2,여자,2431,47.0
201701,광주광역시,3,남자,1921,47.0
201701,광주광역시,3,여자,1762,47.0
201701,대구광역시,1,남자,4057,49.0
201701,대구광역시,1,여자,3966,49.0
201701,대구광역시,2,남자,3641,49.0
201701,대구광역시,2,여자,3205,49.0
201701,대구광역시,3,남자,2309,49.0
201701,대구광역시,3,여자,2010,49.0
201701,대전광역시,1,남자,2693,51.0
201701,대전광역시,1,여자,2452,51.0
201701,대전광역시,2,남자,2450,51.0
201701,대전광역시,2,여자,2181,51.0
201701,대전광역시,3,남자,1863,51.0
201701,대전광역시,3,여자,1527,51.0
201701,부산광역시,1,남자,5195,45.0
201701,부산광역시,1,여자,4768,45.0
201701,부산광역시,2,남자,5007,45.0
201701,부산광역시,2,여자,4347,45.0
201701,부산광역시,3,남자,3209,45.0
201701,부산광역시,3,여자,2744,45.0
201701,서울특별시,1,남자,12570,53.0
201701,서울특별시,1,여자,11795,53.0
201701,서울특별시,2,남자,10915,53.0
201701,서울특별시,2,여자,9529,53.0
201701,서울특별시,3,남자,7609,53.0
201701,서울특별시,3,여자,6521,53.0
201701,세종특별자치시,1,남자,796,53.0
201701,세종특별자치시,1,여자,716,53.0
201701,세종특별자치시,2,남자,702,53.0
201701,세종특별자치시,2,여자,580,53.0
201701,세종특별자치시,3,남자,321,53.0
201701,세종특별자치시,3,여자,305,53.0
201701,울산광역시,1,남자,2274,42.0
201701,울산광역시,1,여자,2077,42.0
201701,울산광역시,2,남자,2035,42.0
201701,울산광역시,2,여자,1627,42.0
201701,울산광역시,3,남자,1305,42.0
201701,울산광역시,3,여자,1044,42.0
201701,인천광역시,1,남자,4749,52.0
201701,인천광역시,1,여자,4469,52.0
201701,인천광역시,2,남자,4012,52.0
201701,인천광역시,2,여자,3693,52.0
201701,인천광역시,3,남자,2912,52.0
201701,인천광역시,3,여자,2601,52.0
201701,전라남도,1,남자,3190,36.0
201701,전라남도,1,여자,3021,36.0
201701,전라남도,2,남자,3074,36.0
201701,전라남도,2,여자,2736,36.0
201701,전라남도,3,남자,2094,36.0
201701,전라남도,3,여자,1824,36.0
201701,전라북도,1,남자,2708,56.0
201701,전라북도,1,여자,2546,56.0
201701,전라북도,2,남자,2997,56.0
201701,전라북도,2,여자,2653,56.0
201701,전라북도,3,남자,2133,56.0
201701,전라북도,3,여자,1752,56.0
201701,제주특별자치도,1,남자,3375,35.0
201701,제주특별자치도,1,여자,3319,35.0
201701,제주특별자치도,2,남자,3420,35.0
201701,제주특별자치도,2,여자,3021,35.0
201701,제주특별자치도,3,남자,2351,35.0
201701,제주특별자치도,3,여자,1986,35.0
201701,충청남도,1,남자,3675,50.0
201701,충청남도,1,여자,3543,50.0
201701,충청남도,2,남자,3391,50.0
201701,충청남도,2,여자,2838,50.0
201701,충청남도,3,남자,1988,50.0
201701,충청남도,3,여자,1647,50.0
201701,충청북도,1,남자,2507,56.0
201701,충청북도,1,여자,2450,56.0
201701,충청북도,2,남자,2220,56.0
201701,충청북도,2,여자,1906,56.0
201701,충청북도,3,남자,1461,56.0
201701,충청북도,3,여자,1276,56.0
201702,경기도,1,남자,32737,55.0
201702,경기도,1,여자,30854,55.0
201702,경기도,2,남자,33177,55.0
201702,경기도,2,여자,31041,55.0
201702,경기도,3,남자,16003,55.0
201702,경기도,3,여자,14284,55.0
201702,경상남도,1,남자,7761,42.0
201702,경상남도,1,여자,7432,42.0
201702,경상남도,2,남자,8606,42.0
201702,경상남도,2,여자,7938,42.0
201702,경상남도,3,남자,4486,42.0
201702,경상남도,3,여자,4065,42.0
201702,경상북도,1,남자,5819,41.0
201702,경상북도,1,여자,5413,41.0
201702,경상북도,2,남자,5026,41.0
201702,경상북도,2,여자,4411,41.0
201702,경상북도,3,남자,2578,41.0
201702,경상북도,3,여자,2146,41.0
201702,광주광역시,1,남자,3236,35.0
201702,광주광역시,1,여자,3124,35.0
201702,광주광역시,2,남자,3545,35.0
201702,광주광역시,2,여자,3139,35.0
201702,광주광역시,3,남자,1887,35.0
201702,광주광역시,3,여자,1625,35.0
201702,대구광역시,1,남자,5546,41.0
201702,대구광역시,1,여자,5386,41.0
201702,대구광역시,2,남자,6410,41.0
201702,대구광역시,2,여자,5864,41.0
201702,대구광역시,3,남자,3361,41.0
201702,대구광역시,3,여자,2849,41.0
201702,대전광역시,1,남자,3875,46.0
201702,대전광역시,1,여자,3469,46.0
201702,대전광역시,2,남자,3911,46.0
201702,대전광역시,2,여자,3581,46.0
201702,대전광역시,3,남자,2146,46.0
201702,대전광역시,3,여자,1877,46.0
201702,부산광역시,1,남자,6815,42.0
201702,부산광역시,1,여자,6342,42.0
201702,부산광역시,2,남자,6808,42.0
201702,부산광역시,2,여자,6402,42.0
201702,부산광역시,3,남자,3940,42.0
201702,부산광역시,3,여자,3527,42.0
201702,서울특별시,1,남자,18073,46.0
201702,서울특별시,1,여자,16808,46.0
201702,서울특별시,2,남자,18521,46.0
201702,서울특별시,2,여자,17354,46.0
201702,서울특별시,3,남자,10195,46.0
201702,서울특별시,3,여자,9128,46.0
201702,세종특별자치시,1,남자,1156,46.0
201702,세종특별자치시,1,여자,1002,46.0
201702,세종특별자치시,2,남자,1206,46.0
201702,세종특별자치시,2,여자,1055,46.0
201702,세종특별자치시,3,남자,444,46.0
201702,세종특별자치시,3,여자,396,46.0
201702,울산광역시,1,남자,2910,39.0
201702,울산광역시,1,여자,2842,39.0
201702,울산광역시,2,남자,2614,39.0
201702,울산광역시,2,여자,2413,39.0
201702,울산광역시,3,남자,1327,39.0
201702,울산광역시,3,여자,1147,39.0
201702,인천광역시,1,남자,7157,47.0
201702,인천광역시,1,여자,6717,47.0
201702,인천광역시,2,남자,7257,47.0
201702,인천광역시,2,여자,6726,47.0
201702,인천광역시,3,남자,3889,47.0
201702,인천광역시,3,여자,3438,47.0
201702,전라남도,1,남자,3899,33.0
201702,전라남도,1,여자,3737,33.0
201702,전라남도,2,남자,3599,33.0
201702,전라남도,2,여자,3413,33.0
201702,전라남도,3,남자,1918,33.0
201702,전라남도,3,여자,1708,33.0
201702,전라북도,1,남자,3551,50.0
201702,전라북도,1,여자,3371,50.0
201702,전라북도,2,남자,4334,50.0
201702,전라북도,2,여자,3948,50.0
201702,전라북도,3,남자,2557,50.0
201702,전라북도,3,여자,2230,50.0
201702,제주특별자치도,1,남자,4546,37.0
201702,제주특별자치도,1,여자,4349,37.0
201702,제주특별자치도,2,남자,4379,37.0
201702,제주특별자치도,2,여자,3975,37.0
201702,제주특별자치도,3,남자,2391,37.0
201702,제주특별자치도,3,여자,1998,37.0
201702,충청남도,1,남자,5575,45.0
201702,충청남도,1,여자,5287,45.0
201702,충청남도,2,남자,5264,45.0
201702,충청남도,2,여자,4880,45.0
201702,충청남도,3,남자,2139,45.0
201702,충청남도,3,여자,1985,45.0
201702,충청북도,1,남자,3644,50.0
201702,충청북도,1,여자,3469,50.0
201702,충청북도,2,남자,3825,50.0
201702,충청북도,2,여자,3505,50.0
201702,충청북도,3,남자,1867,50.0
201702,충청북도,3,여자,1640,50.0
201703,경기도,1,남자,41024,71.0
201703,경기도,1,여자,39580,71.0
201703,경기도,2,남자,48044,71.0
201703,경기도,2,여자,46833,71.0
201703,경기도,3,남자,41265,71.0
201703,경기도,3,여자,40617,71.0
201703,경상남도,1,남자,9850,50.0
201703,경상남도,1,여자,9499,50.0
201703,경상남도,2,남자,10700,50.0
201703,경상남도,2,여자,10312,50.0
201703,경상남도,3,남자,10691,50.0
201703,경상남도,3,여자,8551,50.0
201703,경상북도,1,남자,7165,47.0
201703,경상북도,1,여자,6882,47.0
201703,경상북도,2,남자,8035,47.0
201703,경상북도,2,여자,7641,47.0
201703,경상북도,3,남자,6898,47.0
201703,경상북도,3,여자,6084,47.0
201703,광주광역시,1,남자,4278,49.0
201703,광주광역시,1,여자,4024,49.0
201703,광주광역시,2,남자,5650,49.0
201703,광주광역시,2,여자,5367,49.0
201703,광주광역시,3,남자,5828,49.0
201703,광주광역시,3,여자,4904,49.0
201703,대구광역시,1,남자,6909,48.0
201703,대구광역시,1,여자,6607,48.0
201703,대구광역시,2,남자,7513,48.0
201703,대구광역시,2,여자,7283,48.0
201703,대구광역시,3,남자,7432,48.0
201703,대구광역시,3,여자,6193,48.0
201703,대전광역시,1,남자,4437,54.0
201703,대전광역시,1,여자,4202,54.0
201703,대전광역시,2,남자,5072,54.0
201703,대전광역시,2,여자,5041,54.0
201703,대전광역시,3,남자,5464,54.0
201703,대전광역시,3,여자,4895,54.0
201703,부산광역시,1,남자,8948,52.0
201703,부산광역시,1,여자,8542,52.0
201703,부산광역시,2,남자,8912,52.0
201703,부산광역시,2,여자,8326,52.0
201703,부산광역시,3,남자,9047,52.0
201703,부산광역시,3,여자,7511,52.0
201703,서울특별시,1,남자,23341,60.0
201703,서울특별시,1,여자,22154,60.0
201703,서울특별시,2,남자,23032,60.0
201703,서울특별시,2,여자,22203,60.0
201703,서울특별시,3,남자,22954,60.0
201703,서울특별시,3,여자,20704,60.0
201703,세종특별자치시,1,남자,1414,57.0
201703,세종특별자치시,1,여자,1447,57.0
201703,세종특별자치시,2,남자,1638,57.0
201703,세종특별자치시,2,여자,1822,57.0
201703,세종특별자치시,3,남자,1071,57.0
201703,세종특별자치시,3,여자,1118,57.0
201703,울산광역시,1,남자,3758,51.0
201703,울산광역시,1,여자,3570,51.0
201703,울산광역시,2,남자,3635,51.0
201703,울산광역시,2,여자,3275,51.0
201703,울산광역시,3,남자,3472,51.0
201703,울산광역시,3,여자,2799,51.0
201703,인천광역시,1,남자,9146,62.0
201703,인천광역시,1,여자,8823,62.0
201703,인천광역시,2,남자,10320,62.0
201703,인천광역시,2,여자,10148,62.0
201703,인천광역시,3,남자,9430,62.0
201703,인천광역시,3,여자,8958,62.0
201703,전라남도,1,남자,5134,42.0
201703,전라남도,1,여자,4944,42.0
201703,전라남도,2,남자,5839,42.0
201703,전라남도,2,여자,5878,42.0
201703,전라남도,3,남자,5707,42.0
201703,전라남도,3,여자,5151,42.0
201703,전라북도,1,남자,4822,66.0
201703,전라북도,1,여자,4468,66.0
201703,전라북도,2,남자,6696,66.0
201703,전라북도,2,여자,6454,66.0
201703,전라북도,3,남자,6444,66.0
201703,전라북도,3,여자,5740,66.0
201703,제주특별자치도,1,남자,6108,44.0
201703,제주특별자치도,1,여자,5830,44.0
201703,제주특별자치도,2,남자,7168,44.0
201703,제주특별자치도,2,여자,6787,44.0
201703,제주특별자치도,3,남자,6166,44.0
201703,제주특별자치도,3,여자,5331,44.0
201703,충청남도,1,남자,6479,54.4375
201703,충청남도,1,여자,6248,54.4375
201703,충청남도,2,남자,7452,54.4375
201703,충청남도,2,여자,7439,54.4375
201703,충청남도,3,남자,5889,54.4375
201703,충청남도,3,여자,5252,54.4375
201703,충청북도,1,남자,4555,58.0
201703,충청북도,1,여자,4336,58.0
201703,충청북도,2,남자,4704,58.0
201703,충청북도,2,여자,4632,58.0
201703,충청북도,3,남자,4254,58.0
201703,충청북도,3,여자,3896,58.0
201704,경기도,1,남자,30847,64.0
201704,경기도,1,여자,29822,64.0
201704,경기도,2,남자,36152,64.0
201704,경기도,2,여자,32429,64.0
201704,경기도,3,남자,32496,64.0
201704,경기도,3,여자,30075,64.0
201704,경상남도,1,남자,7628,52.0
201704,경상남도,1,여자,7208,52.0
201704,경상남도,2,남자,9219,52.0
201704,경상남도,2,여자,8401,52.0
201704,경상남도,3,남자,9317,52.0
201704,경상남도,3,여자,8556,52.0
201704,경상북도,1,남자,5594,46.0
201704,경상북도,1,여자,5173,46.0
201704,경상북도,2,남자,6539,46.0
201704,경상북도,2,여자,5638,46.0
201704,경상북도,3,남자,6661,46.0
201704,경상북도,3,여자,5661,46.0
201704,광주광역시,1,남자,3323,54.0
201704,광주광역시,1,여자,3175,54.0
201704,광주광역시,2,남자,4487,54.0
201704,광주광역시,2,여자,4169,54.0
201704,광주광역시,3,남자,5170,54.0
201704,광주광역시,3,여자,4482,54.0
201704,대구광역시,1,남자,5353,50.0
201704,대구광역시,1,여자,5086,50.0
201704,대구광역시,2,남자,7314,50.0
201704,대구광역시,2,여자,6598,50.0
201704,대구광역시,3,남자,8024,50.0
201704,대구광역시,3,여자,6647,50.0
201704,대전광역시,1,남자,3503,58.0
201704,대전광역시,1,여자,3412,58.0
201704,대전광역시,2,남자,4410,58.0
201704,대전광역시,2,여자,3750,58.0
201704,대전광역시,3,남자,4761,58.0
201704,대전광역시,3,여자,4261,58.0
201704,부산광역시,1,남자,6673,54.0
201704,부산광역시,1,여자,6522,54.0
201704,부산광역시,2,남자,7342,54.0
201704,부산광역시,2,여자,6684,54.0
201704,부산광역시,3,남자,7538,54.0
201704,부산광역시,3,여자,7125,54.0
201704,서울특별시,1,남자,17798,56.0
201704,서울특별시,1,여자,16851,56.0
201704,서울특별시,2,남자,20162,56.0
201704,서울특별시,2,여자,17847,56.0
201704,서울특별시,3,남자,20311,56.0
201704,서울특별시,3,여자,18480,56.0
201704,세종특별자치시,1,남자,1085,58.0
201704,세종특별자치시,1,여자,1052,58.0
201704,세종특별자치시,2,남자,1330,58.0
201704,세종특별자치시,2,여자,1234,58.0
201704,세종특별자치시,3,남자,829,58.0
201704,세종특별자치시,3,여자,802,58.0
201704,울산광역시,1,남자,2836,55.0
201704,울산광역시,1,여자,2700,55.0
201704,울산광역시,2,남자,2966,55.0
201704,울산광역시,2,여자,2595,55.0
201704,울산광역시,3,남자,3048,55.0
201704,울산광역시,3,여자,2816,55.0
201704,인천광역시,1,남자,6320,58.0
201704,인천광역시,1,여자,6197,58.0
201704,인천광역시,2,남자,7187,58.0
201704,인천광역시,2,여자,6838,58.0
201704,인천광역시,3,남자,7407,58.0
201704,인천광역시,3,여자,7040,58.0
201704,전라남도,1,남자,3711,45.0
201704,전라남도,1,여자,3648,45.0
201704,전라남도,2,남자,4606,45.0
201704,전라남도,2,여자,4363,45.0
201704,전라남도,3,남자,4673,45.0
201704,전라남도,3,여자,4160,45.0
201704,전라북도,1,남자,3453,64.0
201704,전라북도,1,여자,3145,64.0
201704,전라북도,2,남자,4559,64.0
201704,전라북도,2,여자,4198,64.0
201704,전라북도,3,남자,4999,64.0
201704,전라북도,3,여자,4462,64.0
201704,제주특별자치도,1,남자,4552,54.0
201704,제주특별자치도,1,여자,4336,54.0
201704,제주특별자치도,2,남자,5278,54.0
201704,제주특별자치도,2,여자,4859,54.0
201704,제주특별자치도,3,남자,4968,54.0
201704,제주특별자치도,3,여자,4582,54.0
201704,충청남도,1,남자,4849,61.0
201704,충청남도,1,여자,4739,61.0
201704,충청남도,2,남자,5738,61.0
201704,충청남도,2,여자,5285,61.0
201704,충청남도,3,남자,4829,61.0
201704,충청남도,3,여자,4516,61.0
201704,충청북도,1,남자,3420,54.0
201704,충청북도,1,여자,3191,54.0
201704,충청북도,2,남자,4141,54.0
201704,충청북도,2,여자,3618,54.0
201704,충청북도,3,남자,4178,54.0
201704,충청북도,3,여자,3802,54.0
201705,경기도,1,남자,27296,70.0
201705,경기도,1,여자,25726,70.0
201705,경기도,2,남자,27076,70.0
201705,경기도,2,여자,23780,70.0
201705,경기도,3,남자,19500,70.0
201705,경기도,3,여자,17331,70.0
201705,경상남도,1,남자,6676,55.0
201705,경상남도,1,여자,6266,55.0
201705,경상남도,2,남자,6134,55.0
201705,경상남도,2,여자,5588,55.0
201705,경상남도,3,남자,4898,55.0
201705,경상남도,3,여자,4286,55.0
201705,경상북도,1,남자,4743,51.0
201705,경상북도,1,여자,4436,51.0
201705,경상북도,2,남자,4112,51.0
201705,경상북도,2,여자,3629,51.0
201705,경상북도,3,남자,3213,51.0
201705,경상북도,3,여자,2726,51.0
201705,광주광역시,1,남자,2946,56.0
201705,광주광역시,1,여자,2673,56.0
201705,광주광역시,2,남자,2907,56.0
201705,광주광역시,2,여자,2525,56.0
201705,광주광역시,3,남자,2219,56.0
201705,광주광역시,3,여자,1907,56.0
201705,대구광역시,1,남자,4276,53.0
201705,대구광역시,1,여자,4069,53.0
201705,대구광역시,2,남자,4419,53.0
201705,대구광역시,2,여자,4104,53.0
201705,대구광역시,3,남자,3537,53.0
201705,대구광역시,3,여자,3219,53.0
201705,대전광역시,1,남자,3138,63.0
201705,대전광역시,1,여자,2964,63.0
201705,대전광역시,2,남자,2923,63.0
201705,대전광역시,2,여자,2575,63.0
201705,대전광역시,3,남자,2445,63.0
201705,대전광역시,3,여자,2097,63.0
201705,부산광역시,1,남자,5699,58.0
201705,부산광역시,1,여자,5373,58.0
201705,부산광역시,2,남자,4938,58.0
201705,부산광역시,2,여자,4439,58.0
201705,부산광역시,3,남자,4145,58.0
201705,부산광역시,3,여자,3712,58.0
201705,서울특별시,1,남자,15726,63.0
201705,서울특별시,1,여자,14584,63.0
201705,서울특별시,2,남자,13875,63.0
201705,서울특별시,2,여자,12129,63.0
201705,서울특별시,3,남자,11556,63.0
201705,서울특별시,3,여자,9582,63.0
201705,세종특별자치시,1,남자,1051,64.0
201705,세종특별자치시,1,여자,894,64.0
201705,세종특별자치시,2,남자,948,64.0
201705,세종특별자치시,2,여자,902,64.0
201705,세종특별자치시,3,남자,509,64.0
201705,세종특별자치시,3,여자,453,64.0
201705,울산광역시,1,남자,2519,64.0
201705,울산광역시,1,여자,2306,64.0
201705,울산광역시,2,남자,2056,64.0
201705,울산광역시,2,여자,1874,64.0
201705,울산광역시,3,남자,1716,64.0
201705,울산광역시,3,여자,1367,64.0
201705,인천광역시,1,남자,5727,63.0
201705,인천광역시,1,여자,5426,63.0
201705,인천광역시,2,남자,6004,63.0
201705,인천광역시,2,여자,5102,63.0
201705,인천광역시,3,남자,4609,63.0
201705,인천광역시,3,여자,4056,63.0
201705,전라남도,1,남자,3233,51.0
201705,전라남도,1,여자,3148,51.0
201705,전라남도,2,남자,3216,51.0
201705,전라남도,2,여자,2820,51.0
201705,전라남도,3,남자,2686,51.0
201705,전라남도,3,여자,2385,51.0
201705,전라북도,1,남자,3263,67.0
201705,전라북도,1,여자,2967,67.0
201705,전라북도,2,남자,3265,67.0
201705,전라북도,2,여자,3016,67.0
201705,전라북도,3,남자,2927,67.0
201705,전라북도,3,여자,2410,67.0
201705,제주특별자치도,1,남자,4189,47.0
201705,제주특별자치도,1,여자,3892,47.0
201705,제주특별자치도,2,남자,4147,47.0
201705,제주특별자치도,2,여자,3633,47.0
201705,제주특별자치도,3,남자,3398,47.0
201705,제주특별자치도,3,여자,2780,47.0
201705,충청남도,1,남자,4507,68.0
201705,충청남도,1,여자,4279,68.0
201705,충청남도,2,남자,4211,68.0
201705,충청남도,2,여자,3930,68.0
201705,충청남도,3,남자,2866,68.0
201705,충청남도,3,여자,2484,68.0
201705,충청북도,1,남자,3021,57.0
201705,충청북도,1,여자,2911,57.0
201705,충청북도,2,남자,2967,57.0
201705,충청북도,2,여자,2587,57.0
201705,충청북도,3,남자,2447,57.0
201705,충청북도,3,여자,1982,57.0
201706,경기도,1,남자,27881,45.0
201706,경기도,1,여자,26370,45.0
201706,경기도,2,남자,27054,45.0
201706,경기도,2,여자,25770,45.0
201706,경기도,3,남자,16948,45.0
201706,경기도,3,여자,16316,45.0
201706,경상남도,1,남자,6947,42.0
201706,경상남도,1,여자,6640,42.0
201706,경상남도,2,남자,6431,42.0
201706,경상남도,2,여자,6128,42.0
201706,경상남도,3,남자,4486,42.0
201706,경상남도,3,여자,4222,42.0
201706,경상북도,1,남자,4986,35.0
201706,경상북도,1,여자,4554,35.0
201706,경상북도,2,남자,4232,35.0
201706,경상북도,2,여자,3991,35.0
201706,경상북도,3,남자,2833,35.0
201706,경상북도,3,여자,2626,35.0
201706,광주광역시,1,남자,2739,35.0
201706,광주광역시,1,여자,2532,35.0
201706,광주광역시,2,남자,2816,35.0
201706,광주광역시,2,여자,2590,35.0
201706,광주광역시,3,남자,1854,35.0
201706,광주광역시,3,여자,1626,35.0
201706,대구광역시,1,남자,4495,38.0
201706,대구광역시,1,여자,4250,38.0
201706,대구광역시,2,남자,4545,38.0
201706,대구광역시,2,여자,4351,38.0
201706,대구광역시,3,남자,3092,38.0
201706,대구광역시,3,여자,2771,38.0
201706,대전광역시,1,남자,2911,43.0
201706,대전광역시,1,여자,2708,43.0
201706,대전광역시,2,남자,3013,43.0
201706,대전광역시,2,여자,2725,43.0
201706,대전광역시,3,남자,2091,43.0
201706,대전광역시,3,여자,1931,43.0
201706,부산광역시,1,남자,5923,42.0
201706,부산광역시,1,여자,5548,42.0
201706,부산광역시,2,남자,5423,42.0
201706,부산광역시,2,여자,5052,42.0
201706,부산광역시,3,남자,3384,42.0
201706,부산광역시,3,여자,3592,42.0
201706,서울특별시,1,남자,15484,41.0
201706,서울특별시,1,여자,14489,41.0
201706,서울특별시,2,남자,14026,41.0
201706,서울특별시,2,여자,13479,41.0
201706,서울특별시,3,남자,9972,41.0
201706,서울특별시,3,여자,9666,41.0
201706,세종특별자치시,1,남자,1083,44.0
201706,세종특별자치시,1,여자,997,44.0
201706,세종특별자치시,2,남자,1035,44.0
201706,세종특별자치시,2,여자,1018,44.0
201706,세종특별자치시,3,남자,489,44.0
201706,세종특별자치시,3,여자,434,44.0
201706,울산광역시,1,남자,2484,44.0
201706,울산광역시,1,여자,2398,44.0
201706,울산광역시,2,남자,2034,44.0
201706,울산광역시,2,여자,1930,44.0
201706,울산광역시,3,남자,1611,44.0
201706,울산광역시,3,여자,1421,44.0
201706,인천광역시,1,남자,5722,42.0
201706,인천광역시,1,여자,5322,42.0
201706,인천광역시,2,남자,6091,42.0
201706,인천광역시,2,여자,5687,42.0
201706,인천광역시,3,남자,4024,42.0
201706,인천광역시,3,여자,3720,42.0
201706,전라남도,1,남자,3489,34.0
201706,전라남도,1,여자,3251,34.0
201706,전라남도,2,남자,2961,34.0
201706,전라남도,2,여자,2985,34.0
201706,전라남도,3,남자,2247,34.0
201706,전라남도,3,여자,2191,34.0
201706,전라북도,1,남자,3136,44.0
201706,전라북도,1,여자,2954,44.0
201706,전라북도,2,남자,3621,44.0
201706,전라북도,2,여자,3413,44.0
201706,전라북도,3,남자,2754,44.0
201706,전라북도,3,여자,2535,44.0
201706,제주특별자치도,1,남자,4079,37.0
201706,제주특별자치도,1,여자,3886,37.0
201706,제주특별자치도,2,남자,4031,37.0
201706,제주특별자치도,2,여자,3770,37.0
201706,제주특별자치도,3,남자,2797,37.0
201706,제주특별자치도,3,여자,2604,37.0
201706,충청남도,1,남자,4630,43.0
201706,충청남도,1,여자,4467,43.0
201706,충청남도,2,남자,4651,43.0
201706,충청남도,2,여자,4309,43.0
201706,충청남도,3,남자,2804,43.0
201706,충청남도,3,여자,2564,43.0
201706,충청북도,1,남자,2922,40.0
201706,충청북도,1,여자,2823,40.0
201706,충청북도,2,남자,3041,40.0
201706,충청북도,2,여자,2850,40.0
201706,충청북도,3,남자,1978,40.0
201706,충청북도,3,여자,1893,40.0
201707,경기도,1,남자,23495,37.0
201707,경기도,1,여자,22651,37.0
201707,경기도,2,남자,35602,37.0
201707,경기도,2,여자,33017,37.0
201707,경기도,3,남자,17677,37.0
201707,경기도,3,여자,17447,37.0
201707,경상남도,1,남자,6272,39.0
201707,경상남도,1,여자,5917,39.0
201707,경상남도,2,남자,8520,39.0
201707,경상남도,2,여자,7980,39.0
201707,경상남도,3,남자,4289,39.0
201707,경상남도,3,여자,3990,39.0
201707,경상북도,1,남자,4184,30.0
201707,경상북도,1,여자,3742,30.0
201707,경상북도,2,남자,5564,30.0
201707,경상북도,2,여자,5004,30.0
201707,경상북도,3,남자,2649,30.0
201707,경상북도,3,여자,2334,30.0
201707,광주광역시,1,남자,2407,24.0
201707,광주광역시,1,여자,2177,24.0
201707,광주광역시,2,남자,3582,24.0
201707,광주광역시,2,여자,3221,24.0
201707,광주광역시,3,남자,1732,24.0
201707,광주광역시,3,여자,1619,24.0
201707,대구광역시,1,남자,4270,34.0
201707,대구광역시,1,여자,4061,34.0
201707,대구광역시,2,남자,6086,34.0
201707,대구광역시,2,여자,5517,34.0
201707,대구광역시,3,남자,3080,34.0
201707,대구광역시,3,여자,2698,34.0
201707,대전광역시,1,남자,2468,32.0
201707,대전광역시,1,여자,2413,32.0
201707,대전광역시,2,남자,3722,32.0
201707,대전광역시,2,여자,3371,32.0
201707,대전광역시,3,남자,1940,32.0
201707,대전광역시,3,여자,1693,32.0
201707,부산광역시,1,남자,4964,37.0
201707,부산광역시,1,여자,4627,37.0
201707,부산광역시,2,남자,7094,37.0
201707,부산광역시,2,여자,6310,37.0
201707,부산광역시,3,남자,3671,37.0
201707,부산광역시,3,여자,3222,37.0
201707,서울특별시,1,남자,12969,33.0
201707,서울특별시,1,여자,12007,33.0
201707,서울특별시,2,남자,18852,33.0
201707,서울특별시,2,여자,17346,33.0
201707,서울특별시,3,남자,9753,33.0
201707,서울특별시,3,여자,9286,33.0
201707,세종특별자치시,1,남자,902,36.0
201707,세종특별자치시,1,여자,822,36.0
201707,세종특별자치시,2,남자,1348,36.0
201707,세종특별자치시,2,여자,1353,36.0
201707,세종특별자치시,3,남자,505,36.0
201707,세종특별자치시,3,여자,491,36.0
201707,울산광역시,1,남자,2206,41.0
201707,울산광역시,1,여자,2117,41.0
201707,울산광역시,2,남자,2941,41.0
201707,울산광역시,2,여자,2584,41.0
201707,울산광역시,3,남자,1381,41.0
201707,울산광역시,3,여자,1281,41.0
201707,인천광역시,1,남자,5047,37.0
201707,인천광역시,1,여자,4644,37.0
201707,인천광역시,2,남자,7904,37.0
201707,인천광역시,2,여자,7277,37.0
201707,인천광역시,3,남자,4127,37.0
201707,인천광역시,3,여자,3814,37.0
201707,전라남도,1,남자,2909,30.0
201707,전라남도,1,여자,2758,30.0
201707,전라남도,2,남자,3766,30.0
201707,전라남도,2,여자,3562,30.0
201707,전라남도,3,남자,2052,30.0
201707,전라남도,3,여자,1881,30.0
201707,전라북도,1,남자,2496,31.0
201707,전라북도,1,여자,2321,31.0
201707,전라북도,2,남자,3809,31.0
201707,전라북도,2,여자,3687,31.0
201707,전라북도,3,남자,2098,31.0
201707,전라북도,3,여자,1958,31.0
201707,제주특별자치도,1,남자,3388,26.0
201707,제주특별자치도,1,여자,3126,26.0
201707,제주특별자치도,2,남자,5076,26.0
201707,제주특별자치도,2,여자,4539,26.0
201707,제주특별자치도,3,남자,2579,26.0
201707,제주특별자치도,3,여자,2279,26.0
201707,충청남도,1,남자,3737,33.0
201707,충청남도,1,여자,3647,33.0
201707,충청남도,2,남자,5533,33.0
201707,충청남도,2,여자,5230,33.0
201707,충청남도,3,남자,2498,33.0
201707,충청남도,3,여자,2302,33.0
201707,충청북도,1,남자,2482,28.0
201707,충청북도,1,여자,2369,28.0
201707,충청북도,2,남자,3722,28.0
201707,충청북도,2,여자,3384,28.0
201707,충청북도,3,남자,1869,28.0
201707,충청북도,3,여자,1834,28.0
201708,경기도,1,남자,27962,26.0
201708,경기도,1,여자,25904,26.0
201708,경기도,2,남자,42208,26.0
201708,경기도,2,여자,35118,26.0
201708,경기도,3,남자,28487,26.0
201708,경기도,3,여자,23789,26.0
201708,경상남도,1,남자,6340,29.0
201708,경상남도,1,여자,5984,29.0
201708,경상남도,2,남자,8671,29.0
201708,경상남도,2,여자,7186,29.0
201708,경상남도,3,남자,5139,29.0
201708,경상남도,3,여자,4017,29.0
201708,경상북도,1,남자,4700,22.0
201708,경상북도,1,여자,4411,22.0
201708,경상북도,2,남자,6721,22.0
201708,경상북도,2,여자,5391,22.0
201708,경상북도,3,남자,4134,22.0
201708,경상북도,3,여자,3304,22.0
201708,광주광역시,1,남자,3282,24.0
201708,광주광역시,1,여자,2964,24.0
201708,광주광역시,2,남자,4632,24.0
201708,광주광역시,2,여자,3868,24.0
201708,광주광역시,3,남자,2723,24.0
201708,광주광역시,3,여자,2193,24.0
201708,대구광역시,1,남자,4988,24.0
201708,대구광역시,1,여자,4661,24.0
201708,대구광역시,2,남자,7181,24.0
201708,대구광역시,2,여자,6018,24.0
201708,대구광역시,3,남자,4581,24.0
201708,대구광역시,3,여자,3540,24.0
201708,대전광역시,1,남자,3235,24.0
201708,대전광역시,1,여자,2928,24.0
201708,대전광역시,2,남자,4759,24.0
201708,대전광역시,2,여자,4110,24.0
201708,대전광역시,3,남자,3340,24.0
201708,대전광역시,3,여자,2785,24.0
201708,부산광역시,1,남자,5516,28.0
201708,부산광역시,1,여자,5183,28.0
201708,부산광역시,2,남자,7081,28.0
201708,부산광역시,2,여자,6105,28.0
201708,부산광역시,3,남자,3706,28.0
201708,부산광역시,3,여자,3074,28.0
201708,서울특별시,1,남자,14732,21.0
201708,서울특별시,1,여자,13671,21.0
201708,서울특별시,2,남자,20978,21.0
201708,서울특별시,2,여자,17674,21.0
201708,서울특별시,3,남자,15362,21.0
201708,서울특별시,3,여자,12753,21.0
201708,세종특별자치시,1,남자,1040,28.0
201708,세종특별자치시,1,여자,1008,28.0
201708,세종특별자치시,2,남자,1672,28.0
201708,세종특별자치시,2,여자,1403,28.0
201708,세종특별자치시,3,남자,842,28.0
201708,세종특별자치시,3,여자,712,28.0
201708,울산광역시,1,남자,2498,27.0
201708,울산광역시,1,여자,2193,27.0
201708,울산광역시,2,남자,2953,27.0
201708,울산광역시,2,여자,2432,27.0
201708,울산광역시,3,남자,1633,27.0
201708,울산광역시,3,여자,1334,27.0
201708,인천광역시,1,남자,6094,27.0
201708,인천광역시,1,여자,5899,27.0
201708,인천광역시,2,남자,8899,27.0
201708,인천광역시,2,여자,7692,27.0
201708,인천광역시,3,남자,5838,27.0
201708,인천광역시,3,여자,4988,27.0
201708,전라남도,1,남자,3625,25.0
201708,전라남도,1,여자,3318,25.0
201708,전라남도,2,남자,4808,25.0
201708,전라남도,2,여자,4094,25.0
201708,전라남도,3,남자,2833,25.0
201708,전라남도,3,여자,2446,25.0
201708,전라북도,1,남자,3474,27.0
201708,전라북도,1,여자,3132,27.0
201708,전라북도,2,남자,5651,27.0
201708,전라북도,2,여자,4741,27.0
201708,전라북도,3,남자,3394,27.0
201708,전라북도,3,여자,2876,27.0
201708,제주특별자치도,1,남자,4446,28.0
201708,제주특별자치도,1,여자,4109,28.0
201708,제주특별자치도,2,남자,6372,28.0
201708,제주특별자치도,2,여자,5441,28.0
201708,제주특별자치도,3,남자,3697,28.0
201708,제주특별자치도,3,여자,3170,28.0
201708,충청남도,1,남자,4705,28.0
201708,충청남도,1,여자,4543,28.0
201708,충청남도,2,남자,6748,28.0
201708,충청남도,2,여자,5831,28.0
201708,충청남도,3,남자,3839,28.0
201708,충청남도,3,여자,3357,28.0
201708,충청북도,1,남자,3231,20.0
201708,충청북도,1,여자,2827,20.0
201708,충청북도,2,남자,4760,20.0
201708,충청북도,2,여자,3981,20.0
201708,충청북도,3,남자,2924,20.0
201708,충청북도,3,여자,2178,20.0
201709,경기도,1,남자,38375,41.0
201709,경기도,1,여자,36255,41.0
201709,경기도,2,남자,56358,41.0
201709,경기도,2,여자,51820,41.0
201709,경기도,3,남자,45916,41.0
201709,경기도,3,여자,42932,41.0
201709,경상남도,1,남자,9463,35.0
201709,경상남도,1,여자,8974,35.0
201709,경상남도,2,남자,13908,35.0
201709,경상남도,2,여자,12459,35.0
201709,경상남도,3,남자,10981,35.0
201709,경상남도,3,여자,9440,35.0
201709,경상북도,1,남자,6642,32.0
201709,경상북도,1,여자,6132,32.0
201709,경상북도,2,남자,9408,32.0
201709,경상북도,2,여자,8513,32.0
201709,경상북도,3,남자,7241,32.0
201709,경상북도,3,여자,6467,32.0
201709,광주광역시,1,남자,4151,34.0
201709,광주광역시,1,여자,3973,34.0
201709,광주광역시,2,남자,6538,34.0
201709,광주광역시,2,여자,5915,34.0
201709,광주광역시,3,남자,5483,34.0
201709,광주광역시,3,여자,4914,34.0
201709,대구광역시,1,남자,6745,36.0
201709,대구광역시,1,여자,6695,36.0
201709,대구광역시,2,남자,10770,36.0
201709,대구광역시,2,여자,9974,36.0
201709,대구광역시,3,남자,8528,36.0
201709,대구광역시,3,여자,7388,36.0
201709,대전광역시,1,남자,4004,37.0
201709,대전광역시,1,여자,3877,37.0
201709,대전광역시,2,남자,6134,37.0
201709,대전광역시,2,여자,5600,37.0
201709,대전광역시,3,남자,6184,37.0
201709,대전광역시,3,여자,5337,37.0
201709,부산광역시,1,남자,8178,39.0
201709,부산광역시,1,여자,7849,39.0
201709,부산광역시,2,남자,10574,39.0
201709,부산광역시,2,여자,9720,39.0
201709,부산광역시,3,남자,7770,39.0
201709,부산광역시,3,여자,6850,39.0
201709,서울특별시,1,남자,19746,32.0
201709,서울특별시,1,여자,18537,32.0
201709,서울특별시,2,남자,28300,32.0
201709,서울특별시,2,여자,25828,32.0
201709,서울특별시,3,남자,24693,32.0
201709,서울특별시,3,여자,23034,32.0
201709,세종특별자치시,1,남자,1356,40.0
201709,세종특별자치시,1,여자,1230,40.0
201709,세종특별자치시,2,남자,2063,40.0
201709,세종특별자치시,2,여자,1858,40.0
201709,세종특별자치시,3,남자,1335,40.0
201709,세종특별자치시,3,여자,1329,40.0
201709,울산광역시,1,남자,3394,36.0
201709,울산광역시,1,여자,3378,36.0
201709,울산광역시,2,남자,4351,36.0
201709,울산광역시,2,여자,3944,36.0
201709,울산광역시,3,남자,3351,36.0
201709,울산광역시,3,여자,2766,36.0
201709,인천광역시,1,남자,7697,38.0
201709,인천광역시,1,여자,7346,38.0
201709,인천광역시,2,남자,11096,38.0
201709,인천광역시,2,여자,10334,38.0
201709,인천광역시,3,남자,9128,38.0
201709,인천광역시,3,여자,8643,38.0
201709,전라남도,1,남자,4685,30.0
201709,전라남도,1,여자,4319,30.0
201709,전라남도,2,남자,6420,30.0
201709,전라남도,2,여자,5931,30.0
201709,전라남도,3,남자,4924,30.0
201709,전라남도,3,여자,4522,30.0
201709,전라북도,1,남자,4268,38.0
201709,전라북도,1,여자,3885,38.0
201709,전라북도,2,남자,6827,38.0
201709,전라북도,2,여자,6358,38.0
201709,전라북도,3,남자,5981,38.0
201709,전라북도,3,여자,5491,38.0
201709,제주특별자치도,1,남자,5271,32.0
201709,제주특별자치도,1,여자,4962,32.0
201709,제주특별자치도,2,남자,7567,32.0
201709,제주특별자치도,2,여자,7028,32.0
201709,제주특별자치도,3,남자,5514,32.0
201709,제주특별자치도,3,여자,5385,32.0
201709,충청남도,1,남자,6238,40.0
201709,충청남도,1,여자,6118,40.0
201709,충청남도,2,남자,9414,40.0
201709,충청남도,2,여자,8647,40.0
201709,충청남도,3,남자,7062,40.0
201709,충청남도,3,여자,6340,40.0
201709,충청북도,1,남자,4120,35.0
201709,충청북도,1,여자,3960,35.0
201709,충청북도,2,남자,6665,35.0
201709,충청북도,2,여자,5905,35.0
201709,충청북도,3,남자,5610,35.0
201709,충청북도,3,여자,5114,35.0
201710,경기도,1,남자,33233,37.0
201710,경기도,1,여자,32145,37.0
201710,경기도,2,남자,37169,37.0
201710,경기도,2,여자,34873,37.0
201710,경기도,3,남자,19606,37.0
201710,경기도,3,여자,18498,37.0
201710,경상남도,1,남자,8306,30.0
201710,경상남도,1,여자,7979,30.0
201710,경상남도,2,남자,9312,30.0
201710,경상남도,2,여자,8781,30.0
201710,경상남도,3,남자,4991,30.0
201710,경상남도,3,여자,4648,30.0
201710,경상북도,1,남자,5752,31.0
201710,경상북도,1,여자,5438,31.0
201710,경상북도,2,남자,6429,31.0
201710,경상북도,2,여자,5787,31.0
201710,경상북도,3,남자,3196,31.0
201710,경상북도,3,여자,2867,31.0
201710,광주광역시,1,남자,3849,33.0
201710,광주광역시,1,여자,3812,33.0
201710,광주광역시,2,남자,4625,33.0
201710,광주광역시,2,여자,4278,33.0
201710,광주광역시,3,남자,2504,33.0
201710,광주광역시,3,여자,2174,33.0
201710,대구광역시,1,남자,5812,32.0
201710,대구광역시,1,여자,5618,32.0
201710,대구광역시,2,남자,6861,32.0
201710,대구광역시,2,여자,6468,32.0
201710,대구광역시,3,남자,3795,32.0
201710,대구광역시,3,여자,3508,32.0
201710,대전광역시,1,남자,3806,36.0
201710,대전광역시,1,여자,3466,36.0
201710,대전광역시,2,남자,4156,36.0
201710,대전광역시,2,여자,3903,36.0
201710,대전광역시,3,남자,2381,36.0
201710,대전광역시,3,여자,2229,36.0
201710,부산광역시,1,남자,7433,32.0
201710,부산광역시,1,여자,7155,32.0
201710,부산광역시,2,남자,7994,32.0
201710,부산광역시,2,여자,7357,32.0
201710,부산광역시,3,남자,4597,32.0
201710,부산광역시,3,여자,4306,32.0
201710,서울특별시,1,남자,17790,29.0
201710,서울특별시,1,여자,16606,29.0
201710,서울특별시,2,남자,19628,29.0
201710,서울특별시,2,여자,17571,29.0
201710,서울특별시,3,남자,11117,29.0
201710,서울특별시,3,여자,9835,29.0
201710,세종특별자치시,1,남자,1241,39.0
201710,세종특별자치시,1,여자,1173,39.0
201710,세종특별자치시,2,남자,1418,39.0
201710,세종특별자치시,2,여자,1345,39.0
201710,세종특별자치시,3,남자,664,39.0
201710,세종특별자치시,3,여자,563,39.0
201710,울산광역시,1,남자,2972,29.0
201710,울산광역시,1,여자,2835,29.0
201710,울산광역시,2,남자,3244,29.0
201710,울산광역시,2,여자,2847,29.0
201710,울산광역시,3,남자,1847,29.0
201710,울산광역시,3,여자,1598,29.0
201710,인천광역시,1,남자,6798,33.0
201710,인천광역시,1,여자,6580,33.0
201710,인천광역시,2,남자,7904,33.0
201710,인천광역시,2,여자,7651,33.0
201710,인천광역시,3,남자,4773,33.0
201710,인천광역시,3,여자,4489,33.0
201710,전라남도,1,남자,4501,25.0
201710,전라남도,1,여자,4267,25.0
201710,전라남도,2,남자,4882,25.0
201710,전라남도,2,여자,4585,25.0
201710,전라남도,3,남자,2717,25.0
201710,전라남도,3,여자,2554,25.0
201710,전라북도,1,남자,3880,39.0
201710,전라북도,1,여자,3731,39.0
201710,전라북도,2,남자,5037,39.0
201710,전라북도,2,여자,4588,39.0
201710,전라북도,3,남자,3043,39.0
201710,전라북도,3,여자,2835,39.0
201710,제주특별자치도,1,남자,4968,27.0
201710,제주특별자치도,1,여자,4792,27.0
201710,제주특별자치도,2,남자,5817,27.0
201710,제주특별자치도,2,여자,5193,27.0
201710,제주특별자치도,3,남자,3225,27.0
201710,제주특별자치도,3,여자,2879,27.0
201710,충청남도,1,남자,5271,38.0
201710,충청남도,1,여자,5138,38.0
201710,충청남도,2,남자,6221,38.0
201710,충청남도,2,여자,5692,38.0
201710,충청남도,3,남자,2932,38.0
201710,충청남도,3,여자,2628,38.0
201710,충청북도,1,남자,3656,32.0
201710,충청북도,1,여자,3599,32.0
201710,충청북도,2,남자,4131,32.0
201710,충청북도,2,여자,3874,32.0
201710,충청북도,3,남자,2185,32.0
201710,충청북도,3,여자,1919,32.0
201711,경기도,1,남자,35271,51.0
201711,경기도,1,여자,33908,51.0
201711,경기도,2,남자,47079,51.0
201711,경기도,2,여자,47904,51.0
201711,경기도,3,남자,33465,51.0
201711,경기도,3,여자,34257,51.0
201711,경상남도,1,남자,8405,48.0
201711,경상남도,1,여자,8346,48.0
201711,경상남도,2,남자,12110,48.0
201711,경상남도,2,여자,11790,48.0
201711,경상남도,3,남자,8283,48.0
201711,경상남도,3,여자,7852,48.0
201711,경상북도,1,남자,6195,49.0
201711,경상북도,1,여자,6044,49.0
201711,경상북도,2,남자,7844,49.0
201711,경상북도,2,여자,7700,49.0
201711,경상북도,3,남자,5201,49.0
201711,경상북도,3,여자,4860,49.0
201711,광주광역시,1,남자,3676,50.0
201711,광주광역시,1,여자,3411,50.0
201711,광주광역시,2,남자,4992,50.0
201711,광주광역시,2,여자,5013,50.0
201711,광주광역시,3,남자,3746,50.0
201711,광주광역시,3,여자,3608,50.0
201711,대구광역시,1,남자,5841,52.0
201711,대구광역시,1,여자,5848,52.0
201711,대구광역시,2,남자,8199,52.0
201711,대구광역시,2,여자,7960,52.0
201711,대구광역시,3,남자,5986,52.0
201711,대구광역시,3,여자,5615,52.0
201711,대전광역시,1,남자,3830,51.0
201711,대전광역시,1,여자,3635,51.0
201711,대전광역시,2,남자,5364,51.0
201711,대전광역시,2,여자,5304,51.0
201711,대전광역시,3,남자,4059,51.0
201711,대전광역시,3,여자,4048,51.0
201711,부산광역시,1,남자,7547,50.0
201711,부산광역시,1,여자,7535,50.0
201711,부산광역시,2,남자,9892,50.0
201711,부산광역시,2,여자,9785,50.0
201711,부산광역시,3,남자,6539,50.0
201711,부산광역시,3,여자,6317,50.0
201711,서울특별시,1,남자,18745,42.0
201711,서울특별시,1,여자,18088,42.0
201711,서울특별시,2,남자,24585,42.0
201711,서울특별시,2,여자,24350,42.0
201711,서울특별시,3,남자,18512,42.0
201711,서울특별시,3,여자,17843,42.0
201711,세종특별자치시,1,남자,1267,50.0
201711,세종특별자치시,1,여자,1231,50.0
201711,세종특별자치시,2,남자,1693,50.0
201711,세종특별자치시,2,여자,1835,50.0
201711,세종특별자치시,3,남자,1024,50.0
201711,세종특별자치시,3,여자,1102,50.0
201711,울산광역시,1,남자,3131,46.0
201711,울산광역시,1,여자,3045,46.0
201711,울산광역시,2,남자,4022,46.0
201711,울산광역시,2,여자,3972,46.0
201711,울산광역시,3,남자,2745,46.0
201711,울산광역시,3,여자,2586,46.0
201711,인천광역시,1,남자,7501,41.0
201711,인천광역시,1,여자,7260,41.0
201711,인천광역시,2,남자,10545,41.0
201711,인천광역시,2,여자,10400,41.0
201711,인천광역시,3,남자,7869,41.0
201711,인천광역시,3,여자,7649,41.0
201711,전라남도,1,남자,4327,39.0
201711,전라남도,1,여자,4197,39.0
201711,전라남도,2,남자,5506,39.0
201711,전라남도,2,여자,5794,39.0
201711,전라남도,3,남자,3834,39.0
201711,전라남도,3,여자,3866,39.0
201711,전라북도,1,남자,3576,52.0
201711,전라북도,1,여자,3428,52.0
201711,전라북도,2,남자,5696,52.0
201711,전라북도,2,여자,5677,52.0
201711,전라북도,3,남자,4473,52.0
201711,전라북도,3,여자,4208,52.0
201711,제주특별자치도,1,남자,5305,40.0
201711,제주특별자치도,1,여자,5009,40.0
201711,제주특별자치도,2,남자,7060,40.0
201711,제주특별자치도,2,여자,6968,40.0
201711,제주특별자치도,3,남자,5055,40.0
201711,제주특별자치도,3,여자,4774,40.0
201711,충청남도,1,남자,5180,46.0
201711,충청남도,1,여자,5255,46.0
201711,충청남도,2,남자,7236,46.0
201711,충청남도,2,여자,7138,46.0
201711,충청남도,3,남자,4664,46.0
201711,충청남도,3,여자,4644,46.0
201711,충청북도,1,남자,3638,50.0
201711,충청북도,1,여자,3588,50.0
201711,충청북도,2,남자,5202,50.0
201711,충청북도,2,여자,5170,50.0
201711,충청북도,3,남자,3913,50.0
201711,충청북도,3,여자,3758,50.0
201712,경기도,1,남자,26675,54.0
201712,경기도,1,여자,25717,54.0
201712,경기도,2,남자,46186,54.0
201712,경기도,2,여자,45243,54.0
201712,경기도,3,남자,39849,54.0
201712,경기도,3,여자,37479,54.0
201712,경상남도,1,남자,6485,43.0
201712,경상남도,1,여자,6394,43.0
201712,경상남도,2,남자,12130,43.0
201712,경상남도,2,여자,11690,43.0
201712,경상남도,3,남자,10599,43.0
201712,경상남도,3,여자,9678,43.0
201712,경상북도,1,남자,4589,47.0
201712,경상북도,1,여자,4360,47.0
201712,경상북도,2,남자,8067,47.0
201712,경상북도,2,여자,7425,47.0
201712,경상북도,3,남자,7127,47.0
201712,경상북도,3,여자,5733,47.0
201712,광주광역시,1,남자,2583,44.0
201712,광주광역시,1,여자,2484,44.0
201712,광주광역시,2,남자,4815,44.0
201712,광주광역시,2,여자,4571,44.0
201712,광주광역시,3,남자,3565,44.0
201712,광주광역시,3,여자,3529,44.0
201712,대구광역시,1,남자,4073,46.0
201712,대구광역시,1,여자,3911,46.0
201712,대구광역시,2,남자,8177,46.0
201712,대구광역시,2,여자,7739,46.0
201712,대구광역시,3,남자,7674,46.0
201712,대구광역시,3,여자,6760,46.0
201712,대전광역시,1,남자,2799,49.0
201712,대전광역시,1,여자,2831,49.0
201712,대전광역시,2,남자,4980,49.0
201712,대전광역시,2,여자,4888,49.0
201712,대전광역시,3,남자,4744,49.0
201712,대전광역시,3,여자,4114,49.0
201712,부산광역시,1,남자,5980,46.0
201712,부산광역시,1,여자,5594,46.0
201712,부산광역시,2,남자,9879,46.0
201712,부산광역시,2,여자,9413,46.0
201712,부산광역시,3,남자,8534,46.0
201712,부산광역시,3,여자,7773,46.0
201712,서울특별시,1,남자,14505,50.0
201712,서울특별시,1,여자,14021,50.0
201712,서울특별시,2,남자,23981,50.0
201712,서울특별시,2,여자,23197,50.0
201712,서울특별시,3,남자,22692,50.0
201712,서울특별시,3,여자,20500,50.0
201712,세종특별자치시,1,남자,916,47.0
201712,세종특별자치시,1,여자,933,47.0
201712,세종특별자치시,2,남자,1744,47.0
201712,세종특별자치시,2,여자,1706,47.0
201712,세종특별자치시,3,남자,1135,47.0
201712,세종특별자치시,3,여자,1126,47.0
201712,울산광역시,1,남자,2499,38.0
201712,울산광역시,1,여자,2427,38.0
201712,울산광역시,2,남자,4031,38.0
201712,울산광역시,2,여자,3771,38.0
201712,울산광역시,3,남자,3262,38.0
201712,울산광역시,3,여자,2874,38.0
201712,인천광역시,1,남자,5480,45.0
201712,인천광역시,1,여자,5323,45.0
201712,인천광역시,2,남자,10046,45.0
201712,인천광역시,2,여자,9699,45.0
201712,인천광역시,3,남자,9675,45.0
201712,인천광역시,3,여자,8987,45.0
201712,전라남도,1,남자,3277,34.0
201712,전라남도,1,여자,3266,34.0
201712,전라남도,2,남자,5679,34.0
201712,전라남도,2,여자,5556,34.0
201712,전라남도,3,남자,4447,34.0
201712,전라남도,3,여자,4014,34.0
201712,전라북도,1,남자,2855,44.0
201712,전라북도,1,여자,2784,44.0
201712,전라북도,2,남자,5393,44.0
201712,전라북도,2,여자,5234,44.0
201712,전라북도,3,남자,4268,44.0
201712,전라북도,3,여자,4097,44.0
201712,제주특별자치도,1,남자,3915,34.0
201712,제주특별자치도,1,여자,3981,34.0
201712,제주특별자치도,2,남자,6675,34.0
201712,제주특별자치도,2,여자,6486,34.0
201712,제주특별자치도,3,남자,6247,34.0
201712,제주특별자치도,3,여자,5350,34.0
201712,충청남도,1,남자,3825,44.0
201712,충청남도,1,여자,3882,44.0
201712,충청남도,2,남자,7535,44.0
201712,충청남도,2,여자,7319,44.0
201712,충청남도,3,남자,5846,44.0
201712,충청남도,3,여자,5209,44.0
201712,충청북도,1,남자,2695,48.0
201712,충청북도,1,여자,2680,48.0
201712,충청북도,2,남자,5298,48.0
201712,충청북도,2,여자,5202,48.0
201712,충청북도,3,남자,5062,48.0
201712,충청북도,3,여자,4496,48.0
201801,경기도,1,남자,23637,56.0
201801,경기도,1,여자,22122,56.0
201801,경기도,2,남자,28406,56.0
201801,경기도,2,여자,25535,56.0
201801,경기도,3,남자,18686,56.0
201801,경기도,3,여자,16681,56.0
201801,경상남도,1,남자,5686,43.0
201801,경상남도,1,여자,5399,43.0
201801,경상남도,2,남자,6955,43.0
201801,경상남도,2,여자,6175,43.0
201801,경상남도,3,남자,4767,43.0
201801,경상남도,3,여자,4324,43.0
201801,경상북도,1,남자,3962,48.0
201801,경상북도,1,여자,3729,48.0
201801,경상북도,2,남자,4827,48.0
201801,경상북도,2,여자,4214,48.0
201801,경상북도,3,남자,3231,48.0
201801,경상북도,3,여자,2937,48.0
201801,광주광역시,1,남자,2506,45.0
201801,광주광역시,1,여자,2414,45.0
201801,광주광역시,2,남자,3360,45.0
201801,광주광역시,2,여자,3010,45.0
201801,광주광역시,3,남자,2508,45.0
201801,광주광역시,3,여자,2158,45.0
201801,대구광역시,1,남자,3961,47.0
201801,대구광역시,1,여자,3688,47.0
201801,대구광역시,2,남자,5265,47.0
201801,대구광역시,2,여자,4611,47.0
201801,대구광역시,3,남자,3738,47.0
201801,대구광역시,3,여자,3107,47.0
201801,대전광역시,1,남자,2620,56.0
201801,대전광역시,1,여자,2525,56.0
201801,대전광역시,2,남자,3179,56.0
201801,대전광역시,2,여자,2881,56.0
201801,대전광역시,3,남자,2529,56.0
201801,대전광역시,3,여자,2225,56.0
201801,부산광역시,1,남자,4666,45.0
201801,부산광역시,1,여자,4378,45.0
201801,부산광역시,2,남자,5672,45.0
201801,부산광역시,2,여자,5122,45.0
201801,부산광역시,3,남자,4204,45.0
201801,부산광역시,3,여자,3659,45.0
201801,서울특별시,1,남자,12486,52.0
201801,서울특별시,1,여자,11708,52.0
201801,서울특별시,2,남자,14528,52.0
201801,서울특별시,2,여자,12863,52.0
201801,서울특별시,3,남자,10809,52.0
201801,서울특별시,3,여자,9703,52.0
201801,세종특별자치시,1,남자,855,53.0
201801,세종특별자치시,1,여자,776,53.0
201801,세종특별자치시,2,남자,1141,53.0
201801,세종특별자치시,2,여자,1024,53.0
201801,세종특별자치시,3,남자,699,53.0
201801,세종특별자치시,3,여자,700,53.0
201801,울산광역시,1,남자,2178,40.0
201801,울산광역시,1,여자,2011,40.0
201801,울산광역시,2,남자,2485,40.0
201801,울산광역시,2,여자,2191,40.0
201801,울산광역시,3,남자,1778,40.0
201801,울산광역시,3,여자,1482,40.0
201801,인천광역시,1,남자,4842,48.0
201801,인천광역시,1,여자,4582,48.0
201801,인천광역시,2,남자,5981,48.0
201801,인천광역시,2,여자,5465,48.0
201801,인천광역시,3,남자,3947,48.0
201801,인천광역시,3,여자,3816,48.0
201801,전라남도,1,남자,2919,37.0
201801,전라남도,1,여자,2734,37.0
201801,전라남도,2,남자,3644,37.0
201801,전라남도,2,여자,3294,37.0
201801,전라남도,3,남자,2817,37.0
201801,전라남도,3,여자,2421,37.0
201801,전라북도,1,남자,2717,54.0
201801,전라북도,1,여자,2506,54.0
201801,전라북도,2,남자,3936,54.0
201801,전라북도,2,여자,3506,54.0
201801,전라북도,3,남자,2963,54.0
201801,전라북도,3,여자,2486,54.0
201801,제주특별자치도,1,남자,3658,33.0
201801,제주특별자치도,1,여자,3502,33.0
201801,제주특별자치도,2,남자,4635,33.0
201801,제주특별자치도,2,여자,4267,33.0
201801,제주특별자치도,3,남자,3373,33.0
201801,제주특별자치도,3,여자,2950,33.0
201801,충청남도,1,남자,3682,51.0
201801,충청남도,1,여자,3491,51.0
201801,충청남도,2,남자,4406,51.0
201801,충청남도,2,여자,3963,51.0
201801,충청남도,3,남자,2923,51.0
201801,충청남도,3,여자,2470,51.0
201801,충청북도,1,남자,2552,54.0
201801,충청북도,1,여자,2453,54.0
201801,충청북도,2,남자,2826,54.0
201801,충청북도,2,여자,2622,54.0
201801,충청북도,3,남자,1913,54.0
201801,충청북도,3,여자,1737,54.0
201802,경기도,1,남자,30223,56.0
201802,경기도,1,여자,28361,56.0
201802,경기도,2,남자,28612,56.0
201802,경기도,2,여자,25914,56.0
201802,경기도,3,남자,12290,56.0
201802,경기도,3,여자,11064,56.0
201802,경상남도,1,남자,7564,49.0
201802,경상남도,1,여자,7116,49.0
201802,경상남도,2,남자,8205,49.0
201802,경상남도,2,여자,7648,49.0
201802,경상남도,3,남자,4040,49.0
201802,경상남도,3,여자,3552,49.0
201802,경상북도,1,남자,5551,52.0
201802,경상북도,1,여자,5205,52.0
201802,경상북도,2,남자,5146,52.0
201802,경상북도,2,여자,4730,52.0
201802,경상북도,3,남자,2212,52.0
201802,경상북도,3,여자,2093,52.0
201802,광주광역시,1,남자,3358,50.0
201802,광주광역시,1,여자,3115,50.0
201802,광주광역시,2,남자,3674,50.0
201802,광주광역시,2,여자,3416,50.0
201802,광주광역시,3,남자,1656,50.0
201802,광주광역시,3,여자,1451,50.0
201802,대구광역시,1,남자,5190,48.0
201802,대구광역시,1,여자,5087,48.0
201802,대구광역시,2,남자,5854,48.0
201802,대구광역시,2,여자,5551,48.0
201802,대구광역시,3,남자,2763,48.0
201802,대구광역시,3,여자,2451,48.0
201802,대전광역시,1,남자,3316,56.0
201802,대전광역시,1,여자,3127,56.0
201802,대전광역시,2,남자,3710,56.0
201802,대전광역시,2,여자,3291,56.0
201802,대전광역시,3,남자,1815,56.0
201802,대전광역시,3,여자,1590,56.0
201802,부산광역시,1,남자,6533,52.0
201802,부산광역시,1,여자,6346,52.0
201802,부산광역시,2,남자,7043,52.0
201802,부산광역시,2,여자,6608,52.0
201802,부산광역시,3,남자,3592,52.0
201802,부산광역시,3,여자,3354,52.0
201802,서울특별시,1,남자,15561,53.0
201802,서울특별시,1,여자,14565,53.0
201802,서울특별시,2,남자,16239,53.0
201802,서울특별시,2,여자,14829,53.0
201802,서울특별시,3,남자,8148,53.0
201802,서울특별시,3,여자,7411,53.0
201802,세종특별자치시,1,남자,1077,51.0
201802,세종특별자치시,1,여자,1066,51.0
201802,세종특별자치시,2,남자,1044,51.0
201802,세종특별자치시,2,여자,869,51.0
201802,세종특별자치시,3,남자,354,51.0
201802,세종특별자치시,3,여자,358,51.0
201802,울산광역시,1,남자,2971,47.0
201802,울산광역시,1,여자,2819,47.0
201802,울산광역시,2,남자,2766,47.0
201802,울산광역시,2,여자,2571,47.0
201802,울산광역시,3,남자,1307,47.0
201802,울산광역시,3,여자,1158,47.0
201802,인천광역시,1,남자,6232,49.0
201802,인천광역시,1,여자,6032,49.0
201802,인천광역시,2,남자,6245,49.0
201802,인천광역시,2,여자,5978,49.0
201802,인천광역시,3,남자,2950,49.0
201802,인천광역시,3,여자,2731,49.0
201802,전라남도,1,남자,3741,42.0
201802,전라남도,1,여자,3539,42.0
201802,전라남도,2,남자,3853,42.0
201802,전라남도,2,여자,3530,42.0
201802,전라남도,3,남자,1767,42.0
201802,전라남도,3,여자,1670,42.0
201802,전라북도,1,남자,3423,58.0
201802,전라북도,1,여자,3070,58.0
201802,전라북도,2,남자,4031,58.0
201802,전라북도,2,여자,3801,58.0
201802,전라북도,3,남자,2129,58.0
201802,전라북도,3,여자,1937,58.0
201802,제주특별자치도,1,남자,4164,42.0
201802,제주특별자치도,1,여자,3940,42.0
201802,제주특별자치도,2,남자,4005,42.0
201802,제주특별자치도,2,여자,3595,42.0
201802,제주특별자치도,3,남자,1903,42.0
201802,제주특별자치도,3,여자,1854,42.0
201802,충청남도,1,남자,5004,49.0
201802,충청남도,1,여자,4830,49.0
201802,충청남도,2,남자,4993,49.0
201802,충청남도,2,여자,4648,49.0
201802,충청남도,3,남자,1966,49.0
201802,충청남도,3,여자,1818,49.0
201802,충청북도,1,남자,3468,51.0
201802,충청북도,1,여자,3317,51.0
201802,충청북도,2,남자,3560,51.0
201802,충청북도,2,여자,3513,51.0
201802,충청북도,3,남자,1528,51.0
201802,충청북도,3,여자,1533,51.0
201803,경기도,1,남자,44182,56.0
201803,경기도,1,여자,42277,56.0
201803,경기도,2,남자,53784,56.0
201803,경기도,2,여자,52666,56.0
201803,경기도,3,남자,36854,56.0
201803,경기도,3,여자,35797,56.0
201803,경상남도,1,남자,10109,42.0
201803,경상남도,1,여자,9687,42.0
201803,경상남도,2,남자,11244,42.0
201803,경상남도,2,여자,10704,42.0
201803,경상남도,3,남자,9437,42.0
201803,경상남도,3,여자,7735,42.0
201803,경상북도,1,남자,7661,48.0
201803,경상북도,1,여자,7193,48.0
201803,경상북도,2,남자,8651,48.0
201803,경상북도,2,여자,8237,48.0
201803,경상북도,3,남자,6289,48.0
201803,경상북도,3,여자,5326,48.0
201803,광주광역시,1,남자,4307,48.0
201803,광주광역시,1,여자,3987,48.0
201803,광주광역시,2,남자,5833,48.0
201803,광주광역시,2,여자,5381,48.0
201803,광주광역시,3,남자,4730,48.0
201803,광주광역시,3,여자,3798,48.0
201803,대구광역시,1,남자,7395,43.0
201803,대구광역시,1,여자,7225,43.0
201803,대구광역시,2,남자,8825,43.0
201803,대구광역시,2,여자,8442,43.0
201803,대구광역시,3,남자,7146,43.0
201803,대구광역시,3,여자,5866,43.0
201803,대전광역시,1,남자,4686,52.0
201803,대전광역시,1,여자,4373,52.0
201803,대전광역시,2,남자,5491,52.0
201803,대전광역시,2,여자,5416,52.0
201803,대전광역시,3,남자,4908,52.0
201803,대전광역시,3,여자,4283,52.0
201803,부산광역시,1,남자,9486,44.0
201803,부산광역시,1,여자,9116,44.0
201803,부산광역시,2,남자,9592,44.0
201803,부산광역시,2,여자,8859,44.0
201803,부산광역시,3,남자,7962,44.0
201803,부산광역시,3,여자,6835,44.0
201803,서울특별시,1,남자,24527,52.0
201803,서울특별시,1,여자,22878,52.0
201803,서울특별시,2,남자,25278,52.0
201803,서울특별시,2,여자,24203,52.0
201803,서울특별시,3,남자,19845,52.0
201803,서울특별시,3,여자,17590,52.0
201803,세종특별자치시,1,남자,1731,46.0
201803,세종특별자치시,1,여자,1586,46.0
201803,세종특별자치시,2,남자,2080,46.0
201803,세종특별자치시,2,여자,2195,46.0
201803,세종특별자치시,3,남자,1174,46.0
201803,세종특별자치시,3,여자,1222,46.0
201803,울산광역시,1,남자,4254,40.0
201803,울산광역시,1,여자,4016,40.0
201803,울산광역시,2,남자,4112,40.0
201803,울산광역시,2,여자,3795,40.0
201803,울산광역시,3,남자,3229,40.0
201803,울산광역시,3,여자,2655,40.0
201803,인천광역시,1,남자,9089,49.0
201803,인천광역시,1,여자,8787,49.0
201803,인천광역시,2,남자,10944,49.0
201803,인천광역시,2,여자,10754,49.0
201803,인천광역시,3,남자,8365,49.0
201803,인천광역시,3,여자,7655,49.0
201803,전라남도,1,남자,5130,39.0
201803,전라남도,1,여자,4935,39.0
201803,전라남도,2,남자,5705,39.0
201803,전라남도,2,여자,5495,39.0
201803,전라남도,3,남자,4370,39.0
201803,전라남도,3,여자,3797,39.0
201803,전라북도,1,남자,4496,55.0
201803,전라북도,1,여자,4367,55.0
201803,전라북도,2,남자,6418,55.0
201803,전라북도,2,여자,6270,55.0
201803,전라북도,3,남자,5055,55.0
201803,전라북도,3,여자,4330,55.0
201803,제주특별자치도,1,남자,6522,42.0
201803,제주특별자치도,1,여자,6077,42.0
201803,제주특별자치도,2,남자,7758,42.0
201803,제주특별자치도,2,여자,7399,42.0
201803,제주특별자치도,3,남자,5611,42.0
201803,제주특별자치도,3,여자,4713,42.0
201803,충청남도,1,남자,6839,48.0
201803,충청남도,1,여자,6735,48.0
201803,충청남도,2,남자,8374,48.0
201803,충청남도,2,여자,8237,48.0
201803,충청남도,3,남자,5365,48.0
201803,충청남도,3,여자,4916,48.0
201803,충청북도,1,남자,4726,50.0
201803,충청북도,1,여자,4677,50.0
201803,충청북도,2,남자,5692,50.0
201803,충청북도,2,여자,5397,50.0
201803,충청북도,3,남자,4157,50.0
201803,충청북도,3,여자,3696,50.0
201804,경기도,1,남자,31717,56.0
201804,경기도,1,여자,30209,56.0
201804,경기도,2,남자,39708,56.0
201804,경기도,2,여자,36165,56.0
201804,경기도,3,남자,33725,56.0
201804,경기도,3,여자,32493,56.0
201804,경상남도,1,남자,7616,60.0
201804,경상남도,1,여자,7347,60.0
201804,경상남도,2,남자,9604,60.0
201804,경상남도,2,여자,8721,60.0
201804,경상남도,3,남자,8337,60.0
201804,경상남도,3,여자,8072,60.0
201804,경상북도,1,남자,5624,63.0
201804,경상북도,1,여자,5230,63.0
201804,경상북도,2,남자,7578,63.0
201804,경상북도,2,여자,6639,63.0
201804,경상북도,3,남자,6895,63.0
201804,경상북도,3,여자,5643,63.0
201804,광주광역시,1,남자,2954,56.0
201804,광주광역시,1,여자,2884,56.0
201804,광주광역시,2,남자,4087,56.0
201804,광주광역시,2,여자,3690,56.0
201804,광주광역시,3,남자,3883,56.0
201804,광주광역시,3,여자,3409,56.0
201804,대구광역시,1,남자,5464,56.0
201804,대구광역시,1,여자,5284,56.0
201804,대구광역시,2,남자,8177,56.0
201804,대구광역시,2,여자,7205,56.0
201804,대구광역시,3,남자,7957,56.0
201804,대구광역시,3,여자,6702,56.0
201804,대전광역시,1,남자,3378,60.0
201804,대전광역시,1,여자,3188,60.0
201804,대전광역시,2,남자,4746,60.0
201804,대전광역시,2,여자,4441,60.0
201804,대전광역시,3,남자,4812,60.0
201804,대전광역시,3,여자,4510,60.0
201804,부산광역시,1,남자,6509,63.0
201804,부산광역시,1,여자,6359,63.0
201804,부산광역시,2,남자,7528,63.0
201804,부산광역시,2,여자,6941,63.0
201804,부산광역시,3,남자,6841,63.0
201804,부산광역시,3,여자,6597,63.0
201804,서울특별시,1,남자,17519,52.0
201804,서울특별시,1,여자,16372,52.0
201804,서울특별시,2,남자,21302,52.0
201804,서울특별시,2,여자,18766,52.0
201804,서울특별시,3,남자,20429,52.0
201804,서울특별시,3,여자,19380,52.0
201804,세종특별자치시,1,남자,1183,55.0
201804,세종특별자치시,1,여자,1126,55.0
201804,세종특별자치시,2,남자,1352,55.0
201804,세종특별자치시,2,여자,1262,55.0
201804,세종특별자치시,3,남자,1002,55.0
201804,세종특별자치시,3,여자,940,55.0
201804,울산광역시,1,남자,2941,64.0
201804,울산광역시,1,여자,2805,64.0
201804,울산광역시,2,남자,3460,64.0
201804,울산광역시,2,여자,3114,64.0
201804,울산광역시,3,남자,3317,64.0
201804,울산광역시,3,여자,2905,64.0
201804,인천광역시,1,남자,6588,46.0
201804,인천광역시,1,여자,6269,46.0
201804,인천광역시,2,남자,8129,46.0
201804,인천광역시,2,여자,7734,46.0
201804,인천광역시,3,남자,7041,46.0
201804,인천광역시,3,여자,7210,46.0
201804,전라남도,1,남자,3580,51.0
201804,전라남도,1,여자,3503,51.0
201804,전라남도,2,남자,4409,51.0
201804,전라남도,2,여자,4242,51.0
201804,전라남도,3,남자,3852,51.0
201804,전라남도,3,여자,3785,51.0
201804,전라북도,1,남자,3199,58.0
201804,전라북도,1,여자,2984,58.0
201804,전라북도,2,남자,4772,58.0
201804,전라북도,2,여자,4350,58.0
201804,전라북도,3,남자,4310,58.0
201804,전라북도,3,여자,4246,58.0
201804,제주특별자치도,1,남자,4543,55.0
201804,제주특별자치도,1,여자,4306,55.0
201804,제주특별자치도,2,남자,5878,55.0
201804,제주특별자치도,2,여자,5472,55.0
201804,제주특별자치도,3,남자,5303,55.0
201804,제주특별자치도,3,여자,4469,55.0
201804,충청남도,1,남자,4754,51.0
201804,충청남도,1,여자,4631,51.0
201804,충청남도,2,남자,5947,51.0
201804,충청남도,2,여자,5431,51.0
201804,충청남도,3,남자,4550,51.0
201804,충청남도,3,여자,4505,51.0
201804,충청북도,1,남자,3468,55.0
201804,충청북도,1,여자,3274,55.0
201804,충청북도,2,남자,4638,55.0
201804,충청북도,2,여자,4195,55.0
201804,충청북도,3,남자,4011,55.0
201804,충청북도,3,여자,3858,55.0
201805,경기도,1,남자,25712,45.0
201805,경기도,1,여자,24272,45.0
201805,경기도,2,남자,26966,45.0
201805,경기도,2,여자,25057,45.0
201805,경기도,3,남자,20449,45.0
201805,경기도,3,여자,19148,45.0
201805,경상남도,1,남자,6094,42.0
201805,경상남도,1,여자,5912,42.0
201805,경상남도,2,남자,6596,42.0
201805,경상남도,2,여자,6283,42.0
201805,경상남도,3,남자,4693,42.0
201805,경상남도,3,여자,4349,42.0
201805,경상북도,1,남자,4152,48.0
201805,경상북도,1,여자,3822,48.0
201805,경상북도,2,남자,4290,48.0
201805,경상북도,2,여자,4119,48.0
201805,경상북도,3,남자,3361,48.0
201805,경상북도,3,여자,3049,48.0
201805,광주광역시,1,남자,2385,40.0
201805,광주광역시,1,여자,2415,40.0
201805,광주광역시,2,남자,2856,40.0
201805,광주광역시,2,여자,2480,40.0
201805,광주광역시,3,남자,2263,40.0
201805,광주광역시,3,여자,2037,40.0
201805,대구광역시,1,남자,3788,40.0
201805,대구광역시,1,여자,3793,40.0
201805,대구광역시,2,남자,4397,40.0
201805,대구광역시,2,여자,4402,40.0
201805,대구광역시,3,남자,3360,40.0
201805,대구광역시,3,여자,3255,40.0
201805,대전광역시,1,남자,2453,47.0
201805,대전광역시,1,여자,2339,47.0
201805,대전광역시,2,남자,2826,47.0
201805,대전광역시,2,여자,2608,47.0
201805,대전광역시,3,남자,2299,47.0
201805,대전광역시,3,여자,2124,47.0
201805,부산광역시,1,남자,5319,44.0
201805,부산광역시,1,여자,5083,44.0
201805,부산광역시,2,남자,5161,44.0
201805,부산광역시,2,여자,5009,44.0
201805,부산광역시,3,남자,3916,44.0
201805,부산광역시,3,여자,3803,44.0
201805,서울특별시,1,남자,13825,42.0
201805,서울특별시,1,여자,13255,42.0
201805,서울특별시,2,남자,13925,42.0
201805,서울특별시,2,여자,12376,42.0
201805,서울특별시,3,남자,11678,42.0
201805,서울특별시,3,여자,10136,42.0
201805,세종특별자치시,1,남자,886,45.0
201805,세종특별자치시,1,여자,953,45.0
201805,세종특별자치시,2,남자,986,45.0
201805,세종특별자치시,2,여자,984,45.0
201805,세종특별자치시,3,남자,584,45.0
201805,세종특별자치시,3,여자,592,45.0
201805,울산광역시,1,남자,2206,45.0
201805,울산광역시,1,여자,2046,45.0
201805,울산광역시,2,남자,2031,45.0
201805,울산광역시,2,여자,1923,45.0
201805,울산광역시,3,남자,1567,45.0
201805,울산광역시,3,여자,1388,45.0
201805,인천광역시,1,남자,5316,40.0
201805,인천광역시,1,여자,4942,40.0
201805,인천광역시,2,남자,6096,40.0
201805,인천광역시,2,여자,5591,40.0
201805,인천광역시,3,남자,4750,40.0
201805,인천광역시,3,여자,4207,40.0
201805,전라남도,1,남자,2922,35.0
201805,전라남도,1,여자,2714,35.0
201805,전라남도,2,남자,3245,35.0
201805,전라남도,2,여자,2933,35.0
201805,전라남도,3,남자,2637,35.0
201805,전라남도,3,여자,2464,35.0
201805,전라북도,1,남자,2698,42.0
201805,전라북도,1,여자,2561,42.0
201805,전라북도,2,남자,3520,42.0
201805,전라북도,2,여자,3186,42.0
201805,전라북도,3,남자,2902,42.0
201805,전라북도,3,여자,2547,42.0
201805,제주특별자치도,1,남자,3650,37.0
201805,제주특별자치도,1,여자,3551,37.0
201805,제주특별자치도,2,남자,4199,37.0
201805,제주특별자치도,2,여자,3836,37.0
201805,제주특별자치도,3,남자,3228,37.0
201805,제주특별자치도,3,여자,2925,37.0
201805,충청남도,1,남자,3692,42.0
201805,충청남도,1,여자,3530,42.0
201805,충청남도,2,남자,4392,42.0
201805,충청남도,2,여자,4099,42.0
201805,충청남도,3,남자,2849,42.0
201805,충청남도,3,여자,2737,42.0
201805,충청북도,1,남자,2684,44.0
201805,충청북도,1,여자,2686,44.0
201805,충청북도,2,남자,3177,44.0
201805,충청북도,2,여자,2962,44.0
201805,충청북도,3,남자,2352,44.0
201805,충청북도,3,여자,2273,44.0
201806,경기도,1,남자,24858,39.0
201806,경기도,1,여자,23870,39.0
201806,경기도,2,남자,24748,39.0
201806,경기도,2,여자,23636,39.0
201806,경기도,3,남자,16387,39.0
201806,경기도,3,여자,15921,39.0
201806,경상남도,1,남자,5999,41.0
201806,경상남도,1,여자,5769,41.0
201806,경상남도,2,남자,6907,41.0
201806,경상남도,2,여자,6450,41.0
201806,경상남도,3,남자,4371,41.0
201806,경상남도,3,여자,4024,41.0
201806,경상북도,1,남자,4131,39.0
201806,경상북도,1,여자,3881,39.0
201806,경상북도,2,남자,4208,39.0
201806,경상북도,2,여자,3955,39.0
201806,경상북도,3,남자,2733,39.0
201806,경상북도,3,여자,2502,39.0
201806,광주광역시,1,남자,2422,41.0
201806,광주광역시,1,여자,2329,41.0
201806,광주광역시,2,남자,2620,41.0
201806,광주광역시,2,여자,2481,41.0
201806,광주광역시,3,남자,1939,41.0
201806,광주광역시,3,여자,1761,41.0
201806,대구광역시,1,남자,3982,36.0
201806,대구광역시,1,여자,3781,36.0
201806,대구광역시,2,남자,4631,36.0
201806,대구광역시,2,여자,4308,36.0
201806,대구광역시,3,남자,2985,36.0
201806,대구광역시,3,여자,2684,36.0
201806,대전광역시,1,남자,2635,38.0
201806,대전광역시,1,여자,2490,38.0
201806,대전광역시,2,남자,2661,38.0
201806,대전광역시,2,여자,2560,38.0
201806,대전광역시,3,남자,1874,38.0
201806,대전광역시,3,여자,1688,38.0
201806,부산광역시,1,남자,5433,41.0
201806,부산광역시,1,여자,5074,41.0
201806,부산광역시,2,남자,5740,41.0
201806,부산광역시,2,여자,5208,41.0
201806,부산광역시,3,남자,3459,41.0
201806,부산광역시,3,여자,3315,41.0
201806,서울특별시,1,남자,13252,37.0
201806,서울특별시,1,여자,12675,37.0
201806,서울특별시,2,남자,12608,37.0
201806,서울특별시,2,여자,11897,37.0
201806,서울특별시,3,남자,9206,37.0
201806,서울특별시,3,여자,8597,37.0
201806,세종특별자치시,1,남자,986,36.0
201806,세종특별자치시,1,여자,896,36.0
201806,세종특별자치시,2,남자,1099,36.0
201806,세종특별자치시,2,여자,1038,36.0
201806,세종특별자치시,3,남자,472,36.0
201806,세종특별자치시,3,여자,472,36.0
201806,울산광역시,1,남자,2340,42.0
201806,울산광역시,1,여자,2115,42.0
201806,울산광역시,2,남자,2071,42.0
201806,울산광역시,2,여자,1943,42.0
201806,울산광역시,3,남자,1317,42.0
201806,울산광역시,3,여자,1233,42.0
201806,인천광역시,1,남자,5180,34.0
201806,인천광역시,1,여자,4939,34.0
201806,인천광역시,2,남자,5547,34.0
201806,인천광역시,2,여자,5190,34.0
201806,인천광역시,3,남자,3682,34.0
201806,인천광역시,3,여자,3470,34.0
201806,전라남도,1,남자,2890,35.0
201806,전라남도,1,여자,2631,35.0
201806,전라남도,2,남자,2871,35.0
201806,전라남도,2,여자,2704,35.0
201806,전라남도,3,남자,2132,35.0
201806,전라남도,3,여자,1972,35.0
201806,전라북도,1,남자,2635,43.0
201806,전라북도,1,여자,2365,43.0
201806,전라북도,2,남자,3355,43.0
201806,전라북도,2,여자,3042,43.0
201806,전라북도,3,남자,2299,43.0
201806,전라북도,3,여자,2228,43.0
201806,제주특별자치도,1,남자,3451,33.0
201806,제주특별자치도,1,여자,3293,33.0
201806,제주특별자치도,2,남자,3538,33.0
201806,제주특별자치도,2,여자,3453,33.0
201806,제주특별자치도,3,남자,2378,33.0
201806,제주특별자치도,3,여자,2357,33.0
201806,충청남도,1,남자,4216,36.0
201806,충청남도,1,여자,3961,36.0
201806,충청남도,2,남자,4369,36.0
201806,충청남도,2,여자,4265,36.0
201806,충청남도,3,남자,2643,36.0
201806,충청남도,3,여자,2561,36.0
201806,충청북도,1,남자,2815,38.0
201806,충청북도,1,여자,2746,38.0
201806,충청북도,2,남자,3062,38.0
201806,충청북도,2,여자,2849,38.0
201806,충청북도,3,남자,1861,38.0
201806,충청북도,3,여자,1713,38.0
201807,경기도,1,남자,23794,26.0
201807,경기도,1,여자,22011,26.0
201807,경기도,2,남자,34306,26.0
201807,경기도,2,여자,31533,26.0
201807,경기도,3,남자,16651,26.0
201807,경기도,3,여자,16199,26.0
201807,경상남도,1,남자,5570,35.0
201807,경상남도,1,여자,5171,35.0
201807,경상남도,2,남자,8593,35.0
201807,경상남도,2,여자,7946,35.0
201807,경상남도,3,남자,4304,35.0
201807,경상남도,3,여자,3910,35.0
201807,경상북도,1,남자,3649,32.0
201807,경상북도,1,여자,3513,32.0
201807,경상북도,2,남자,5760,32.0
201807,경상북도,2,여자,5064,32.0
201807,경상북도,3,남자,2599,32.0
201807,경상북도,3,여자,2522,32.0
201807,광주광역시,1,남자,2460,26.0
201807,광주광역시,1,여자,2411,26.0
201807,광주광역시,2,남자,3663,26.0
201807,광주광역시,2,여자,3269,26.0
201807,광주광역시,3,남자,1756,26.0
201807,광주광역시,3,여자,1672,26.0
201807,대구광역시,1,남자,3731,27.0
201807,대구광역시,1,여자,3632,27.0
201807,대구광역시,2,남자,6120,27.0
201807,대구광역시,2,여자,5683,27.0
201807,대구광역시,3,남자,2901,27.0
201807,대구광역시,3,여자,2730,27.0
201807,대전광역시,1,남자,2567,26.0
201807,대전광역시,1,여자,2241,26.0
201807,대전광역시,2,남자,3608,26.0
201807,대전광역시,2,여자,3332,26.0
201807,대전광역시,3,남자,1958,26.0
201807,대전광역시,3,여자,1745,26.0
201807,부산광역시,1,남자,4681,37.0
201807,부산광역시,1,여자,4421,37.0
201807,부산광역시,2,남자,6984,37.0
201807,부산광역시,2,여자,6154,37.0
201807,부산광역시,3,남자,3341,37.0
201807,부산광역시,3,여자,3131,37.0
201807,서울특별시,1,남자,11996,24.0
201807,서울특별시,1,여자,11147,24.0
201807,서울특별시,2,남자,17222,24.0
201807,서울특별시,2,여자,15415,24.0
201807,서울특별시,3,남자,8962,24.0
201807,서울특별시,3,여자,8155,24.0
201807,세종특별자치시,1,남자,1026,27.0
201807,세종특별자치시,1,여자,956,27.0
201807,세종특별자치시,2,남자,1465,27.0
201807,세종특별자치시,2,여자,1395,27.0
201807,세종특별자치시,3,남자,606,27.0
201807,세종특별자치시,3,여자,575,27.0
201807,울산광역시,1,남자,1943,39.0
201807,울산광역시,1,여자,1842,39.0
201807,울산광역시,2,남자,2655,39.0
201807,울산광역시,2,여자,2192,39.0
201807,울산광역시,3,남자,1264,39.0
201807,울산광역시,3,여자,1127,39.0
201807,인천광역시,1,남자,4774,26.0
201807,인천광역시,1,여자,4398,26.0
201807,인천광역시,2,남자,7189,26.0
201807,인천광역시,2,여자,6653,26.0
201807,인천광역시,3,남자,3758,26.0
201807,인천광역시,3,여자,3526,26.0
201807,전라남도,1,남자,2887,26.0
201807,전라남도,1,여자,2611,26.0
201807,전라남도,2,남자,3734,26.0
201807,전라남도,2,여자,3472,26.0
201807,전라남도,3,남자,1879,26.0
201807,전라남도,3,여자,1670,26.0
201807,전라북도,1,남자,2512,25.0
201807,전라북도,1,여자,2354,25.0
201807,전라북도,2,남자,4019,25.0
201807,전라북도,2,여자,3624,25.0
201807,전라북도,3,남자,2048,25.0
201807,전라북도,3,여자,1892,25.0
201807,제주특별자치도,1,남자,3353,28.0
201807,제주특별자치도,1,여자,3169,28.0
201807,제주특별자치도,2,남자,4532,28.0
201807,제주특별자치도,2,여자,4370,28.0
201807,제주특별자치도,3,남자,2314,28.0
201807,제주특별자치도,3,여자,2208,28.0
201807,충청남도,1,남자,3858,23.0
201807,충청남도,1,여자,3662,23.0
201807,충청남도,2,남자,5610,23.0
201807,충청남도,2,여자,5228,23.0
201807,충청남도,3,남자,2461,23.0
201807,충청남도,3,여자,2319,23.0
201807,충청북도,1,남자,2682,30.0
201807,충청북도,1,여자,2558,30.0
201807,충청북도,2,남자,4234,30.0
201807,충청북도,2,여자,3837,30.0
201807,충청북도,3,남자,2008,30.0
201807,충청북도,3,여자,1847,30.0
201808,경기도,1,남자,23446,25.0
201808,경기도,1,여자,22237,25.0
201808,경기도,2,남자,34465,25.0
201808,경기도,2,여자,29336,25.0
201808,경기도,3,남자,18065,25.0
201808,경기도,3,여자,15215,25.0
201808,경상남도,1,남자,6021,28.0
201808,경상남도,1,여자,5555,28.0
201808,경상남도,2,남자,8430,28.0
201808,경상남도,2,여자,7083,28.0
201808,경상남도,3,남자,3765,28.0
201808,경상남도,3,여자,3078,28.0
201808,경상북도,1,남자,4173,24.0
201808,경상북도,1,여자,3889,24.0
201808,경상북도,2,남자,5984,24.0
201808,경상북도,2,여자,5143,24.0
201808,경상북도,3,남자,2874,24.0
201808,경상북도,3,여자,2213,24.0
201808,광주광역시,1,남자,3008,24.0
201808,광주광역시,1,여자,2779,24.0
201808,광주광역시,2,남자,3894,24.0
201808,광주광역시,2,여자,3409,24.0
201808,광주광역시,3,남자,1844,24.0
201808,광주광역시,3,여자,1447,24.0
201808,대구광역시,1,남자,4107,22.0
201808,대구광역시,1,여자,3932,22.0
201808,대구광역시,2,남자,5996,22.0
201808,대구광역시,2,여자,5073,22.0
201808,대구광역시,3,남자,2972,22.0
201808,대구광역시,3,여자,2426,22.0
201808,대전광역시,1,남자,2472,22.0
201808,대전광역시,1,여자,2446,22.0
201808,대전광역시,2,남자,3949,22.0
201808,대전광역시,2,여자,3466,22.0
201808,대전광역시,3,남자,2060,22.0
201808,대전광역시,3,여자,1684,22.0
201808,부산광역시,1,남자,5557,28.0
201808,부산광역시,1,여자,5003,28.0
201808,부산광역시,2,남자,7168,28.0
201808,부산광역시,2,여자,6170,28.0
201808,부산광역시,3,남자,3063,28.0
201808,부산광역시,3,여자,2528,28.0
201808,서울특별시,1,남자,11920,22.0
201808,서울특별시,1,여자,11030,22.0
201808,서울특별시,2,남자,16729,22.0
201808,서울특별시,2,여자,14431,22.0
201808,서울특별시,3,남자,9213,22.0
201808,서울특별시,3,여자,7884,22.0
201808,세종특별자치시,1,남자,933,24.0
201808,세종특별자치시,1,여자,904,24.0
201808,세종특별자치시,2,남자,1419,24.0
201808,세종특별자치시,2,여자,1263,24.0
201808,세종특별자치시,3,남자,679,24.0
201808,세종특별자치시,3,여자,534,24.0
201808,울산광역시,1,남자,2263,25.0
201808,울산광역시,1,여자,2053,25.0
201808,울산광역시,2,남자,2826,25.0
201808,울산광역시,2,여자,2386,25.0
201808,울산광역시,3,남자,1211,25.0
201808,울산광역시,3,여자,937,25.0
201808,인천광역시,1,남자,4952,25.0
201808,인천광역시,1,여자,4788,25.0
201808,인천광역시,2,남자,7243,25.0
201808,인천광역시,2,여자,6227,25.0
201808,인천광역시,3,남자,3774,25.0
201808,인천광역시,3,여자,3261,25.0
201808,전라남도,1,남자,3220,23.0
201808,전라남도,1,여자,3032,23.0
201808,전라남도,2,남자,4420,23.0
201808,전라남도,2,여자,3901,23.0
201808,전라남도,3,남자,2120,23.0
201808,전라남도,3,여자,1741,23.0
201808,전라북도,1,남자,2793,23.0
201808,전라북도,1,여자,2591,23.0
201808,전라북도,2,남자,4549,23.0
201808,전라북도,2,여자,4049,23.0
201808,전라북도,3,남자,2357,23.0
201808,전라북도,3,여자,2008,23.0
201808,제주특별자치도,1,남자,3502,25.0
201808,제주특별자치도,1,여자,3245,25.0
201808,제주특별자치도,2,남자,4867,25.0
201808,제주특별자치도,2,여자,4113,25.0
201808,제주특별자치도,3,남자,2487,25.0
201808,제주특별자치도,3,여자,2113,25.0
201808,충청남도,1,남자,3953,24.0
201808,충청남도,1,여자,3908,24.0
201808,충청남도,2,남자,6007,24.0
201808,충청남도,2,여자,5220,24.0
201808,충청남도,3,남자,2814,24.0
201808,충청남도,3,여자,2203,24.0
201808,충청북도,1,남자,2585,25.0
201808,충청북도,1,여자,2488,25.0
201808,충청북도,2,남자,3854,25.0
201808,충청북도,2,여자,3379,25.0
201808,충청북도,3,남자,1927,25.0
201808,충청북도,3,여자,1561,25.0
201809,경기도,1,남자,43352,24.0
201809,경기도,1,여자,41736,24.0
201809,경기도,2,남자,63393,24.0
201809,경기도,2,여자,57163,24.0
201809,경기도,3,남자,46924,24.0
201809,경기도,3,여자,42834,24.0
201809,경상남도,1,남자,10557,29.0
201809,경상남도,1,여자,10149,29.0
201809,경상남도,2,남자,14910,29.0
201809,경상남도,2,여자,13409,29.0
201809,경상남도,3,남자,10349,29.0
201809,경상남도,3,여자,9196,29.0
201809,경상북도,1,남자,7232,28.0
201809,경상북도,1,여자,6913,28.0
201809,경상북도,2,남자,10222,28.0
201809,경상북도,2,여자,8971,28.0
201809,경상북도,3,남자,7008,28.0
201809,경상북도,3,여자,6392,28.0
201809,광주광역시,1,남자,5162,25.0
201809,광주광역시,1,여자,4814,25.0
201809,광주광역시,2,남자,7385,25.0
201809,광주광역시,2,여자,6840,25.0
201809,광주광역시,3,남자,5420,25.0
201809,광주광역시,3,여자,4571,25.0
201809,대구광역시,1,남자,7703,24.0
201809,대구광역시,1,여자,7479,24.0
201809,대구광역시,2,남자,11378,24.0
201809,대구광역시,2,여자,10295,24.0
201809,대구광역시,3,남자,8231,24.0
201809,대구광역시,3,여자,7196,24.0
201809,대전광역시,1,남자,4614,22.0
201809,대전광역시,1,여자,4356,22.0
201809,대전광역시,2,남자,6799,22.0
201809,대전광역시,2,여자,6095,22.0
201809,대전광역시,3,남자,5642,22.0
201809,대전광역시,3,여자,4855,22.0
201809,부산광역시,1,남자,9452,26.0
201809,부산광역시,1,여자,8920,26.0
201809,부산광역시,2,남자,12014,26.0
201809,부산광역시,2,여자,10965,26.0
201809,부산광역시,3,남자,7803,26.0
201809,부산광역시,3,여자,7140,26.0
201809,서울특별시,1,남자,22270,20.0
201809,서울특별시,1,여자,20850,20.0
201809,서울특별시,2,남자,31304,20.0
201809,서울특별시,2,여자,27540,20.0
201809,서울특별시,3,남자,24353,20.0
201809,서울특별시,3,여자,21473,20.0
201809,세종특별자치시,1,남자,1716,23.0
201809,세종특별자치시,1,여자,1679,23.0
201809,세종특별자치시,2,남자,2442,23.0
201809,세종특별자치시,2,여자,2290,23.0
201809,세종특별자치시,3,남자,1491,23.0
201809,세종특별자치시,3,여자,1535,23.0
201809,울산광역시,1,남자,4355,26.0
201809,울산광역시,1,여자,4037,26.0
201809,울산광역시,2,남자,5242,26.0
201809,울산광역시,2,여자,4642,26.0
201809,울산광역시,3,남자,3293,26.0
201809,울산광역시,3,여자,2711,26.0
201809,인천광역시,1,남자,8670,24.0
201809,인천광역시,1,여자,8341,24.0
201809,인천광역시,2,남자,12806,24.0
201809,인천광역시,2,여자,12096,24.0
201809,인천광역시,3,남자,9391,24.0
201809,인천광역시,3,여자,8565,24.0
201809,전라남도,1,남자,5203,23.0
201809,전라남도,1,여자,5001,23.0
201809,전라남도,2,남자,7235,23.0
201809,전라남도,2,여자,6634,23.0
201809,전라남도,3,남자,5007,23.0
201809,전라남도,3,여자,4519,23.0
201809,전라북도,1,남자,4298,24.0
201809,전라북도,1,여자,4118,24.0
201809,전라북도,2,남자,7293,24.0
201809,전라북도,2,여자,6572,24.0
201809,전라북도,3,남자,5683,24.0
201809,전라북도,3,여자,5220,24.0
201809,제주특별자치도,1,남자,5983,26.0
201809,제주특별자치도,1,여자,5769,26.0
201809,제주특별자치도,2,남자,8209,26.0
201809,제주특별자치도,2,여자,7399,26.0
201809,제주특별자치도,3,남자,5577,26.0
201809,제주특별자치도,3,여자,5044,26.0
201809,충청남도,1,남자,6946,22.0
201809,충청남도,1,여자,6783,22.0
201809,충청남도,2,남자,10220,22.0
201809,충청남도,2,여자,9167,22.0
201809,충청남도,3,남자,6881,22.0
201809,충청남도,3,여자,6115,22.0
201809,충청북도,1,남자,4747,26.0
201809,충청북도,1,여자,4710,26.0
201809,충청북도,2,남자,6942,26.0
201809,충청북도,2,여자,6510,26.0
201809,충청북도,3,남자,5215,26.0
201809,충청북도,3,여자,4578,26.0
201810,경기도,1,남자,35852,35.0
201810,경기도,1,여자,35079,35.0
201810,경기도,2,남자,45546,35.0
201810,경기도,2,여자,43984,35.0
201810,경기도,3,남자,27272,35.0
201810,경기도,3,여자,26145,35.0
201810,경상남도,1,남자,9049,34.0
201810,경상남도,1,여자,8788,34.0
201810,경상남도,2,남자,11655,34.0
201810,경상남도,2,여자,11107,34.0
201810,경상남도,3,남자,6457,34.0
201810,경상남도,3,여자,5962,34.0
201810,경상북도,1,남자,6150,35.0
201810,경상북도,1,여자,5892,35.0
201810,경상북도,2,남자,7775,35.0
201810,경상북도,2,여자,7290,35.0
201810,경상북도,3,남자,4072,35.0
201810,경상북도,3,여자,3521,35.0
201810,광주광역시,1,남자,3739,34.0
201810,광주광역시,1,여자,3744,34.0
201810,광주광역시,2,남자,5165,34.0
201810,광주광역시,2,여자,4965,34.0
201810,광주광역시,3,남자,3052,34.0
201810,광주광역시,3,여자,2921,34.0
201810,대구광역시,1,남자,6251,32.0
201810,대구광역시,1,여자,6249,32.0
201810,대구광역시,2,남자,8708,32.0
201810,대구광역시,2,여자,8279,32.0
201810,대구광역시,3,남자,4841,32.0
201810,대구광역시,3,여자,4222,32.0
201810,대전광역시,1,남자,4050,31.0
201810,대전광역시,1,여자,3840,31.0
201810,대전광역시,2,남자,5264,31.0
201810,대전광역시,2,여자,5067,31.0
201810,대전광역시,3,남자,3541,31.0
201810,대전광역시,3,여자,3318,31.0
201810,부산광역시,1,남자,7662,32.0
201810,부산광역시,1,여자,7396,32.0
201810,부산광역시,2,남자,9498,32.0
201810,부산광역시,2,여자,9007,32.0
201810,부산광역시,3,남자,5452,32.0
201810,부산광역시,3,여자,5104,32.0
201810,서울특별시,1,남자,18699,28.0
201810,서울특별시,1,여자,17920,28.0
201810,서울특별시,2,남자,23954,28.0
201810,서울특별시,2,여자,22368,28.0
201810,서울특별시,3,남자,15051,28.0
201810,서울특별시,3,여자,14151,28.0
201810,세종특별자치시,1,남자,1344,31.0
201810,세종특별자치시,1,여자,1366,31.0
201810,세종특별자치시,2,남자,1715,31.0
201810,세종특별자치시,2,여자,1620,31.0
201810,세종특별자치시,3,남자,812,31.0
201810,세종특별자치시,3,여자,857,31.0
201810,울산광역시,1,남자,3459,31.0
201810,울산광역시,1,여자,3313,31.0
201810,울산광역시,2,남자,4158,31.0
201810,울산광역시,2,여자,3948,31.0
201810,울산광역시,3,남자,2302,31.0
201810,울산광역시,3,여자,2098,31.0
201810,인천광역시,1,남자,7391,33.0
201810,인천광역시,1,여자,7093,33.0
201810,인천광역시,2,남자,9635,33.0
201810,인천광역시,2,여자,9171,33.0
201810,인천광역시,3,남자,6369,33.0
201810,인천광역시,3,여자,6153,33.0
201810,전라남도,1,남자,4356,29.0
201810,전라남도,1,여자,4276,29.0
201810,전라남도,2,남자,5544,29.0
201810,전라남도,2,여자,5441,29.0
201810,전라남도,3,남자,3012,29.0
201810,전라남도,3,여자,3047,29.0
201810,전라북도,1,남자,3819,35.0
201810,전라북도,1,여자,3661,35.0
201810,전라북도,2,남자,5767,35.0
201810,전라북도,2,여자,5376,35.0
201810,전라북도,3,남자,3821,35.0
201810,전라북도,3,여자,3607,35.0
201810,제주특별자치도,1,남자,5253,30.0
201810,제주특별자치도,1,여자,5153,30.0
201810,제주특별자치도,2,남자,6749,30.0
201810,제주특별자치도,2,여자,6343,30.0
201810,제주특별자치도,3,남자,3914,30.0
201810,제주특별자치도,3,여자,3726,30.0
201810,충청남도,1,남자,5395,31.0
201810,충청남도,1,여자,5337,31.0
201810,충청남도,2,남자,7636,31.0
201810,충청남도,2,여자,7255,31.0
201810,충청남도,3,남자,4180,31.0
201810,충청남도,3,여자,4031,31.0
201810,충청북도,1,남자,3746,39.0
201810,충청북도,1,여자,3748,39.0
201810,충청북도,2,남자,5220,39.0
201810,충청북도,2,여자,4943,39.0
201810,충청북도,3,남자,2982,39.0
201810,충청북도,3,여자,2788,39.0
201811,경기도,1,남자,30264,62.0
201811,경기도,1,여자,29585,62.0
201811,경기도,2,남자,45370,62.0
201811,경기도,2,여자,46608,62.0
201811,경기도,3,남자,36928,62.0
201811,경기도,3,여자,37753,62.0
201811,경상남도,1,남자,7094,52.0
201811,경상남도,1,여자,6724,52.0
201811,경상남도,2,남자,10968,52.0
201811,경상남도,2,여자,11149,52.0
201811,경상남도,3,남자,8566,52.0
201811,경상남도,3,여자,8152,52.0
201811,경상북도,1,남자,5193,60.0
201811,경상북도,1,여자,5096,60.0
201811,경상북도,2,남자,7516,60.0
201811,경상북도,2,여자,7780,60.0
201811,경상북도,3,남자,5660,60.0
201811,경상북도,3,여자,5203,60.0
201811,광주광역시,1,남자,2739,59.0
201811,광주광역시,1,여자,2738,59.0
201811,광주광역시,2,남자,4893,59.0
201811,광주광역시,2,여자,4943,59.0
201811,광주광역시,3,남자,3691,59.0
201811,광주광역시,3,여자,3620,59.0
201811,대구광역시,1,남자,5012,57.0
201811,대구광역시,1,여자,4868,57.0
201811,대구광역시,2,남자,8274,57.0
201811,대구광역시,2,여자,8173,57.0
201811,대구광역시,3,남자,6632,57.0
201811,대구광역시,3,여자,6508,57.0
201811,대전광역시,1,남자,2993,63.0
201811,대전광역시,1,여자,3020,63.0
201811,대전광역시,2,남자,4654,63.0
201811,대전광역시,2,여자,5011,63.0
201811,대전광역시,3,남자,4121,63.0
201811,대전광역시,3,여자,3852,63.0
201811,부산광역시,1,남자,6095,47.0
201811,부산광역시,1,여자,6093,47.0
201811,부산광역시,2,남자,8751,47.0
201811,부산광역시,2,여자,8939,47.0
201811,부산광역시,3,남자,6469,47.0
201811,부산광역시,3,여자,6136,47.0
201811,서울특별시,1,남자,16228,52.0
201811,서울특별시,1,여자,15493,52.0
201811,서울특별시,2,남자,22525,52.0
201811,서울특별시,2,여자,23006,52.0
201811,서울특별시,3,남자,18564,52.0
201811,서울특별시,3,여자,18201,52.0
201811,세종특별자치시,1,남자,1108,58.0
201811,세종특별자치시,1,여자,1109,58.0
201811,세종특별자치시,2,남자,1941,58.0
201811,세종특별자치시,2,여자,1973,58.0
201811,세종특별자치시,3,남자,1245,58.0
201811,세종특별자치시,3,여자,1363,58.0
201811,울산광역시,1,남자,2873,47.0
201811,울산광역시,1,여자,2698,47.0
201811,울산광역시,2,남자,3710,47.0
201811,울산광역시,2,여자,3737,47.0
201811,울산광역시,3,남자,2401,47.0
201811,울산광역시,3,여자,2353,47.0
201811,인천광역시,1,남자,6109,55.0
201811,인천광역시,1,여자,6004,55.0
201811,인천광역시,2,남자,9570,55.0
201811,인천광역시,2,여자,9651,55.0
201811,인천광역시,3,남자,8856,55.0
201811,인천광역시,3,여자,8409,55.0
201811,전라남도,1,남자,3554,45.0
201811,전라남도,1,여자,3530,45.0
201811,전라남도,2,남자,5224,45.0
201811,전라남도,2,여자,5471,45.0
201811,전라남도,3,남자,3777,45.0
201811,전라남도,3,여자,3793,45.0
201811,전라북도,1,남자,3048,63.0
201811,전라북도,1,여자,3014,63.0
201811,전라북도,2,남자,5125,63.0
201811,전라북도,2,여자,5202,63.0
201811,전라북도,3,남자,4255,63.0
201811,전라북도,3,여자,4200,63.0
201811,제주특별자치도,1,남자,4538,39.0
201811,제주특별자치도,1,여자,4357,39.0
201811,제주특별자치도,2,남자,6669,39.0
201811,제주특별자치도,2,여자,6754,39.0
201811,제주특별자치도,3,남자,5035,39.0
201811,제주특별자치도,3,여자,4611,39.0
201811,충청남도,1,남자,4290,60.0
201811,충청남도,1,여자,4276,60.0
201811,충청남도,2,남자,6484,60.0
201811,충청남도,2,여자,6713,60.0
201811,충청남도,3,남자,4905,60.0
201811,충청남도,3,여자,4699,60.0
201811,충청북도,1,남자,3256,65.0
201811,충청북도,1,여자,3215,65.0
201811,충청북도,2,남자,5147,65.0
201811,충청북도,2,여자,5368,65.0
201811,충청북도,3,남자,4487,65.0
201811,충청북도,3,여자,4220,65.0
201812,경기도,1,남자,24408,50.0
201812,경기도,1,여자,23419,50.0
201812,경기도,2,남자,40152,50.0
201812,경기도,2,여자,38523,50.0
201812,경기도,3,남자,37281,50.0
201812,경기도,3,여자,34971,50.0
201812,경상남도,1,남자,5601,43.0
201812,경상남도,1,여자,5515,43.0
201812,경상남도,2,남자,11924,43.0
201812,경상남도,2,여자,11284,43.0
201812,경상남도,3,남자,12093,43.0
201812,경상남도,3,여자,10801,43.0
201812,경상북도,1,남자,3956,49.0
201812,경상북도,1,여자,3680,49.0
201812,경상북도,2,남자,7527,49.0
201812,경상북도,2,여자,7036,49.0
201812,경상북도,3,남자,6883,49.0
201812,경상북도,3,여자,6011,49.0
201812,광주광역시,1,남자,2247,43.0
201812,광주광역시,1,여자,2183,43.0
201812,광주광역시,2,남자,4459,43.0
201812,광주광역시,2,여자,4103,43.0
201812,광주광역시,3,남자,4538,43.0
201812,광주광역시,3,여자,4148,43.0
201812,대구광역시,1,남자,3731,47.0
201812,대구광역시,1,여자,3634,47.0
201812,대구광역시,2,남자,7525,47.0
201812,대구광역시,2,여자,7352,47.0
201812,대구광역시,3,남자,7586,47.0
201812,대구광역시,3,여자,6972,47.0
201812,대전광역시,1,남자,2362,51.0
201812,대전광역시,1,여자,2303,51.0
201812,대전광역시,2,남자,4802,51.0
201812,대전광역시,2,여자,4519,51.0
201812,대전광역시,3,남자,4916,51.0
201812,대전광역시,3,여자,4568,51.0
201812,부산광역시,1,남자,5318,40.0
201812,부산광역시,1,여자,5103,40.0
201812,부산광역시,2,남자,9582,40.0
201812,부산광역시,2,여자,9150,40.0
201812,부산광역시,3,남자,8570,40.0
201812,부산광역시,3,여자,7688,40.0
201812,서울특별시,1,남자,12849,43.0
201812,서울특별시,1,여자,12461,43.0
201812,서울특별시,2,남자,20706,43.0
201812,서울특별시,2,여자,19692,43.0
201812,서울특별시,3,남자,20619,43.0
201812,서울특별시,3,여자,18702,43.0
201812,세종특별자치시,1,남자,800,55.0
201812,세종특별자치시,1,여자,756,55.0
201812,세종특별자치시,2,남자,1578,55.0
201812,세종특별자치시,2,여자,1460,55.0
201812,세종특별자치시,3,남자,1388,55.0
201812,세종특별자치시,3,여자,1364,55.0
201812,울산광역시,1,남자,2224,35.0
201812,울산광역시,1,여자,2240,35.0
201812,울산광역시,2,남자,3994,35.0
201812,울산광역시,2,여자,3815,35.0
201812,울산광역시,3,남자,3648,35.0
201812,울산광역시,3,여자,3314,35.0
201812,인천광역시,1,남자,4823,45.0
201812,인천광역시,1,여자,4658,45.0
201812,인천광역시,2,남자,8478,45.0
201812,인천광역시,2,여자,8220,45.0
201812,인천광역시,3,남자,7793,45.0
201812,인천광역시,3,여자,7486,45.0
201812,전라남도,1,남자,2993,37.0
201812,전라남도,1,여자,2812,37.0
201812,전라남도,2,남자,5367,37.0
201812,전라남도,2,여자,5369,37.0
201812,전라남도,3,남자,5147,37.0
201812,전라남도,3,여자,4667,37.0
201812,전라북도,1,남자,2611,47.0
201812,전라북도,1,여자,2462,47.0
201812,전라북도,2,남자,5737,47.0
201812,전라북도,2,여자,5417,47.0
201812,전라북도,3,남자,5781,47.0
201812,전라북도,3,여자,5151,47.0
201812,제주특별자치도,1,남자,3791,30.0
201812,제주특별자치도,1,여자,3724,30.0
201812,제주특별자치도,2,남자,6918,30.0
201812,제주특별자치도,2,여자,6802,30.0
201812,제주특별자치도,3,남자,6537,30.0
201812,제주특별자치도,3,여자,6026,30.0
201812,충청남도,1,남자,3467,45.0
201812,충청남도,1,여자,3438,45.0
201812,충청남도,2,남자,6957,45.0
201812,충청남도,2,여자,6606,45.0
201812,충청남도,3,남자,6350,45.0
201812,충청남도,3,여자,5644,45.0
201812,충청북도,1,남자,2663,53.0
201812,충청북도,1,여자,2615,53.0
201812,충청북도,2,남자,4802,53.0
201812,충청북도,2,여자,4598,53.0
201812,충청북도,3,남자,4280,53.0
201812,충청북도,3,여자,4053,53.0
201901,경기도,1,남자,20769,72.0
201901,경기도,1,여자,19643,72.0
201901,경기도,2,남자,23348,72.0
201901,경기도,2,여자,20927,72.0
201901,경기도,3,남자,14425,72.0
201901,경기도,3,여자,12837,72.0
201901,경상남도,1,남자,4779,49.0
201901,경상남도,1,여자,4584,49.0
201901,경상남도,2,남자,4740,49.0
201901,경상남도,2,여자,4237,49.0
201901,경상남도,3,남자,2884,49.0
201901,경상남도,3,여자,2491,49.0
201901,경상북도,1,남자,3377,62.0
201901,경상북도,1,여자,3055,62.0
201901,경상북도,2,남자,3543,62.0
201901,경상북도,2,여자,3026,62.0
201901,경상북도,3,남자,2151,62.0
201901,경상북도,3,여자,1813,62.0
201901,광주광역시,1,남자,2202,53.0
201901,광주광역시,1,여자,2092,53.0
201901,광주광역시,2,남자,2920,53.0
201901,광주광역시,2,여자,2509,53.0
201901,광주광역시,3,남자,1833,53.0
201901,광주광역시,3,여자,1560,53.0
201901,대구광역시,1,남자,3293,57.0
201901,대구광역시,1,여자,3165,57.0
201901,대구광역시,2,남자,3622,57.0
201901,대구광역시,2,여자,3302,57.0
201901,대구광역시,3,남자,2463,57.0
201901,대구광역시,3,여자,2012,57.0
201901,대전광역시,1,남자,2269,66.0
201901,대전광역시,1,여자,2101,66.0
201901,대전광역시,2,남자,2321,66.0
201901,대전광역시,2,여자,2104,66.0
201901,대전광역시,3,남자,1562,66.0
201901,대전광역시,3,여자,1385,66.0
201901,부산광역시,1,남자,4308,48.0
201901,부산광역시,1,여자,4045,48.0
201901,부산광역시,2,남자,4487,48.0
201901,부산광역시,2,여자,3793,48.0
201901,부산광역시,3,남자,2745,48.0
201901,부산광역시,3,여자,2408,48.0
201901,서울특별시,1,남자,11084,66.0
201901,서울특별시,1,여자,10359,66.0
201901,서울특별시,2,남자,11850,66.0
201901,서울특별시,2,여자,10535,66.0
201901,서울특별시,3,남자,7542,66.0
201901,서울특별시,3,여자,6602,66.0
201901,세종특별자치시,1,남자,845,70.0
201901,세종특별자치시,1,여자,789,70.0
201901,세종특별자치시,2,남자,856,70.0
201901,세종특별자치시,2,여자,769,70.0
201901,세종특별자치시,3,남자,447,70.0
201901,세종특별자치시,3,여자,492,70.0
201901,울산광역시,1,남자,1862,45.0
201901,울산광역시,1,여자,1760,45.0
201901,울산광역시,2,남자,1784,45.0
201901,울산광역시,2,여자,1580,45.0
201901,울산광역시,3,남자,1214,45.0
201901,울산광역시,3,여자,946,45.0
201901,인천광역시,1,남자,4183,62.0
201901,인천광역시,1,여자,3998,62.0
201901,인천광역시,2,남자,4708,62.0
201901,인천광역시,2,여자,4377,62.0
201901,인천광역시,3,남자,2989,62.0
201901,인천광역시,3,여자,2808,62.0
201901,전라남도,1,남자,2343,42.0
201901,전라남도,1,여자,2209,42.0
201901,전라남도,2,남자,2665,42.0
201901,전라남도,2,여자,2402,42.0
201901,전라남도,3,남자,1530,42.0
201901,전라남도,3,여자,1398,42.0
201901,전라북도,1,남자,2196,61.0
201901,전라북도,1,여자,1977,61.0
201901,전라북도,2,남자,2768,61.0
201901,전라북도,2,여자,2433,61.0
201901,전라북도,3,남자,1728,61.0
201901,전라북도,3,여자,1405,61.0
201901,제주특별자치도,1,남자,2932,35.0
201901,제주특별자치도,1,여자,2806,35.0
201901,제주특별자치도,2,남자,3705,35.0
201901,제주특별자치도,2,여자,3244,35.0
201901,제주특별자치도,3,남자,2364,35.0
201901,제주특별자치도,3,여자,2118,35.0
201901,충청남도,1,남자,2951,62.0
201901,충청남도,1,여자,2844,62.0
201901,충청남도,2,남자,3390,62.0
201901,충청남도,2,여자,3033,62.0
201901,충청남도,3,남자,2026,62.0
201901,충청남도,3,여자,1828,62.0
201901,충청북도,1,남자,2167,70.0
201901,충청북도,1,여자,2117,70.0
201901,충청북도,2,남자,2541,70.0
201901,충청북도,2,여자,2374,70.0
201901,충청북도,3,남자,1719,70.0
201901,충청북도,3,여자,1620,70.0
201902,경기도,1,남자,26327,61.0
201902,경기도,1,여자,25153,61.0
201902,경기도,2,남자,26314,61.0
201902,경기도,2,여자,23536,61.0
201902,경기도,3,남자,12132,61.0
201902,경기도,3,여자,10318,61.0
201902,경상남도,1,남자,6355,51.0
201902,경상남도,1,여자,6217,51.0
201902,경상남도,2,남자,8043,51.0
201902,경상남도,2,여자,7649,51.0
201902,경상남도,3,남자,3914,51.0
201902,경상남도,3,여자,3405,51.0
201902,경상북도,1,남자,4796,57.0
201902,경상북도,1,여자,4487,57.0
201902,경상북도,2,남자,5135,57.0
201902,경상북도,2,여자,4628,57.0
201902,경상북도,3,남자,2235,57.0
201902,경상북도,3,여자,1959,57.0
201902,광주광역시,1,남자,2849,57.0
201902,광주광역시,1,여자,2559,57.0
201902,광주광역시,2,남자,3014,57.0
201902,광주광역시,2,여자,2661,57.0
201902,광주광역시,3,남자,1461,57.0
201902,광주광역시,3,여자,1221,57.0
201902,대구광역시,1,남자,4511,54.0
201902,대구광역시,1,여자,4203,54.0
201902,대구광역시,2,남자,5034,54.0
201902,대구광역시,2,여자,4537,54.0
201902,대구광역시,3,남자,2337,54.0
201902,대구광역시,3,여자,2066,54.0
201902,대전광역시,1,남자,2975,62.0
201902,대전광역시,1,여자,2744,62.0
201902,대전광역시,2,남자,3500,62.0
201902,대전광역시,2,여자,3204,62.0
201902,대전광역시,3,남자,1715,62.0
201902,대전광역시,3,여자,1545,62.0
201902,부산광역시,1,남자,5592,48.0
201902,부산광역시,1,여자,5200,48.0
201902,부산광역시,2,남자,6854,48.0
201902,부산광역시,2,여자,6444,48.0
201902,부산광역시,3,남자,3623,48.0
201902,부산광역시,3,여자,3310,48.0
201902,서울특별시,1,남자,14399,57.0
201902,서울특별시,1,여자,13456,57.0
201902,서울특별시,2,남자,16650,57.0
201902,서울특별시,2,여자,15144,57.0
201902,서울특별시,3,남자,8547,57.0
201902,서울특별시,3,여자,7614,57.0
201902,세종특별자치시,1,남자,1079,64.0
201902,세종특별자치시,1,여자,1029,64.0
201902,세종특별자치시,2,남자,1059,64.0
201902,세종특별자치시,2,여자,913,64.0
201902,세종특별자치시,3,남자,439,64.0
201902,세종특별자치시,3,여자,376,64.0
201902,울산광역시,1,남자,2760,46.0
201902,울산광역시,1,여자,2455,46.0
201902,울산광역시,2,남자,2805,46.0
201902,울산광역시,2,여자,2546,46.0
201902,울산광역시,3,남자,1237,46.0
201902,울산광역시,3,여자,1086,46.0
201902,인천광역시,1,남자,5588,55.0
201902,인천광역시,1,여자,5229,55.0
201902,인천광역시,2,남자,5977,55.0
201902,인천광역시,2,여자,5481,55.0
201902,인천광역시,3,남자,3134,55.0
201902,인천광역시,3,여자,2877,55.0
201902,전라남도,1,남자,3331,47.0
201902,전라남도,1,여자,3141,47.0
201902,전라남도,2,남자,3674,47.0
201902,전라남도,2,여자,3458,47.0
201902,전라남도,3,남자,1701,47.0
201902,전라남도,3,여자,1493,47.0
201902,전라북도,1,남자,3084,62.0
201902,전라북도,1,여자,2812,62.0
201902,전라북도,2,남자,3722,62.0
201902,전라북도,2,여자,3335,62.0
201902,전라북도,3,남자,1982,62.0
201902,전라북도,3,여자,1625,62.0
201902,제주특별자치도,1,남자,3684,42.0
201902,제주특별자치도,1,여자,3463,42.0
201902,제주특별자치도,2,남자,3856,42.0
201902,제주특별자치도,2,여자,3386,42.0
201902,제주특별자치도,3,남자,1963,42.0
201902,제주특별자치도,3,여자,1633,42.0
201902,충청남도,1,남자,4222,58.0
201902,충청남도,1,여자,4007,58.0
201902,충청남도,2,남자,4331,58.0
201902,충청남도,2,여자,3799,58.0
201902,충청남도,3,남자,1906,58.0
201902,충청남도,3,여자,1496,58.0
201902,충청북도,1,남자,2915,63.0
201902,충청북도,1,여자,2894,63.0
201902,충청북도,2,남자,2823,63.0
201902,충청북도,2,여자,2573,63.0
201902,충청북도,3,남자,1278,63.0
201902,충청북도,3,여자,1082,63.0
201903,경기도,1,남자,42801,72.0
201903,경기도,1,여자,41180,72.0
201903,경기도,2,남자,59122,72.0
201903,경기도,2,여자,58884,72.0
201903,경기도,3,남자,44107,72.0
201903,경기도,3,여자,42073,72.0
201903,경상남도,1,남자,8420,51.0
201903,경상남도,1,여자,8209,51.0
201903,경상남도,2,남자,10608,51.0
201903,경상남도,2,여자,9707,51.0
201903,경상남도,3,남자,9670,51.0
201903,경상남도,3,여자,7511,51.0
201903,경상북도,1,남자,6442,60.0
201903,경상북도,1,여자,6030,60.0
201903,경상북도,2,남자,8027,60.0
201903,경상북도,2,여자,7682,60.0
201903,경상북도,3,남자,6367,60.0
201903,경상북도,3,여자,4985,60.0
201903,광주광역시,1,남자,4075,63.0
201903,광주광역시,1,여자,3943,63.0
201903,광주광역시,2,남자,6342,63.0
201903,광주광역시,2,여자,6214,63.0
201903,광주광역시,3,남자,6256,63.0
201903,광주광역시,3,여자,4780,63.0
201903,대구광역시,1,남자,6378,54.0
201903,대구광역시,1,여자,6484,54.0
201903,대구광역시,2,남자,8896,54.0
201903,대구광역시,2,여자,8603,54.0
201903,대구광역시,3,남자,7487,54.0
201903,대구광역시,3,여자,5958,54.0
201903,대전광역시,1,남자,4001,68.0
201903,대전광역시,1,여자,3701,68.0
201903,대전광역시,2,남자,5299,68.0
201903,대전광역시,2,여자,5335,68.0
201903,대전광역시,3,남자,4616,68.0
201903,대전광역시,3,여자,3991,68.0
201903,부산광역시,1,남자,7598,51.0
201903,부산광역시,1,여자,7359,51.0
201903,부산광역시,2,남자,8417,51.0
201903,부산광역시,2,여자,7879,51.0
201903,부산광역시,3,남자,8103,51.0
201903,부산광역시,3,여자,6451,51.0
201903,서울특별시,1,남자,21477,69.0
201903,서울특별시,1,여자,20629,69.0
201903,서울특별시,2,남자,25710,69.0
201903,서울특별시,2,여자,24644,69.0
201903,서울특별시,3,남자,22776,69.0
201903,서울특별시,3,여자,19531,69.0
201903,세종특별자치시,1,남자,1729,71.0
201903,세종특별자치시,1,여자,1657,71.0
201903,세종특별자치시,2,남자,2270,71.0
201903,세종특별자치시,2,여자,2312,71.0
201903,세종특별자치시,3,남자,1516,71.0
201903,세종특별자치시,3,여자,1459,71.0
201903,울산광역시,1,남자,3420,49.0
201903,울산광역시,1,여자,3220,49.0
201903,울산광역시,2,남자,3864,49.0
201903,울산광역시,2,여자,3479,49.0
201903,울산광역시,3,남자,3205,49.0
201903,울산광역시,3,여자,2521,49.0
201903,인천광역시,1,남자,8520,67.0
201903,인천광역시,1,여자,8173,67.0
201903,인천광역시,2,남자,12000,67.0
201903,인천광역시,2,여자,11947,67.0
201903,인천광역시,3,남자,9973,67.0
201903,인천광역시,3,여자,8898,67.0
201903,전라남도,1,남자,4739,48.0
201903,전라남도,1,여자,4475,48.0
201903,전라남도,2,남자,6135,48.0
201903,전라남도,2,여자,5990,48.0
201903,전라남도,3,남자,5538,48.0
201903,전라남도,3,여자,4590,48.0
201903,전라북도,1,남자,3992,68.0
201903,전라북도,1,여자,3917,68.0
201903,전라북도,2,남자,6347,68.0
201903,전라북도,2,여자,6182,68.0
201903,전라북도,3,남자,5229,68.0
201903,전라북도,3,여자,4609,68.0
201903,제주특별자치도,1,남자,6066,50.0
201903,제주특별자치도,1,여자,5799,50.0
201903,제주특별자치도,2,남자,7572,50.0
201903,제주특별자치도,2,여자,7616,50.0
201903,제주특별자치도,3,남자,5915,50.0
201903,제주특별자치도,3,여자,5174,50.0
201903,충청남도,1,남자,6523,67.0
201903,충청남도,1,여자,6518,67.0
201903,충청남도,2,남자,8747,67.0
201903,충청남도,2,여자,8854,67.0
201903,충청남도,3,남자,5573,67.0
201903,충청남도,3,여자,5075,67.0
201903,충청북도,1,남자,4572,67.0
201903,충청북도,1,여자,4512,67.0
201903,충청북도,2,남자,6328,67.0
201903,충청북도,2,여자,6438,67.0
201903,충청북도,3,남자,4429,67.0
201903,충청북도,3,여자,3892,67.0
201904,경기도,1,남자,29949,45.0
201904,경기도,1,여자,28550,45.0
201904,경기도,2,남자,42973,45.0
201904,경기도,2,여자,39939,45.0
201904,경기도,3,남자,39898,45.0
201904,경기도,3,여자,37456,45.0
201904,경상남도,1,남자,7277,40.0
201904,경상남도,1,여자,7077,40.0
201904,경상남도,2,남자,10301,40.0
201904,경상남도,2,여자,9669,40.0
201904,경상남도,3,남자,8913,40.0
201904,경상남도,3,여자,8713,40.0
201904,경상북도,1,남자,5257,43.0
201904,경상북도,1,여자,4946,43.0
201904,경상북도,2,남자,7814,43.0
201904,경상북도,2,여자,6939,43.0
201904,경상북도,3,남자,7365,43.0
201904,경상북도,3,여자,6325,43.0
201904,광주광역시,1,남자,2907,43.0
201904,광주광역시,1,여자,2833,43.0
201904,광주광역시,2,남자,4744,43.0
201904,광주광역시,2,여자,4355,43.0
201904,광주광역시,3,남자,4756,43.0
201904,광주광역시,3,여자,4345,43.0
201904,대구광역시,1,남자,4970,40.0
201904,대구광역시,1,여자,4911,40.0
201904,대구광역시,2,남자,8327,40.0
201904,대구광역시,2,여자,7552,40.0
201904,대구광역시,3,남자,8240,40.0
201904,대구광역시,3,여자,7279,40.0
201904,대전광역시,1,남자,3116,40.0
201904,대전광역시,1,여자,2836,40.0
201904,대전광역시,2,남자,4724,40.0
201904,대전광역시,2,여자,4379,40.0
201904,대전광역시,3,남자,4971,40.0
201904,대전광역시,3,여자,4388,40.0
201904,부산광역시,1,남자,6737,40.0
201904,부산광역시,1,여자,6299,40.0
201904,부산광역시,2,남자,8697,40.0
201904,부산광역시,2,여자,8270,40.0
201904,부산광역시,3,남자,7774,40.0
201904,부산광역시,3,여자,7380,40.0
201904,서울특별시,1,남자,16972,41.0
201904,서울특별시,1,여자,16063,41.0
201904,서울특별시,2,남자,23453,41.0
201904,서울특별시,2,여자,21201,41.0
201904,서울특별시,3,남자,23963,41.0
201904,서울특별시,3,여자,21898,41.0
201904,세종특별자치시,1,남자,1170,40.0
201904,세종특별자치시,1,여자,1135,40.0
201904,세종특별자치시,2,남자,1799,40.0
201904,세종특별자치시,2,여자,1630,40.0
201904,세종특별자치시,3,남자,1235,40.0
201904,세종특별자치시,3,여자,1217,40.0
201904,울산광역시,1,남자,2784,40.0
201904,울산광역시,1,여자,2720,40.0
201904,울산광역시,2,남자,3572,40.0
201904,울산광역시,2,여자,3381,40.0
201904,울산광역시,3,남자,3133,40.0
201904,울산광역시,3,여자,2977,40.0
201904,인천광역시,1,남자,6199,43.0
201904,인천광역시,1,여자,5785,43.0
201904,인천광역시,2,남자,8634,43.0
201904,인천광역시,2,여자,8085,43.0
201904,인천광역시,3,남자,8845,43.0
201904,인천광역시,3,여자,8477,43.0
201904,전라남도,1,남자,3417,33.0
201904,전라남도,1,여자,3255,33.0
201904,전라남도,2,남자,5000,33.0
201904,전라남도,2,여자,4804,33.0
201904,전라남도,3,남자,4444,33.0
201904,전라남도,3,여자,4352,33.0
201904,전라북도,1,남자,3032,44.0
201904,전라북도,1,여자,2911,44.0
201904,전라북도,2,남자,5044,44.0
201904,전라북도,2,여자,4589,44.0
201904,전라북도,3,남자,5255,44.0
201904,전라북도,3,여자,4844,44.0
201904,제주특별자치도,1,남자,4364,38.0
201904,제주특별자치도,1,여자,4155,38.0
201904,제주특별자치도,2,남자,6190,38.0
201904,제주특별자치도,2,여자,5576,38.0
201904,제주특별자치도,3,남자,5569,38.0
201904,제주특별자치도,3,여자,5112,38.0
201904,충청남도,1,남자,4707,43.0
201904,충청남도,1,여자,4399,43.0
201904,충청남도,2,남자,6683,43.0
201904,충청남도,2,여자,6054,43.0
201904,충청남도,3,남자,5641,43.0
201904,충청남도,3,여자,5257,43.0
201904,충청북도,1,남자,3132,43.0
201904,충청북도,1,여자,3066,43.0
201904,충청북도,2,남자,5063,43.0
201904,충청북도,2,여자,4678,43.0
201904,충청북도,3,남자,4430,43.0
201904,충청북도,3,여자,4200,43.0
201905,경기도,1,남자,25371,56.0
201905,경기도,1,여자,24162,56.0
201905,경기도,2,남자,30430,56.0
201905,경기도,2,여자,27222,56.0
201905,경기도,3,남자,24768,56.0
201905,경기도,3,여자,22076,56.0
201905,경상남도,1,남자,6027,47.0
201905,경상남도,1,여자,5951,47.0
201905,경상남도,2,남자,6941,47.0
201905,경상남도,2,여자,6630,47.0
201905,경상남도,3,남자,5418,47.0
201905,경상남도,3,여자,5070,47.0
201905,경상북도,1,남자,4335,47.0
201905,경상북도,1,여자,4068,47.0
201905,경상북도,2,남자,4908,47.0
201905,경상북도,2,여자,4535,47.0
201905,경상북도,3,남자,3729,47.0
201905,경상북도,3,여자,3332,47.0
201905,광주광역시,1,남자,2330,50.0
201905,광주광역시,1,여자,2170,50.0
201905,광주광역시,2,남자,2944,50.0
201905,광주광역시,2,여자,2718,50.0
201905,광주광역시,3,남자,2436,50.0
201905,광주광역시,3,여자,2109,50.0
201905,대구광역시,1,남자,3850,46.0
201905,대구광역시,1,여자,3766,46.0
201905,대구광역시,2,남자,4716,46.0
201905,대구광역시,2,여자,4739,46.0
201905,대구광역시,3,남자,3696,46.0
201905,대구광역시,3,여자,3391,46.0
201905,대전광역시,1,남자,2629,46.0
201905,대전광역시,1,여자,2577,46.0
201905,대전광역시,2,남자,3271,46.0
201905,대전광역시,2,여자,2969,46.0
201905,대전광역시,3,남자,2748,46.0
201905,대전광역시,3,여자,2433,46.0
201905,부산광역시,1,남자,5280,47.0
201905,부산광역시,1,여자,5105,47.0
201905,부산광역시,2,남자,5569,47.0
201905,부산광역시,2,여자,5356,47.0
201905,부산광역시,3,남자,4199,47.0
201905,부산광역시,3,여자,4091,47.0
201905,서울특별시,1,남자,13788,52.0
201905,서울특별시,1,여자,12818,52.0
201905,서울특별시,2,남자,15525,52.0
201905,서울특별시,2,여자,13470,52.0
201905,서울특별시,3,남자,14133,52.0
201905,서울특별시,3,여자,12008,52.0
201905,세종특별자치시,1,남자,1095,50.0
201905,세종특별자치시,1,여자,973,50.0
201905,세종특별자치시,2,남자,1161,50.0
201905,세종특별자치시,2,여자,1032,50.0
201905,세종특별자치시,3,남자,781,50.0
201905,세종특별자치시,3,여자,718,50.0
201905,울산광역시,1,남자,2343,49.0
201905,울산광역시,1,여자,2255,49.0
201905,울산광역시,2,남자,2337,49.0
201905,울산광역시,2,여자,2317,49.0
201905,울산광역시,3,남자,1662,49.0
201905,울산광역시,3,여자,1429,49.0
201905,인천광역시,1,남자,5237,51.0
201905,인천광역시,1,여자,4783,51.0
201905,인천광역시,2,남자,6077,51.0
201905,인천광역시,2,여자,5569,51.0
201905,인천광역시,3,남자,4965,51.0
201905,인천광역시,3,여자,4435,51.0
201905,전라남도,1,남자,2842,41.0
201905,전라남도,1,여자,2791,41.0
201905,전라남도,2,남자,3350,41.0
201905,전라남도,2,여자,3120,41.0
201905,전라남도,3,남자,2607,41.0
201905,전라남도,3,여자,2506,41.0
201905,전라북도,1,남자,2729,50.0
201905,전라북도,1,여자,2549,50.0
201905,전라북도,2,남자,3704,50.0
201905,전라북도,2,여자,3356,50.0
201905,전라북도,3,남자,2846,50.0
201905,전라북도,3,여자,2704,50.0
201905,제주특별자치도,1,남자,3737,43.0
201905,제주특별자치도,1,여자,3597,43.0
201905,제주특별자치도,2,남자,5072,43.0
201905,제주특별자치도,2,여자,4453,43.0
201905,제주특별자치도,3,남자,4086,43.0
201905,제주특별자치도,3,여자,3353,43.0
201905,충청남도,1,남자,3945,52.0
201905,충청남도,1,여자,3760,52.0
201905,충청남도,2,남자,4946,52.0
201905,충청남도,2,여자,4468,52.0
201905,충청남도,3,남자,3621,52.0
201905,충청남도,3,여자,2919,52.0
201905,충청북도,1,남자,2679,50.0
201905,충청북도,1,여자,2726,50.0
201905,충청북도,2,남자,3384,50.0
201905,충청북도,2,여자,3059,50.0
201905,충청북도,3,남자,2654,50.0
201905,충청북도,3,여자,2261,50.0
201906,경기도,1,남자,22576,32.0
201906,경기도,1,여자,21730,32.0
201906,경기도,2,남자,22911,32.0
201906,경기도,2,여자,22654,32.0
201906,경기도,3,남자,16593,32.0
201906,경기도,3,여자,17164,32.0
201906,경상남도,1,남자,5114,36.0
201906,경상남도,1,여자,4930,36.0
201906,경상남도,2,남자,5593,36.0
201906,경상남도,2,여자,5400,36.0
201906,경상남도,3,남자,3921,36.0
201906,경상남도,3,여자,3642,36.0
201906,경상북도,1,남자,3689,33.0
201906,경상북도,1,여자,3541,33.0
201906,경상북도,2,남자,3650,33.0
201906,경상북도,2,여자,3523,33.0
201906,경상북도,3,남자,2380,33.0
201906,경상북도,3,여자,2278,33.0
201906,광주광역시,1,남자,2130,40.0
201906,광주광역시,1,여자,1991,40.0
201906,광주광역시,2,남자,2508,40.0
201906,광주광역시,2,여자,2484,40.0
201906,광주광역시,3,남자,2001,40.0
201906,광주광역시,3,여자,1894,40.0
201906,대구광역시,1,남자,3238,32.0
201906,대구광역시,1,여자,3375,32.0
201906,대구광역시,2,남자,3775,32.0
201906,대구광역시,2,여자,3701,32.0
201906,대구광역시,3,남자,2629,32.0
201906,대구광역시,3,여자,2388,32.0
201906,대전광역시,1,남자,2212,30.0
201906,대전광역시,1,여자,2153,30.0
201906,대전광역시,2,남자,2440,30.0
201906,대전광역시,2,여자,2475,30.0
201906,대전광역시,3,남자,1805,30.0
201906,대전광역시,3,여자,1713,30.0
201906,부산광역시,1,남자,4660,32.0
201906,부산광역시,1,여자,4365,32.0
201906,부산광역시,2,남자,4456,32.0
201906,부산광역시,2,여자,4451,32.0
201906,부산광역시,3,남자,3148,32.0
201906,부산광역시,3,여자,3183,32.0
201906,서울특별시,1,남자,11903,29.0
201906,서울특별시,1,여자,11401,29.0
201906,서울특별시,2,남자,11409,29.0
201906,서울특별시,2,여자,11373,29.0
201906,서울특별시,3,남자,8842,29.0
201906,서울특별시,3,여자,9278,29.0
201906,세종특별자치시,1,남자,874,34.0
201906,세종특별자치시,1,여자,896,34.0
201906,세종특별자치시,2,남자,971,34.0
201906,세종특별자치시,2,여자,988,34.0
201906,세종특별자치시,3,남자,628,34.0
201906,세종특별자치시,3,여자,632,34.0
201906,울산광역시,1,남자,1835,34.0
201906,울산광역시,1,여자,1855,34.0
201906,울산광역시,2,남자,1837,34.0
201906,울산광역시,2,여자,1821,34.0
201906,울산광역시,3,남자,1183,34.0
201906,울산광역시,3,여자,1273,34.0
201906,인천광역시,1,남자,4603,29.0
201906,인천광역시,1,여자,4434,29.0
201906,인천광역시,2,남자,4789,29.0
201906,인천광역시,2,여자,4718,29.0
201906,인천광역시,3,남자,3383,29.0
201906,인천광역시,3,여자,3511,29.0
201906,전라남도,1,남자,2661,31.0
201906,전라남도,1,여자,2565,31.0
201906,전라남도,2,남자,2864,31.0
201906,전라남도,2,여자,2841,31.0
201906,전라남도,3,남자,2021,31.0
201906,전라남도,3,여자,2055,31.0
201906,전라북도,1,남자,2392,38.0
201906,전라북도,1,여자,2270,38.0
201906,전라북도,2,남자,3036,38.0
201906,전라북도,2,여자,2742,38.0
201906,전라북도,3,남자,2198,38.0
201906,전라북도,3,여자,2156,38.0
201906,제주특별자치도,1,남자,3171,30.0
201906,제주특별자치도,1,여자,3062,30.0
201906,제주특별자치도,2,남자,3321,30.0
201906,제주특별자치도,2,여자,3298,30.0
201906,제주특별자치도,3,남자,2408,30.0
201906,제주특별자치도,3,여자,2309,30.0
201906,충청남도,1,남자,3420,34.0
201906,충청남도,1,여자,3378,34.0
201906,충청남도,2,남자,3887,34.0
201906,충청남도,2,여자,3858,34.0
201906,충청남도,3,남자,2635,34.0
201906,충청남도,3,여자,2598,34.0
201906,충청북도,1,남자,2327,36.0
201906,충청북도,1,여자,2300,36.0
201906,충청북도,2,남자,2556,36.0
201906,충청북도,2,여자,2507,36.0
201906,충청북도,3,남자,1670,36.0
201906,충청북도,3,여자,1799,36.0
201907,경기도,1,남자,22698,30.0
201907,경기도,1,여자,20967,30.0
201907,경기도,2,남자,33549,30.0
201907,경기도,2,여자,31683,30.0
201907,경기도,3,남자,17431,30.0
201907,경기도,3,여자,17452,30.0
201907,경상남도,1,남자,5111,29.0
201907,경상남도,1,여자,4852,29.0
201907,경상남도,2,남자,8118,29.0
201907,경상남도,2,여자,7752,29.0
201907,경상남도,3,남자,4515,29.0
201907,경상남도,3,여자,4289,29.0
201907,경상북도,1,남자,3824,28.0
201907,경상북도,1,여자,3541,28.0
201907,경상북도,2,남자,5718,28.0
201907,경상북도,2,여자,5211,28.0
201907,경상북도,3,남자,2937,28.0
201907,경상북도,3,여자,2755,28.0
201907,광주광역시,1,남자,2349,29.0
201907,광주광역시,1,여자,2156,29.0
201907,광주광역시,2,남자,3642,29.0
201907,광주광역시,2,여자,3253,29.0
201907,광주광역시,3,남자,1924,29.0
201907,광주광역시,3,여자,1881,29.0
201907,대구광역시,1,남자,3799,26.0
201907,대구광역시,1,여자,3525,26.0
201907,대구광역시,2,남자,6182,26.0
201907,대구광역시,2,여자,5812,26.0
201907,대구광역시,3,남자,3224,26.0
201907,대구광역시,3,여자,3198,26.0
201907,대전광역시,1,남자,2280,23.0
201907,대전광역시,1,여자,2159,23.0
201907,대전광역시,2,남자,3601,23.0
201907,대전광역시,2,여자,3365,23.0
201907,대전광역시,3,남자,2060,23.0
201907,대전광역시,3,여자,2057,23.0
201907,부산광역시,1,남자,4789,26.0
201907,부산광역시,1,여자,4333,26.0
201907,부산광역시,2,남자,6949,26.0
201907,부산광역시,2,여자,6488,26.0
201907,부산광역시,3,남자,3446,26.0
201907,부산광역시,3,여자,3301,26.0
201907,서울특별시,1,남자,11855,26.0
201907,서울특별시,1,여자,11045,26.0
201907,서울특별시,2,남자,16940,26.0
201907,서울특별시,2,여자,15686,26.0
201907,서울특별시,3,남자,9150,26.0
201907,서울특별시,3,여자,8900,26.0
201907,세종특별자치시,1,남자,872,23.0
201907,세종특별자치시,1,여자,893,23.0
201907,세종특별자치시,2,남자,1450,23.0
201907,세종특별자치시,2,여자,1268,23.0
201907,세종특별자치시,3,남자,655,23.0
201907,세종특별자치시,3,여자,647,23.0
201907,울산광역시,1,남자,1919,29.0
201907,울산광역시,1,여자,1731,29.0
201907,울산광역시,2,남자,2750,29.0
201907,울산광역시,2,여자,2380,29.0
201907,울산광역시,3,남자,1471,29.0
201907,울산광역시,3,여자,1472,29.0
201907,인천광역시,1,남자,4412,31.0
201907,인천광역시,1,여자,4111,31.0
201907,인천광역시,2,남자,6796,31.0
201907,인천광역시,2,여자,6316,31.0
201907,인천광역시,3,남자,3750,31.0
201907,인천광역시,3,여자,3519,31.0
201907,전라남도,1,남자,2672,23.0
201907,전라남도,1,여자,2483,23.0
201907,전라남도,2,남자,3911,23.0
201907,전라남도,2,여자,3757,23.0
201907,전라남도,3,남자,1938,23.0
201907,전라남도,3,여자,1856,23.0
201907,전라북도,1,남자,2267,26.0
201907,전라북도,1,여자,2085,26.0
201907,전라북도,2,남자,3818,26.0
201907,전라북도,2,여자,3694,26.0
201907,전라북도,3,남자,2460,26.0
201907,전라북도,3,여자,2213,26.0
201907,제주특별자치도,1,남자,3206,26.0
201907,제주특별자치도,1,여자,2943,26.0
201907,제주특별자치도,2,남자,4775,26.0
201907,제주특별자치도,2,여자,4615,26.0
201907,제주특별자치도,3,남자,2604,26.0
201907,제주특별자치도,3,여자,2685,26.0
201907,충청남도,1,남자,3346,26.0
201907,충청남도,1,여자,3238,26.0
201907,충청남도,2,남자,5325,26.0
201907,충청남도,2,여자,5065,26.0
201907,충청남도,3,남자,2706,26.0
201907,충청남도,3,여자,2642,26.0
201907,충청북도,1,남자,2329,24.0
201907,충청북도,1,여자,2204,24.0
201907,충청북도,2,남자,3701,24.0
201907,충청북도,2,여자,3499,24.0
201907,충청북도,3,남자,1900,24.0
201907,충청북도,3,여자,1884,24.0
201908,경기도,1,남자,24887,29.0
201908,경기도,1,여자,23312,29.0
201908,경기도,2,남자,35783,29.0
201908,경기도,2,여자,30507,29.0
201908,경기도,3,남자,21050,29.0
201908,경기도,3,여자,17222,29.0
201908,경상남도,1,남자,6150,32.0
201908,경상남도,1,여자,5694,32.0
201908,경상남도,2,남자,8937,32.0
201908,경상남도,2,여자,7403,32.0
201908,경상남도,3,남자,4279,32.0
201908,경상남도,3,여자,3374,32.0
201908,경상북도,1,남자,4200,28.0
201908,경상북도,1,여자,3946,28.0
201908,경상북도,2,남자,6105,28.0
201908,경상북도,2,여자,5062,28.0
201908,경상북도,3,남자,3161,28.0
201908,경상북도,3,여자,2616,28.0
201908,광주광역시,1,남자,3057,31.0
201908,광주광역시,1,여자,2809,31.0
201908,광주광역시,2,남자,4229,31.0
201908,광주광역시,2,여자,3479,31.0
201908,광주광역시,3,남자,1986,31.0
201908,광주광역시,3,여자,1625,31.0
201908,대구광역시,1,남자,3766,26.0
201908,대구광역시,1,여자,3699,26.0
201908,대구광역시,2,남자,5837,26.0
201908,대구광역시,2,여자,4952,26.0
201908,대구광역시,3,남자,3167,26.0
201908,대구광역시,3,여자,2447,26.0
201908,대전광역시,1,남자,2613,25.0
201908,대전광역시,1,여자,2475,25.0
201908,대전광역시,2,남자,4028,25.0
201908,대전광역시,2,여자,3301,25.0
201908,대전광역시,3,남자,2280,25.0
201908,대전광역시,3,여자,1792,25.0
201908,부산광역시,1,남자,5697,30.0
201908,부산광역시,1,여자,5279,30.0
201908,부산광역시,2,남자,7644,30.0
201908,부산광역시,2,여자,6384,30.0
201908,부산광역시,3,남자,3430,30.0
201908,부산광역시,3,여자,2653,30.0
201908,서울특별시,1,남자,12754,25.0
201908,서울특별시,1,여자,11799,25.0
201908,서울특별시,2,남자,17740,25.0
201908,서울특별시,2,여자,14931,25.0
201908,서울특별시,3,남자,10886,25.0
201908,서울특별시,3,여자,8810,25.0
201908,세종특별자치시,1,남자,996,27.0
201908,세종특별자치시,1,여자,972,27.0
201908,세종특별자치시,2,남자,1516,27.0
201908,세종특별자치시,2,여자,1344,27.0
201908,세종특별자치시,3,남자,729,27.0
201908,세종특별자치시,3,여자,695,27.0
201908,울산광역시,1,남자,2203,30.0
201908,울산광역시,1,여자,2018,30.0
201908,울산광역시,2,남자,2756,30.0
201908,울산광역시,2,여자,2179,30.0
201908,울산광역시,3,남자,1262,30.0
201908,울산광역시,3,여자,977,30.0
201908,인천광역시,1,남자,5071,30.0
201908,인천광역시,1,여자,4699,30.0
201908,인천광역시,2,남자,7397,30.0
201908,인천광역시,2,여자,6429,30.0
201908,인천광역시,3,남자,4442,30.0
201908,인천광역시,3,여자,3712,30.0
201908,전라남도,1,남자,3338,28.0
201908,전라남도,1,여자,3060,28.0
201908,전라남도,2,남자,4704,28.0
201908,전라남도,2,여자,4070,28.0
201908,전라남도,3,남자,2208,28.0
201908,전라남도,3,여자,1866,28.0
201908,전라북도,1,남자,2703,29.0
201908,전라북도,1,여자,2496,29.0
201908,전라북도,2,남자,4612,29.0
201908,전라북도,2,여자,3912,29.0
201908,전라북도,3,남자,2663,29.0
201908,전라북도,3,여자,2186,29.0
201908,제주특별자치도,1,남자,3679,30.0
201908,제주특별자치도,1,여자,3351,30.0
201908,제주특별자치도,2,남자,5248,30.0
201908,제주특별자치도,2,여자,4516,30.0
201908,제주특별자치도,3,남자,2884,30.0
201908,제주특별자치도,3,여자,2343,30.0
201908,충청남도,1,남자,3914,29.0
201908,충청남도,1,여자,3865,29.0
201908,충청남도,2,남자,5912,29.0
201908,충청남도,2,여자,5028,29.0
201908,충청남도,3,남자,3079,29.0
201908,충청남도,3,여자,2520,29.0
201908,충청북도,1,남자,2722,26.0
201908,충청북도,1,여자,2592,26.0
201908,충청북도,2,남자,3915,26.0
201908,충청북도,2,여자,3497,26.0
201908,충청북도,3,남자,2035,26.0
201908,충청북도,3,여자,1580,26.0
201909,경기도,1,남자,39000,26.0
201909,경기도,1,여자,36752,26.0
201909,경기도,2,남자,61195,26.0
201909,경기도,2,여자,56837,26.0
201909,경기도,3,남자,45379,26.0
201909,경기도,3,여자,42689,26.0
201909,경상남도,1,남자,8503,27.0
201909,경상남도,1,여자,8394,27.0
201909,경상남도,2,남자,14493,27.0
201909,경상남도,2,여자,13039,27.0
201909,경상남도,3,남자,10466,27.0
201909,경상남도,3,여자,8996,27.0
201909,경상북도,1,남자,6135,25.0
201909,경상북도,1,여자,5743,25.0
201909,경상북도,2,남자,9226,25.0
201909,경상북도,2,여자,8582,25.0
201909,경상북도,3,남자,7100,25.0
201909,경상북도,3,여자,6218,25.0
201909,광주광역시,1,남자,4129,27.0
201909,광주광역시,1,여자,3984,27.0
201909,광주광역시,2,남자,6822,27.0
201909,광주광역시,2,여자,6321,27.0
201909,광주광역시,3,남자,5034,27.0
201909,광주광역시,3,여자,4449,27.0
201909,대구광역시,1,남자,6049,23.0
201909,대구광역시,1,여자,5834,23.0
201909,대구광역시,2,남자,10033,23.0
201909,대구광역시,2,여자,9636,23.0
201909,대구광역시,3,남자,8160,23.0
201909,대구광역시,3,여자,6945,23.0
201909,대전광역시,1,남자,3706,22.0
201909,대전광역시,1,여자,3600,22.0
201909,대전광역시,2,남자,6468,22.0
201909,대전광역시,2,여자,5721,22.0
201909,대전광역시,3,남자,5719,22.0
201909,대전광역시,3,여자,4922,22.0
201909,부산광역시,1,남자,7478,24.0
201909,부산광역시,1,여자,7346,24.0
201909,부산광역시,2,남자,11614,24.0
201909,부산광역시,2,여자,10587,24.0
201909,부산광역시,3,남자,7722,24.0
201909,부산광역시,3,여자,6765,24.0
201909,서울특별시,1,남자,19052,21.0
201909,서울특별시,1,여자,17661,21.0
201909,서울특별시,2,남자,28817,21.0
201909,서울특별시,2,여자,26121,21.0
201909,서울특별시,3,남자,22541,21.0
201909,서울특별시,3,여자,20930,21.0
201909,세종특별자치시,1,남자,1428,23.0
201909,세종특별자치시,1,여자,1449,23.0
201909,세종특별자치시,2,남자,2375,23.0
201909,세종특별자치시,2,여자,2183,23.0
201909,세종특별자치시,3,남자,1673,23.0
201909,세종특별자치시,3,여자,1592,23.0
201909,울산광역시,1,남자,3688,25.0
201909,울산광역시,1,여자,3423,25.0
201909,울산광역시,2,남자,4913,25.0
201909,울산광역시,2,여자,4428,25.0
201909,울산광역시,3,남자,3002,25.0
201909,울산광역시,3,여자,2530,25.0
201909,인천광역시,1,남자,7419,28.0
201909,인천광역시,1,여자,7060,28.0
201909,인천광역시,2,남자,12190,28.0
201909,인천광역시,2,여자,11537,28.0
201909,인천광역시,3,남자,9246,28.0
201909,인천광역시,3,여자,8900,28.0
201909,전라남도,1,남자,4527,22.0
201909,전라남도,1,여자,4357,22.0
201909,전라남도,2,남자,6890,22.0
201909,전라남도,2,여자,6549,22.0
201909,전라남도,3,남자,4705,22.0
201909,전라남도,3,여자,4326,22.0
201909,전라북도,1,남자,3961,26.0
201909,전라북도,1,여자,3769,26.0
201909,전라북도,2,남자,7090,26.0
201909,전라북도,2,여자,6625,26.0
201909,전라북도,3,남자,5532,26.0
201909,전라북도,3,여자,5086,26.0
201909,제주특별자치도,1,남자,5229,25.0
201909,제주특별자치도,1,여자,4890,25.0
201909,제주특별자치도,2,남자,7439,25.0
201909,제주특별자치도,2,여자,6833,25.0
201909,제주특별자치도,3,남자,5120,25.0
201909,제주특별자치도,3,여자,4836,25.0
201909,충청남도,1,남자,5834,27.0
201909,충청남도,1,여자,5657,27.0
201909,충청남도,2,남자,9590,27.0
201909,충청남도,2,여자,8932,27.0
201909,충청남도,3,남자,6954,27.0
201909,충청남도,3,여자,6289,27.0
201909,충청북도,1,남자,4278,23.0
201909,충청북도,1,여자,4155,23.0
201909,충청북도,2,남자,7073,23.0
201909,충청북도,2,여자,6554,23.0
201909,충청북도,3,남자,5318,23.0
201909,충청북도,3,여자,4625,23.0
201910,경기도,1,남자,32204,37.0
201910,경기도,1,여자,31500,37.0
201910,경기도,2,남자,46940,37.0
201910,경기도,2,여자,46057,37.0
201910,경기도,3,남자,29575,37.0
201910,경기도,3,여자,30487,37.0
201910,경상남도,1,남자,7505,30.0
201910,경상남도,1,여자,7370,30.0
201910,경상남도,2,남자,12275,30.0
201910,경상남도,2,여자,12020,30.0
201910,경상남도,3,남자,7732,30.0
201910,경상남도,3,여자,8076,30.0
201910,경상북도,1,남자,5520,31.0
201910,경상북도,1,여자,5284,31.0
201910,경상북도,2,남자,7921,31.0
201910,경상북도,2,여자,7513,31.0
201910,경상북도,3,남자,4708,31.0
201910,경상북도,3,여자,4648,31.0
201910,광주광역시,1,남자,3266,35.0
201910,광주광역시,1,여자,3276,35.0
201910,광주광역시,2,남자,5404,35.0
201910,광주광역시,2,여자,5304,35.0
201910,광주광역시,3,남자,3680,35.0
201910,광주광역시,3,여자,3727,35.0
201910,대구광역시,1,남자,5235,27.0
201910,대구광역시,1,여자,5194,27.0
201910,대구광역시,2,남자,8435,27.0
201910,대구광역시,2,여자,8084,27.0
201910,대구광역시,3,남자,5365,27.0
201910,대구광역시,3,여자,5252,27.0
201910,대전광역시,1,남자,3255,29.0
201910,대전광역시,1,여자,3235,29.0
201910,대전광역시,2,남자,5151,29.0
201910,대전광역시,2,여자,5044,29.0
201910,대전광역시,3,남자,3653,29.0
201910,대전광역시,3,여자,3737,29.0
201910,부산광역시,1,남자,6644,27.0
201910,부산광역시,1,여자,6574,27.0
201910,부산광역시,2,남자,10270,27.0
201910,부산광역시,2,여자,10019,27.0
201910,부산광역시,3,남자,6685,27.0
201910,부산광역시,3,여자,6706,27.0
201910,서울특별시,1,남자,16705,31.0
201910,서울특별시,1,여자,16065,31.0
201910,서울특별시,2,남자,24246,31.0
201910,서울특별시,2,여자,23395,31.0
201910,서울특별시,3,남자,15937,31.0
201910,서울특별시,3,여자,16071,31.0
201910,세종특별자치시,1,남자,1179,32.0
201910,세종특별자치시,1,여자,1117,32.0
201910,세종특별자치시,2,남자,1723,32.0
201910,세종특별자치시,2,여자,1708,32.0
201910,세종특별자치시,3,남자,1004,32.0
201910,세종특별자치시,3,여자,1094,32.0
201910,울산광역시,1,남자,3077,27.0
201910,울산광역시,1,여자,2941,27.0
201910,울산광역시,2,남자,4236,27.0
201910,울산광역시,2,여자,4210,27.0
201910,울산광역시,3,남자,2641,27.0
201910,울산광역시,3,여자,2745,27.0
201910,인천광역시,1,남자,6576,35.0
201910,인천광역시,1,여자,6278,35.0
201910,인천광역시,2,남자,9818,35.0
201910,인천광역시,2,여자,9338,35.0
201910,인천광역시,3,남자,6808,35.0
201910,인천광역시,3,여자,7421,35.0
201910,전라남도,1,남자,3635,27.0
201910,전라남도,1,여자,3580,27.0
201910,전라남도,2,남자,5706,27.0
201910,전라남도,2,여자,5614,27.0
201910,전라남도,3,남자,3478,27.0
201910,전라남도,3,여자,3512,27.0
201910,전라북도,1,남자,3228,34.0
201910,전라북도,1,여자,3204,34.0
201910,전라북도,2,남자,5912,34.0
201910,전라북도,2,여자,5634,34.0
201910,전라북도,3,남자,4045,34.0
201910,전라북도,3,여자,4045,34.0
201910,제주특별자치도,1,남자,4778,32.0
201910,제주특별자치도,1,여자,4761,32.0
201910,제주특별자치도,2,남자,6992,32.0
201910,제주특별자치도,2,여자,6716,32.0
201910,제주특별자치도,3,남자,4359,32.0
201910,제주특별자치도,3,여자,4259,32.0
201910,충청남도,1,남자,4740,38.0
201910,충청남도,1,여자,4633,38.0
201910,충청남도,2,남자,7537,38.0
201910,충청남도,2,여자,7134,38.0
201910,충청남도,3,남자,4310,38.0
201910,충청남도,3,여자,4374,38.0
201910,충청북도,1,남자,3320,33.0
201910,충청북도,1,여자,3248,33.0
201910,충청북도,2,남자,5309,33.0
201910,충청북도,2,여자,5360,33.0
201910,충청북도,3,남자,3290,33.0
201910,충청북도,3,여자,3331,33.0
201911,경기도,1,남자,25074,47.0
201911,경기도,1,여자,24801,47.0
201911,경기도,2,남자,39445,47.0
201911,경기도,2,여자,39278,47.0
201911,경기도,3,남자,30668,47.0
201911,경기도,3,여자,31400,47.0
201911,경상남도,1,남자,6071,37.0
201911,경상남도,1,여자,6093,37.0
201911,경상남도,2,남자,9832,37.0
201911,경상남도,2,여자,9727,37.0
201911,경상남도,3,남자,7090,37.0
201911,경상남도,3,여자,7055,37.0
201911,경상북도,1,남자,4505,40.0
201911,경상북도,1,여자,4332,40.0
201911,경상북도,2,남자,6808,40.0
201911,경상북도,2,여자,6714,40.0
201911,경상북도,3,남자,4678,40.0
201911,경상북도,3,여자,4380,40.0
201911,광주광역시,1,남자,2374,43.0
201911,광주광역시,1,여자,2097,43.0
201911,광주광역시,2,남자,4340,43.0
201911,광주광역시,2,여자,4238,43.0
201911,광주광역시,3,남자,3116,43.0
201911,광주광역시,3,여자,3137,43.0
201911,대구광역시,1,남자,4456,41.0
201911,대구광역시,1,여자,4361,41.0
201911,대구광역시,2,남자,6990,41.0
201911,대구광역시,2,여자,7216,41.0
201911,대구광역시,3,남자,5218,41.0
201911,대구광역시,3,여자,5003,41.0
201911,대전광역시,1,남자,2469,43.0
201911,대전광역시,1,여자,2469,43.0
201911,대전광역시,2,남자,3809,43.0
201911,대전광역시,2,여자,3774,43.0
201911,대전광역시,3,남자,3222,43.0
201911,대전광역시,3,여자,3094,43.0
201911,부산광역시,1,남자,5485,35.0
201911,부산광역시,1,여자,5460,35.0
201911,부산광역시,2,남자,8011,35.0
201911,부산광역시,2,여자,8070,35.0
201911,부산광역시,3,남자,5725,35.0
201911,부산광역시,3,여자,5826,35.0
201911,서울특별시,1,남자,13548,40.0
201911,서울특별시,1,여자,12849,40.0
201911,서울특별시,2,남자,20584,40.0
201911,서울특별시,2,여자,19964,40.0
201911,서울특별시,3,남자,16259,40.0
201911,서울특별시,3,여자,15957,40.0
201911,세종특별자치시,1,남자,955,45.0
201911,세종특별자치시,1,여자,972,45.0
201911,세종특별자치시,2,남자,1495,45.0
201911,세종특별자치시,2,여자,1518,45.0
201911,세종특별자치시,3,남자,899,45.0
201911,세종특별자치시,3,여자,994,45.0
201911,울산광역시,1,남자,2473,34.0
201911,울산광역시,1,여자,2457,34.0
201911,울산광역시,2,남자,3668,34.0
201911,울산광역시,2,여자,3534,34.0
201911,울산광역시,3,남자,2271,34.0
201911,울산광역시,3,여자,2157,34.0
201911,인천광역시,1,남자,5094,41.0
201911,인천광역시,1,여자,4857,41.0
201911,인천광역시,2,남자,8072,41.0
201911,인천광역시,2,여자,7976,41.0
201911,인천광역시,3,남자,6451,41.0
201911,인천광역시,3,여자,6764,41.0
201911,전라남도,1,남자,2881,35.0
201911,전라남도,1,여자,2819,35.0
201911,전라남도,2,남자,4609,35.0
201911,전라남도,2,여자,4793,35.0
201911,전라남도,3,남자,3279,35.0
201911,전라남도,3,여자,3342,35.0
201911,전라북도,1,남자,2492,43.0
201911,전라북도,1,여자,2431,43.0
201911,전라북도,2,남자,4562,43.0
201911,전라북도,2,여자,4434,43.0
201911,전라북도,3,남자,3688,43.0
201911,전라북도,3,여자,3721,43.0
201911,제주특별자치도,1,남자,3850,40.0
201911,제주특별자치도,1,여자,3674,40.0
201911,제주특별자치도,2,남자,5864,40.0
201911,제주특별자치도,2,여자,5774,40.0
201911,제주특별자치도,3,남자,4317,40.0
201911,제주특별자치도,3,여자,4093,40.0
201911,충청남도,1,남자,3794,46.0
201911,충청남도,1,여자,3801,46.0
201911,충청남도,2,남자,6252,46.0
201911,충청남도,2,여자,6127,46.0
201911,충청남도,3,남자,4279,46.0
201911,충청남도,3,여자,4200,46.0
201911,충청북도,1,남자,2665,47.0
201911,충청북도,1,여자,2625,47.0
201911,충청북도,2,남자,4604,47.0
201911,충청북도,2,여자,4570,47.0
201911,충청북도,3,남자,3196,47.0
201911,충청북도,3,여자,2987,47.0
201912,경기도,1,남자,23437,47.0
201912,경기도,1,여자,22670,47.0
201912,경기도,2,남자,42698,47.0
201912,경기도,2,여자,41864,47.0
201912,경기도,3,남자,36008,47.0
201912,경기도,3,여자,34889,47.0
201912,경상남도,1,남자,5513,33.0
201912,경상남도,1,여자,5563,33.0
201912,경상남도,2,남자,10255,33.0
201912,경상남도,2,여자,10155,33.0
201912,경상남도,3,남자,7921,33.0
201912,경상남도,3,여자,7218,33.0
201912,경상북도,1,남자,4047,39.0
201912,경상북도,1,여자,3978,39.0
201912,경상북도,2,남자,6869,39.0
201912,경상북도,2,여자,6423,39.0
201912,경상북도,3,남자,5004,39.0
201912,경상북도,3,여자,4501,39.0
201912,광주광역시,1,남자,2034,33.0
201912,광주광역시,1,여자,2140,33.0
201912,광주광역시,2,남자,4404,33.0
201912,광주광역시,2,여자,4191,33.0
201912,광주광역시,3,남자,3618,33.0
201912,광주광역시,3,여자,3391,33.0
201912,대구광역시,1,남자,3703,42.0
201912,대구광역시,1,여자,3585,42.0
201912,대구광역시,2,남자,7059,42.0
201912,대구광역시,2,여자,7028,42.0
201912,대구광역시,3,남자,5634,42.0
201912,대구광역시,3,여자,5293,42.0
201912,대전광역시,1,남자,2375,40.0
201912,대전광역시,1,여자,2185,40.0
201912,대전광역시,2,남자,4394,40.0
201912,대전광역시,2,여자,4287,40.0
201912,대전광역시,3,남자,3492,40.0
201912,대전광역시,3,여자,3391,40.0
201912,부산광역시,1,남자,4869,35.0
201912,부산광역시,1,여자,4940,35.0
201912,부산광역시,2,남자,8338,35.0
201912,부산광역시,2,여자,8180,35.0
201912,부산광역시,3,남자,6431,35.0
201912,부산광역시,3,여자,5925,35.0
201912,서울특별시,1,남자,12213,42.0
201912,서울특별시,1,여자,11510,42.0
201912,서울특별시,2,남자,20957,42.0
201912,서울특별시,2,여자,20137,42.0
201912,서울특별시,3,남자,18252,42.0
201912,서울특별시,3,여자,16959,42.0
201912,세종특별자치시,1,남자,945,46.0
201912,세종특별자치시,1,여자,914,46.0
201912,세종특별자치시,2,남자,1477,46.0
201912,세종특별자치시,2,여자,1472,46.0
201912,세종특별자치시,3,남자,990,46.0
201912,세종특별자치시,3,여자,1064,46.0
201912,울산광역시,1,남자,2060,33.0
201912,울산광역시,1,여자,1918,33.0
201912,울산광역시,2,남자,3338,33.0
201912,울산광역시,2,여자,3141,33.0
201912,울산광역시,3,남자,2265,33.0
201912,울산광역시,3,여자,2067,33.0
201912,인천광역시,1,남자,4588,40.0
201912,인천광역시,1,여자,4517,40.0
201912,인천광역시,2,남자,8604,40.0
201912,인천광역시,2,여자,8530,40.0
201912,인천광역시,3,남자,7621,40.0
201912,인천광역시,3,여자,7166,40.0
201912,전라남도,1,남자,2658,28.0
201912,전라남도,1,여자,2616,28.0
201912,전라남도,2,남자,4669,28.0
201912,전라남도,2,여자,4764,28.0
201912,전라남도,3,남자,3486,28.0
201912,전라남도,3,여자,3295,28.0
201912,전라북도,1,남자,2324,36.0
201912,전라북도,1,여자,2150,36.0
201912,전라북도,2,남자,4990,36.0
201912,전라북도,2,여자,4872,36.0
201912,전라북도,3,남자,4432,36.0
201912,전라북도,3,여자,4206,36.0
201912,제주특별자치도,1,남자,3467,29.0
201912,제주특별자치도,1,여자,3389,29.0
201912,제주특별자치도,2,남자,6120,29.0
201912,제주특별자치도,2,여자,5921,29.0
201912,제주특별자치도,3,남자,4605,29.0
201912,제주특별자치도,3,여자,4348,29.0
201912,충청남도,1,남자,3339,42.0
201912,충청남도,1,여자,3354,42.0
201912,충청남도,2,남자,6329,42.0
201912,충청남도,2,여자,6258,42.0
201912,충청남도,3,남자,4593,42.0
201912,충청남도,3,여자,4429,42.0
201912,충청북도,1,남자,2485,46.0
201912,충청북도,1,여자,2441,46.0
201912,충청북도,2,남자,4450,46.0
201912,충청북도,2,여자,4315,46.0
201912,충청북도,3,남자,3366,46.0
201912,충청북도,3,여자,3166,46.0
202001,경기도,1,남자,18191,47.0
202001,경기도,1,여자,17300,47.0
202001,경기도,2,남자,27333,47.0
202001,경기도,2,여자,24795,47.0
202001,경기도,3,남자,20848,47.0
202001,경기도,3,여자,18456,47.0
202001,경상남도,1,남자,4380,29.0
202001,경상남도,1,여자,4223,29.0
202001,경상남도,2,남자,6630,29.0
202001,경상남도,2,여자,6037,29.0
202001,경상남도,3,남자,4971,29.0
202001,경상남도,3,여자,4168,29.0
202001,경상북도,1,남자,3014,34.0
202001,경상북도,1,여자,2836,34.0
202001,경상북도,2,남자,4540,34.0
202001,경상북도,2,여자,3848,34.0
202001,경상북도,3,남자,3308,34.0
202001,경상북도,3,여자,2752,34.0
202001,광주광역시,1,남자,1755,36.0
202001,광주광역시,1,여자,1750,36.0
202001,광주광역시,2,남자,3016,36.0
202001,광주광역시,2,여자,2685,36.0
202001,광주광역시,3,남자,2478,36.0
202001,광주광역시,3,여자,2219,36.0
202001,대구광역시,1,남자,2787,37.0
202001,대구광역시,1,여자,2711,37.0
202001,대구광역시,2,남자,4545,37.0
202001,대구광역시,2,여자,4065,37.0
202001,대구광역시,3,남자,3519,37.0
202001,대구광역시,3,여자,3091,37.0
202001,대전광역시,1,남자,1864,41.0
202001,대전광역시,1,여자,1741,41.0
202001,대전광역시,2,남자,3121,41.0
202001,대전광역시,2,여자,2745,41.0
202001,대전광역시,3,남자,2477,41.0
202001,대전광역시,3,여자,2195,41.0
202001,부산광역시,1,남자,3917,32.0
202001,부산광역시,1,여자,3622,32.0
202001,부산광역시,2,남자,5331,32.0
202001,부산광역시,2,여자,4777,32.0
202001,부산광역시,3,남자,3916,32.0
202001,부산광역시,3,여자,3433,32.0
202001,서울특별시,1,남자,9909,42.0
202001,서울특별시,1,여자,9322,42.0
202001,서울특별시,2,남자,12959,42.0
202001,서울특별시,2,여자,11664,42.0
202001,서울특별시,3,남자,10570,42.0
202001,서울특별시,3,여자,9231,42.0
202001,세종특별자치시,1,남자,731,47.0
202001,세종특별자치시,1,여자,722,47.0
202001,세종특별자치시,2,남자,1115,47.0
202001,세종특별자치시,2,여자,949,47.0
202001,세종특별자치시,3,남자,780,47.0
202001,세종특별자치시,3,여자,697,47.0
202001,울산광역시,1,남자,1631,30.0
202001,울산광역시,1,여자,1554,30.0
202001,울산광역시,2,남자,2303,30.0
202001,울산광역시,2,여자,1983,30.0
202001,울산광역시,3,남자,1644,30.0
202001,울산광역시,3,여자,1309,30.0
202001,인천광역시,1,남자,3611,42.0
202001,인천광역시,1,여자,3336,42.0
202001,인천광역시,2,남자,5601,42.0
202001,인천광역시,2,여자,5149,42.0
202001,인천광역시,3,남자,4440,42.0
202001,인천광역시,3,여자,3987,42.0
202001,전라남도,1,남자,2274,31.0
202001,전라남도,1,여자,2211,31.0
202001,전라남도,2,남자,3504,31.0
202001,전라남도,2,여자,3268,31.0
202001,전라남도,3,남자,2417,31.0
202001,전라남도,3,여자,2149,31.0
202001,전라북도,1,남자,1924,40.0
202001,전라북도,1,여자,1788,40.0
202001,전라북도,2,남자,3127,40.0
202001,전라북도,2,여자,2865,40.0
202001,전라북도,3,남자,2569,40.0
202001,전라북도,3,여자,2202,40.0
202001,제주특별자치도,1,남자,2938,31.0
202001,제주특별자치도,1,여자,2782,31.0
202001,제주특별자치도,2,남자,4431,31.0
202001,제주특별자치도,2,여자,4038,31.0
202001,제주특별자치도,3,남자,3208,31.0
202001,제주특별자치도,3,여자,2795,31.0
202001,충청남도,1,남자,2856,45.0
202001,충청남도,1,여자,2731,45.0
202001,충청남도,2,남자,4609,45.0
202001,충청남도,2,여자,4092,45.0
202001,충청남도,3,남자,3333,45.0
202001,충청남도,3,여자,2773,45.0
202001,충청북도,1,남자,2290,46.0
202001,충청북도,1,여자,2104,46.0
202001,충청북도,2,남자,3268,46.0
202001,충청북도,2,여자,2952,46.0
202001,충청북도,3,남자,2303,46.0
202001,충청북도,3,여자,2143,46.0
202002,경기도,1,남자,12837,44.0
202002,경기도,1,여자,12230,44.0
202002,경기도,2,남자,15456,44.0
202002,경기도,2,여자,13022,44.0
202002,경기도,3,남자,8355,44.0
202002,경기도,3,여자,7191,44.0
202002,경상남도,1,남자,3982,32.0
202002,경상남도,1,여자,3651,32.0
202002,경상남도,2,남자,6373,32.0
202002,경상남도,2,여자,5679,32.0
202002,경상남도,3,남자,3448,32.0
202002,경상남도,3,여자,2943,32.0
202002,경상북도,1,남자,2558,35.0
202002,경상북도,1,여자,2427,35.0
202002,경상북도,2,남자,3372,35.0
202002,경상북도,2,여자,2851,35.0
202002,경상북도,3,남자,1747,35.0
202002,경상북도,3,여자,1548,35.0
202002,광주광역시,1,남자,1246,32.0
202002,광주광역시,1,여자,1162,32.0
202002,광주광역시,2,남자,1689,32.0
202002,광주광역시,2,여자,1527,32.0
202002,광주광역시,3,남자,1138,32.0
202002,광주광역시,3,여자,953,32.0
202002,대구광역시,1,남자,2362,38.0
202002,대구광역시,1,여자,2342,38.0
202002,대구광역시,2,남자,3881,38.0
202002,대구광역시,2,여자,3413,38.0
202002,대구광역시,3,남자,2117,38.0
202002,대구광역시,3,여자,1731,38.0
202002,대전광역시,1,남자,1524,38.0
202002,대전광역시,1,여자,1522,38.0
202002,대전광역시,2,남자,2316,38.0
202002,대전광역시,2,여자,2005,38.0
202002,대전광역시,3,남자,1292,38.0
202002,대전광역시,3,여자,1123,38.0
202002,부산광역시,1,남자,3169,34.0
202002,부산광역시,1,여자,2944,34.0
202002,부산광역시,2,남자,4715,34.0
202002,부산광역시,2,여자,4164,34.0
202002,부산광역시,3,남자,2583,34.0
202002,부산광역시,3,여자,2356,34.0
202002,서울특별시,1,남자,7202,41.0
202002,서울특별시,1,여자,6476,41.0
202002,서울특별시,2,남자,9917,41.0
202002,서울특별시,2,여자,8677,41.0
202002,서울특별시,3,남자,6313,41.0
202002,서울특별시,3,여자,5422,41.0
202002,세종특별자치시,1,남자,572,43.0
202002,세종특별자치시,1,여자,583,43.0
202002,세종특별자치시,2,남자,643,43.0
202002,세종특별자치시,2,여자,570,43.0
202002,세종특별자치시,3,남자,314,43.0
202002,세종특별자치시,3,여자,273,43.0
202002,울산광역시,1,남자,1412,31.0
202002,울산광역시,1,여자,1311,31.0
202002,울산광역시,2,남자,2002,31.0
202002,울산광역시,2,여자,1727,31.0
202002,울산광역시,3,남자,948,31.0
202002,울산광역시,3,여자,804,31.0
202002,인천광역시,1,남자,2681,37.0
202002,인천광역시,1,여자,2472,37.0
202002,인천광역시,2,남자,3570,37.0
202002,인천광역시,2,여자,3088,37.0
202002,인천광역시,3,남자,2253,37.0
202002,인천광역시,3,여자,1997,37.0
202002,전라남도,1,남자,1860,31.0
202002,전라남도,1,여자,1769,31.0
202002,전라남도,2,남자,2347,31.0
202002,전라남도,2,여자,2090,31.0
202002,전라남도,3,남자,1272,31.0
202002,전라남도,3,여자,1160,31.0
202002,전라북도,1,남자,1589,36.0
202002,전라북도,1,여자,1498,36.0
202002,전라북도,2,남자,2286,36.0
202002,전라북도,2,여자,2027,36.0
202002,전라북도,3,남자,1407,36.0
202002,전라북도,3,여자,1285,36.0
202002,제주특별자치도,1,남자,2227,34.0
202002,제주특별자치도,1,여자,2129,34.0
202002,제주특별자치도,2,남자,2757,34.0
202002,제주특별자치도,2,여자,2310,34.0
202002,제주특별자치도,3,남자,1654,34.0
202002,제주특별자치도,3,여자,1308,34.0
202002,충청남도,1,남자,2303,44.0
202002,충청남도,1,여자,2190,44.0
202002,충청남도,2,남자,2720,44.0
202002,충청남도,2,여자,2433,44.0
202002,충청남도,3,남자,1437,44.0
202002,충청남도,3,여자,1271,44.0
202002,충청북도,1,남자,1647,42.0
202002,충청북도,1,여자,1574,42.0
202002,충청북도,2,남자,1999,42.0
202002,충청북도,2,여자,1734,42.0
202002,충청북도,3,남자,1061,42.0
202002,충청북도,3,여자,1044,42.0
202003,경기도,1,남자,9805,49.0
202003,경기도,1,여자,8748,49.0
202003,경기도,2,남자,13708,49.0
202003,경기도,2,여자,10252,49.0
202003,경기도,3,남자,6937,49.0
202003,경기도,3,여자,5558,49.0
202003,경상남도,1,남자,1830,31.0
202003,경상남도,1,여자,1537,31.0
202003,경상남도,2,남자,3246,31.0
202003,경상남도,2,여자,2225,31.0
202003,경상남도,3,남자,1935,31.0
202003,경상남도,3,여자,1306,31.0
202003,경상북도,1,남자,1048,36.0
202003,경상북도,1,여자,977,36.0
202003,경상북도,2,남자,1920,36.0
202003,경상북도,2,여자,1407,36.0
202003,경상북도,3,남자,1044,36.0
202003,경상북도,3,여자,722,36.0
202003,광주광역시,1,남자,1090,35.0
202003,광주광역시,1,여자,998,35.0
202003,광주광역시,2,남자,1691,35.0
202003,광주광역시,2,여자,1249,35.0
202003,광주광역시,3,남자,1028,35.0
202003,광주광역시,3,여자,769,35.0
202003,대구광역시,1,남자,978,38.0
202003,대구광역시,1,여자,889,38.0
202003,대구광역시,2,남자,1888,38.0
202003,대구광역시,2,여자,1506,38.0
202003,대구광역시,3,남자,1127,38.0
202003,대구광역시,3,여자,831,38.0
202003,대전광역시,1,남자,868,40.0
202003,대전광역시,1,여자,744,40.0
202003,대전광역시,2,남자,1448,40.0
202003,대전광역시,2,여자,1124,40.0
202003,대전광역시,3,남자,897,40.0
202003,대전광역시,3,여자,679,40.0
202003,부산광역시,1,남자,1453,33.0
202003,부산광역시,1,여자,1329,33.0
202003,부산광역시,2,남자,2750,33.0
202003,부산광역시,2,여자,1906,33.0
202003,부산광역시,3,남자,1610,33.0
202003,부산광역시,3,여자,1108,33.0
202003,서울특별시,1,남자,4319,45.0
202003,서울특별시,1,여자,3713,45.0
202003,서울특별시,2,남자,6585,45.0
202003,서울특별시,2,여자,4843,45.0
202003,서울특별시,3,남자,4203,45.0
202003,서울특별시,3,여자,3142,45.0
202003,세종특별자치시,1,남자,391,47.0
202003,세종특별자치시,1,여자,336,47.0
202003,세종특별자치시,2,남자,537,47.0
202003,세종특별자치시,2,여자,450,47.0
202003,세종특별자치시,3,남자,260,47.0
202003,세종특별자치시,3,여자,230,47.0
202003,울산광역시,1,남자,614,34.0
202003,울산광역시,1,여자,483,34.0
202003,울산광역시,2,남자,1124,34.0
202003,울산광역시,2,여자,735,34.0
202003,울산광역시,3,남자,596,34.0
202003,울산광역시,3,여자,429,34.0
202003,인천광역시,1,남자,1820,41.0
202003,인천광역시,1,여자,1656,41.0
202003,인천광역시,2,남자,2737,41.0
202003,인천광역시,2,여자,2119,41.0
202003,인천광역시,3,남자,1554,41.0
202003,인천광역시,3,여자,1275,41.0
202003,전라남도,1,남자,1318,31.0
202003,전라남도,1,여자,1223,31.0
202003,전라남도,2,남자,1779,31.0
202003,전라남도,2,여자,1307,31.0
202003,전라남도,3,남자,1009,31.0
202003,전라남도,3,여자,734,31.0
202003,전라북도,1,남자,1380,41.0
202003,전라북도,1,여자,1256,41.0
202003,전라북도,2,남자,1892,41.0
202003,전라북도,2,여자,1427,41.0
202003,전라북도,3,남자,1033,41.0
202003,전라북도,3,여자,794,41.0
202003,제주특별자치도,1,남자,1454,35.0
202003,제주특별자치도,1,여자,1277,35.0
202003,제주특별자치도,2,남자,2059,35.0
202003,제주특별자치도,2,여자,1620,35.0
202003,제주특별자치도,3,남자,1135,35.0
202003,제주특별자치도,3,여자,905,35.0
202003,충청남도,1,남자,1598,48.0
202003,충청남도,1,여자,1469,48.0
202003,충청남도,2,남자,2164,48.0
202003,충청남도,2,여자,1737,48.0
202003,충청남도,3,남자,1084,48.0
202003,충청남도,3,여자,830,48.0
202003,충청북도,1,남자,1088,43.0
202003,충청북도,1,여자,959,43.0
202003,충청북도,2,남자,1514,43.0
202003,충청북도,2,여자,1233,43.0
202003,충청북도,3,남자,816,43.0
202003,충청북도,3,여자,596,43.0
202004,경기도,1,남자,19161,47.0
202004,경기도,1,여자,16810,47.0
202004,경기도,2,남자,18228,47.0
202004,경기도,2,여자,12995,47.0
202004,경기도,3,남자,7648,47.0
202004,경기도,3,여자,5692,47.0
202004,경상남도,1,남자,3848,33.0
202004,경상남도,1,여자,3218,33.0
202004,경상남도,2,남자,4386,33.0
202004,경상남도,2,여자,2970,33.0
202004,경상남도,3,남자,1888,33.0
202004,경상남도,3,여자,1330,33.0
202004,경상북도,1,남자,2252,38.0
202004,경상북도,1,여자,1738,38.0
202004,경상북도,2,남자,3147,38.0
202004,경상북도,2,여자,2032,38.0
202004,경상북도,3,남자,1286,38.0
202004,경상북도,3,여자,872,38.0
202004,광주광역시,1,남자,3411,38.0
202004,광주광역시,1,여자,3084,38.0
202004,광주광역시,2,남자,2180,38.0
202004,광주광역시,2,여자,1677,38.0
202004,광주광역시,3,남자,849,38.0
202004,광주광역시,3,여자,663,38.0
202004,대구광역시,1,남자,2148,39.0
202004,대구광역시,1,여자,1634,39.0
202004,대구광역시,2,남자,3438,39.0
202004,대구광역시,2,여자,2219,39.0
202004,대구광역시,3,남자,1473,39.0
202004,대구광역시,3,여자,995,39.0
202004,대전광역시,1,남자,1796,41.0
202004,대전광역시,1,여자,1475,41.0
202004,대전광역시,2,남자,2112,41.0
202004,대전광역시,2,여자,1445,41.0
202004,대전광역시,3,남자,991,41.0
202004,대전광역시,3,여자,720,41.0
202004,부산광역시,1,남자,2792,36.0
202004,부산광역시,1,여자,2363,36.0
202004,부산광역시,2,남자,3558,36.0
202004,부산광역시,2,여자,2338,36.0
202004,부산광역시,3,남자,1592,36.0
202004,부산광역시,3,여자,1063,36.0
202004,서울특별시,1,남자,7734,44.0
202004,서울특별시,1,여자,6297,44.0
202004,서울특별시,2,남자,9591,44.0
202004,서울특별시,2,여자,6231,44.0
202004,서울특별시,3,남자,4892,44.0
202004,서울특별시,3,여자,3150,44.0
202004,세종특별자치시,1,남자,876,44.0
202004,세종특별자치시,1,여자,790,44.0
202004,세종특별자치시,2,남자,874,44.0
202004,세종특별자치시,2,여자,603,44.0
202004,세종특별자치시,3,남자,318,44.0
202004,세종특별자치시,3,여자,225,44.0
202004,울산광역시,1,남자,1239,36.0
202004,울산광역시,1,여자,949,36.0
202004,울산광역시,2,남자,1566,36.0
202004,울산광역시,2,여자,1013,36.0
202004,울산광역시,3,남자,636,36.0
202004,울산광역시,3,여자,446,36.0
202004,인천광역시,1,남자,3412,39.0
202004,인천광역시,1,여자,3023,39.0
202004,인천광역시,2,남자,3130,39.0
202004,인천광역시,2,여자,2439,39.0
202004,인천광역시,3,남자,1542,39.0
202004,인천광역시,3,여자,1213,39.0
202004,전라남도,1,남자,3953,34.0
202004,전라남도,1,여자,3640,34.0
202004,전라남도,2,남자,2248,34.0
202004,전라남도,2,여자,1845,34.0
202004,전라남도,3,남자,826,34.0
202004,전라남도,3,여자,633,34.0
202004,전라북도,1,남자,3209,41.0
202004,전라북도,1,여자,2899,41.0
202004,전라북도,2,남자,2539,41.0
202004,전라북도,2,여자,1974,41.0
202004,전라북도,3,남자,972,41.0
202004,전라북도,3,여자,744,41.0
202004,제주특별자치도,1,남자,4206,41.0
202004,제주특별자치도,1,여자,3730,41.0
202004,제주특별자치도,2,남자,2893,41.0
202004,제주특별자치도,2,여자,2290,41.0
202004,제주특별자치도,3,남자,1202,41.0
202004,제주특별자치도,3,여자,926,41.0
202004,충청남도,1,남자,3831,45.0
202004,충청남도,1,여자,3518,45.0
202004,충청남도,2,남자,3011,45.0
202004,충청남도,2,여자,2273,45.0
202004,충청남도,3,남자,1156,45.0
202004,충청남도,3,여자,866,45.0
202004,충청북도,1,남자,2619,43.0
202004,충청북도,1,여자,2209,43.0
202004,충청북도,2,남자,2280,43.0
202004,충청북도,2,여자,1663,43.0
202004,충청북도,3,남자,890,43.0
202004,충청북도,3,여자,688,43.0
202005,경기도,1,남자,53803,38.0
202005,경기도,1,여자,48600,38.0
202005,경기도,2,남자,33066,38.0
202005,경기도,2,여자,25826,38.0
202005,경기도,3,남자,12883,38.0
202005,경기도,3,여자,9423,38.0
202005,경상남도,1,남자,12089,32.0
202005,경상남도,1,여자,11125,32.0
202005,경상남도,2,남자,6945,32.0
202005,경상남도,2,여자,5359,32.0
202005,경상남도,3,남자,2458,32.0
202005,경상남도,3,여자,1911,32.0
202005,경상북도,1,남자,6100,33.0
202005,경상북도,1,여자,5217,33.0
202005,경상북도,2,남자,4011,33.0
202005,경상북도,2,여자,2875,33.0
202005,경상북도,3,남자,1695,33.0
202005,경상북도,3,여자,1154,33.0
202005,광주광역시,1,남자,5716,31.0
202005,광주광역시,1,여자,5248,31.0
202005,광주광역시,2,남자,4020,31.0
202005,광주광역시,2,여자,3309,31.0
202005,광주광역시,3,남자,1362,31.0
202005,광주광역시,3,여자,1083,31.0
202005,대구광역시,1,남자,3704,38.0
202005,대구광역시,1,여자,3042,38.0
202005,대구광역시,2,남자,3736,38.0
202005,대구광역시,2,여자,2603,38.0
202005,대구광역시,3,남자,1744,38.0
202005,대구광역시,3,여자,1306,38.0
202005,대전광역시,1,남자,5735,32.0
202005,대전광역시,1,여자,5345,32.0
202005,대전광역시,2,남자,3560,32.0
202005,대전광역시,2,여자,2793,32.0
202005,대전광역시,3,남자,1439,32.0
202005,대전광역시,3,여자,1020,32.0
202005,부산광역시,1,남자,8943,32.0
202005,부산광역시,1,여자,7987,32.0
202005,부산광역시,2,남자,4702,32.0
202005,부산광역시,2,여자,3668,32.0
202005,부산광역시,3,남자,1807,32.0
202005,부산광역시,3,여자,1455,32.0
202005,서울특별시,1,남자,24698,35.0
202005,서울특별시,1,여자,21926,35.0
202005,서울특별시,2,남자,16186,35.0
202005,서울특별시,2,여자,11835,35.0
202005,서울특별시,3,남자,7483,35.0
202005,서울특별시,3,여자,5154,35.0
202005,세종특별자치시,1,남자,2633,34.0
202005,세종특별자치시,1,여자,2472,34.0
202005,세종특별자치시,2,남자,1355,34.0
202005,세종특별자치시,2,여자,1074,34.0
202005,세종특별자치시,3,남자,437,34.0
202005,세종특별자치시,3,여자,369,34.0
202005,울산광역시,1,남자,4511,36.0
202005,울산광역시,1,여자,4021,36.0
202005,울산광역시,2,남자,2202,36.0
202005,울산광역시,2,여자,1718,36.0
202005,울산광역시,3,남자,815,36.0
202005,울산광역시,3,여자,594,36.0
202005,인천광역시,1,남자,9679,31.0
202005,인천광역시,1,여자,8580,31.0
202005,인천광역시,2,남자,6109,31.0
202005,인천광역시,2,여자,4689,31.0
202005,인천광역시,3,남자,2437,31.0
202005,인천광역시,3,여자,1965,31.0
202005,전라남도,1,남자,6281,29.0
202005,전라남도,1,여자,5960,29.0
202005,전라남도,2,남자,4243,29.0
202005,전라남도,2,여자,3529,29.0
202005,전라남도,3,남자,1423,29.0
202005,전라남도,3,여자,1141,29.0
202005,전라북도,1,남자,4574,34.0
202005,전라북도,1,여자,4211,34.0
202005,전라북도,2,남자,4109,34.0
202005,전라북도,2,여자,3246,34.0
202005,전라북도,3,남자,1708,34.0
202005,전라북도,3,여자,1251,34.0
202005,제주특별자치도,1,남자,7273,36.0
202005,제주특별자치도,1,여자,6553,36.0
202005,제주특별자치도,2,남자,5325,36.0
202005,제주특별자치도,2,여자,4258,36.0
202005,제주특별자치도,3,남자,2342,36.0
202005,제주특별자치도,3,여자,1676,36.0
202005,충청남도,1,남자,9826,35.0
202005,충청남도,1,여자,9182,35.0
202005,충청남도,2,남자,5538,35.0
202005,충청남도,2,여자,4401,35.0
202005,충청남도,3,남자,1840,35.0
202005,충청남도,3,여자,1425,35.0
202005,충청북도,1,남자,6054,33.0
202005,충청북도,1,여자,5568,33.0
202005,충청북도,2,남자,3675,33.0
202005,충청북도,2,여자,2900,33.0
202005,충청북도,3,남자,1333,33.0
202005,충청북도,3,여자,1047,33.0
202006,경기도,1,남자,30102,41.0
202006,경기도,1,여자,28494,41.0
202006,경기도,2,남자,24466,41.0
202006,경기도,2,여자,21565,41.0
202006,경기도,3,남자,12270,41.0
202006,경기도,3,여자,9668,41.0
202006,경상남도,1,남자,9405,29.0
202006,경상남도,1,여자,9038,29.0
202006,경상남도,2,남자,7354,29.0
202006,경상남도,2,여자,6563,29.0
202006,경상남도,3,남자,2861,29.0
202006,경상남도,3,여자,2386,29.0
202006,경상북도,1,남자,8215,32.0
202006,경상북도,1,여자,7763,32.0
202006,경상북도,2,남자,4627,32.0
202006,경상북도,2,여자,4182,32.0
202006,경상북도,3,남자,1899,32.0
202006,경상북도,3,여자,1535,32.0
202006,광주광역시,1,남자,2672,31.0
202006,광주광역시,1,여자,2431,31.0
202006,광주광역시,2,남자,3515,31.0
202006,광주광역시,2,여자,2990,31.0
202006,광주광역시,3,남자,1848,31.0
202006,광주광역시,3,여자,1380,31.0
202006,대구광역시,1,남자,7843,35.0
202006,대구광역시,1,여자,7531,35.0
202006,대구광역시,2,남자,3895,35.0
202006,대구광역시,2,여자,3450,35.0
202006,대구광역시,3,남자,1832,35.0
202006,대구광역시,3,여자,1463,35.0
202006,대전광역시,1,남자,3342,34.0
202006,대전광역시,1,여자,3219,34.0
202006,대전광역시,2,남자,3195,34.0
202006,대전광역시,2,여자,2864,34.0
202006,대전광역시,3,남자,1705,34.0
202006,대전광역시,3,여자,1376,34.0
202006,부산광역시,1,남자,10746,27.0
202006,부산광역시,1,여자,10293,27.0
202006,부산광역시,2,남자,7289,27.0
202006,부산광역시,2,여자,6667,27.0
202006,부산광역시,3,남자,2444,27.0
202006,부산광역시,3,여자,2133,27.0
202006,서울특별시,1,남자,15096,36.0
202006,서울특별시,1,여자,14098,36.0
202006,서울특별시,2,남자,11023,36.0
202006,서울특별시,2,여자,9512,36.0
202006,서울특별시,3,남자,5313,36.0
202006,서울특별시,3,여자,4445,36.0
202006,세종특별자치시,1,남자,1471,37.0
202006,세종특별자치시,1,여자,1436,37.0
202006,세종특별자치시,2,남자,1178,37.0
202006,세종특별자치시,2,여자,1063,37.0
202006,세종특별자치시,3,남자,619,37.0
202006,세종특별자치시,3,여자,529,37.0
202006,울산광역시,1,남자,3994,32.0
202006,울산광역시,1,여자,3794,32.0
202006,울산광역시,2,남자,2748,32.0
202006,울산광역시,2,여자,2520,32.0
202006,울산광역시,3,남자,899,32.0
202006,울산광역시,3,여자,783,32.0
202006,인천광역시,1,남자,5539,32.0
202006,인천광역시,1,여자,5077,32.0
202006,인천광역시,2,남자,4684,32.0
202006,인천광역시,2,여자,4110,32.0
202006,인천광역시,3,남자,2557,32.0
202006,인천광역시,3,여자,2167,32.0
202006,전라남도,1,남자,3513,26.0
202006,전라남도,1,여자,3301,26.0
202006,전라남도,2,남자,3941,26.0
202006,전라남도,2,여자,3573,26.0
202006,전라남도,3,남자,1826,26.0
202006,전라남도,3,여자,1489,26.0
202006,전라북도,1,남자,2921,36.0
202006,전라북도,1,여자,2828,36.0
202006,전라북도,2,남자,3987,36.0
202006,전라북도,2,여자,3605,36.0
202006,전라북도,3,남자,2112,36.0
202006,전라북도,3,여자,1699,36.0
202006,제주특별자치도,1,남자,4261,27.0
202006,제주특별자치도,1,여자,4104,27.0
202006,제주특별자치도,2,남자,4194,27.0
202006,제주특별자치도,2,여자,3809,27.0
202006,제주특별자치도,3,남자,2320,27.0
202006,제주특별자치도,3,여자,1915,27.0
202006,충청남도,1,남자,5211,35.0
202006,충청남도,1,여자,4984,35.0
202006,충청남도,2,남자,5198,35.0
202006,충청남도,2,여자,4780,35.0
202006,충청남도,3,남자,2380,35.0
202006,충청남도,3,여자,2077,35.0
202006,충청북도,1,남자,3897,36.0
202006,충청북도,1,여자,3792,36.0
202006,충청북도,2,남자,3239,36.0
202006,충청북도,2,여자,3096,36.0
202006,충청북도,3,남자,1388,36.0
202006,충청북도,3,여자,1160,36.0
202007,경기도,1,남자,19734,23.0
202007,경기도,1,여자,18625,23.0
202007,경기도,2,남자,24661,23.0
202007,경기도,2,여자,22392,23.0
202007,경기도,3,남자,10479,23.0
202007,경기도,3,여자,8661,23.0
202007,경상남도,1,남자,4391,20.0
202007,경상남도,1,여자,4088,20.0
202007,경상남도,2,남자,6658,20.0
202007,경상남도,2,여자,5804,20.0
202007,경상남도,3,남자,2938,20.0
202007,경상남도,3,여자,2438,20.0
202007,경상북도,1,남자,3814,18.0
202007,경상북도,1,여자,3502,18.0
202007,경상북도,2,남자,5522,18.0
202007,경상북도,2,여자,4911,18.0
202007,경상북도,3,남자,2224,18.0
202007,경상북도,3,여자,1793,18.0
202007,광주광역시,1,남자,989,15.0
202007,광주광역시,1,여자,924,15.0
202007,광주광역시,2,남자,1966,15.0
202007,광주광역시,2,여자,1673,15.0
202007,광주광역시,3,남자,1040,15.0
202007,광주광역시,3,여자,922,15.0
202007,대구광역시,1,남자,5304,22.0
202007,대구광역시,1,여자,5122,22.0
202007,대구광역시,2,남자,6643,22.0
202007,대구광역시,2,여자,6064,22.0
202007,대구광역시,3,남자,2028,22.0
202007,대구광역시,3,여자,1751,22.0
202007,대전광역시,1,남자,1240,16.0
202007,대전광역시,1,여자,1141,16.0
202007,대전광역시,2,남자,2016,16.0
202007,대전광역시,2,여자,1812,16.0
202007,대전광역시,3,남자,1140,16.0
202007,대전광역시,3,여자,1010,16.0
202007,부산광역시,1,남자,3718,18.0
202007,부산광역시,1,여자,3643,18.0
202007,부산광역시,2,남자,5878,18.0
202007,부산광역시,2,여자,5203,18.0
202007,부산광역시,3,남자,2818,18.0
202007,부산광역시,3,여자,2283,18.0
202007,서울특별시,1,남자,9998,21.0
202007,서울특별시,1,여자,9083,21.0
202007,서울특별시,2,남자,11776,21.0
202007,서울특별시,2,여자,10594,21.0
202007,서울특별시,3,남자,4834,21.0
202007,서울특별시,3,여자,4006,21.0
202007,세종특별자치시,1,남자,891,17.0
202007,세종특별자치시,1,여자,849,17.0
202007,세종특별자치시,2,남자,1091,17.0
202007,세종특별자치시,2,여자,1013,17.0
202007,세종특별자치시,3,남자,485,17.0
202007,세종특별자치시,3,여자,415,17.0
202007,울산광역시,1,남자,1571,20.0
202007,울산광역시,1,여자,1590,20.0
202007,울산광역시,2,남자,2824,20.0
202007,울산광역시,2,여자,2532,20.0
202007,울산광역시,3,남자,1162,20.0
202007,울산광역시,3,여자,946,20.0
202007,인천광역시,1,남자,4680,21.0
202007,인천광역시,1,여자,4351,21.0
202007,인천광역시,2,남자,5809,21.0
202007,인천광역시,2,여자,5218,21.0
202007,인천광역시,3,남자,2292,21.0
202007,인천광역시,3,여자,1978,21.0
202007,전라남도,1,남자,2082,17.0
202007,전라남도,1,여자,1950,17.0
202007,전라남도,2,남자,3315,17.0
202007,전라남도,2,여자,3234,17.0
202007,전라남도,3,남자,1905,17.0
202007,전라남도,3,여자,1603,17.0
202007,전라북도,1,남자,1914,18.0
202007,전라북도,1,여자,1893,18.0
202007,전라북도,2,남자,3902,18.0
202007,전라북도,2,여자,3569,18.0
202007,전라북도,3,남자,2240,18.0
202007,전라북도,3,여자,1785,18.0
202007,제주특별자치도,1,남자,3105,20.0
202007,제주특별자치도,1,여자,3001,20.0
202007,제주특별자치도,2,남자,4909,20.0
202007,제주특별자치도,2,여자,4455,20.0
202007,제주특별자치도,3,남자,2427,20.0
202007,제주특별자치도,3,여자,2104,20.0
202007,충청남도,1,남자,3234,22.0
202007,충청남도,1,여자,3162,22.0
202007,충청남도,2,남자,4862,22.0
202007,충청남도,2,여자,4585,22.0
202007,충청남도,3,남자,2050,22.0
202007,충청남도,3,여자,1891,22.0
202007,충청북도,1,남자,2367,18.0
202007,충청북도,1,여자,2200,18.0
202007,충청북도,2,남자,3212,18.0
202007,충청북도,2,여자,2941,18.0
202007,충청북도,3,남자,1271,18.0
202007,충청북도,3,여자,1107,18.0
202008,경기도,1,남자,16592,24.0
202008,경기도,1,여자,15345,24.0
202008,경기도,2,남자,22785,24.0
202008,경기도,2,여자,18736,24.0
202008,경기도,3,남자,10318,24.0
202008,경기도,3,여자,8117,24.0
202008,경상남도,1,남자,3951,29.0
202008,경상남도,1,여자,3666,29.0
202008,경상남도,2,남자,6029,29.0
202008,경상남도,2,여자,5043,29.0
202008,경상남도,3,남자,2914,29.0
202008,경상남도,3,여자,2194,29.0
202008,경상북도,1,남자,2903,23.0
202008,경상북도,1,여자,2671,23.0
202008,경상북도,2,남자,4090,23.0
202008,경상북도,2,여자,3442,23.0
202008,경상북도,3,남자,2030,23.0
202008,경상북도,3,여자,1504,23.0
202008,광주광역시,1,남자,2263,22.0
202008,광주광역시,1,여자,2094,22.0
202008,광주광역시,2,남자,2569,22.0
202008,광주광역시,2,여자,2248,22.0
202008,광주광역시,3,남자,1117,22.0
202008,광주광역시,3,여자,867,22.0
202008,대구광역시,1,남자,2695,25.0
202008,대구광역시,1,여자,2624,25.0
202008,대구광역시,2,남자,4504,25.0
202008,대구광역시,2,여자,3853,25.0
202008,대구광역시,3,남자,1954,25.0
202008,대구광역시,3,여자,1622,25.0
202008,대전광역시,1,남자,2775,20.0
202008,대전광역시,1,여자,2726,20.0
202008,대전광역시,2,남자,3390,20.0
202008,대전광역시,2,여자,2965,20.0
202008,대전광역시,3,남자,1451,20.0
202008,대전광역시,3,여자,1082,20.0
202008,부산광역시,1,남자,3296,31.0
202008,부산광역시,1,여자,3135,31.0
202008,부산광역시,2,남자,4787,31.0
202008,부산광역시,2,여자,3882,31.0
202008,부산광역시,3,남자,2324,31.0
202008,부산광역시,3,여자,1680,31.0
202008,서울특별시,1,남자,8114,23.0
202008,서울특별시,1,여자,7231,23.0
202008,서울특별시,2,남자,11103,23.0
202008,서울특별시,2,여자,9242,23.0
202008,서울특별시,3,남자,5516,23.0
202008,서울특별시,3,여자,4351,23.0
202008,세종특별자치시,1,남자,937,20.0
202008,세종특별자치시,1,여자,872,20.0
202008,세종특별자치시,2,남자,1207,20.0
202008,세종특별자치시,2,여자,1076,20.0
202008,세종특별자치시,3,남자,494,20.0
202008,세종특별자치시,3,여자,397,20.0
202008,울산광역시,1,남자,1410,28.0
202008,울산광역시,1,여자,1328,28.0
202008,울산광역시,2,남자,1913,28.0
202008,울산광역시,2,여자,1559,28.0
202008,울산광역시,3,남자,969,28.0
202008,울산광역시,3,여자,754,28.0
202008,인천광역시,1,남자,3361,24.0
202008,인천광역시,1,여자,3026,24.0
202008,인천광역시,2,남자,4621,24.0
202008,인천광역시,2,여자,3762,24.0
202008,인천광역시,3,남자,2080,24.0
202008,인천광역시,3,여자,1768,24.0
202008,전라남도,1,남자,2266,28.0
202008,전라남도,1,여자,2003,28.0
202008,전라남도,2,남자,2974,28.0
202008,전라남도,2,여자,2539,28.0
202008,전라남도,3,남자,1407,28.0
202008,전라남도,3,여자,1119,28.0
202008,전라북도,1,남자,2143,22.0
202008,전라북도,1,여자,1928,22.0
202008,전라북도,2,남자,3511,22.0
202008,전라북도,2,여자,3102,22.0
202008,전라북도,3,남자,1904,22.0
202008,전라북도,3,여자,1462,22.0
202008,제주특별자치도,1,남자,2661,29.0
202008,제주특별자치도,1,여자,2559,29.0
202008,제주특별자치도,2,남자,3828,29.0
202008,제주특별자치도,2,여자,3264,29.0
202008,제주특별자치도,3,남자,1978,29.0
202008,제주특별자치도,3,여자,1555,29.0
202008,충청남도,1,남자,2951,24.0
202008,충청남도,1,여자,2657,24.0
202008,충청남도,2,남자,4124,24.0
202008,충청남도,2,여자,3386,24.0
202008,충청남도,3,남자,1953,24.0
202008,충청남도,3,여자,1548,24.0
202008,충청북도,1,남자,2264,21.0
202008,충청북도,1,여자,2154,21.0
202008,충청북도,2,남자,3048,21.0
202008,충청북도,2,여자,2702,21.0
202008,충청북도,3,남자,1328,21.0
202008,충청북도,3,여자,1055,21.0
202009,경기도,1,남자,15320,22.0
202009,경기도,1,여자,12709,22.0
202009,경기도,2,남자,35192,22.0
202009,경기도,2,여자,23896,22.0
202009,경기도,3,남자,26174,22.0
202009,경기도,3,여자,17591,22.0
202009,경상남도,1,남자,4252,24.0
202009,경상남도,1,여자,3682,24.0
202009,경상남도,2,남자,8822,24.0
202009,경상남도,2,여자,6252,24.0
202009,경상남도,3,남자,6482,24.0
202009,경상남도,3,여자,4331,24.0
202009,경상북도,1,남자,3975,22.0
202009,경상북도,1,여자,3594,22.0
202009,경상북도,2,남자,6172,22.0
202009,경상북도,2,여자,4684,22.0
202009,경상북도,3,남자,4220,22.0
202009,경상북도,3,여자,2816,22.0
202009,광주광역시,1,남자,2111,21.0
202009,광주광역시,1,여자,1942,21.0
202009,광주광역시,2,남자,4152,21.0
202009,광주광역시,2,여자,2951,21.0
202009,광주광역시,3,남자,2923,21.0
202009,광주광역시,3,여자,2013,21.0
202009,대구광역시,1,남자,4034,25.0
202009,대구광역시,1,여자,3654,25.0
202009,대구광역시,2,남자,7016,25.0
202009,대구광역시,2,여자,5355,25.0
202009,대구광역시,3,남자,5007,25.0
202009,대구광역시,3,여자,3303,25.0
202009,대전광역시,1,남자,2032,21.0
202009,대전광역시,1,여자,1847,21.0
202009,대전광역시,2,남자,4172,21.0
202009,대전광역시,2,여자,3112,21.0
202009,대전광역시,3,남자,3391,21.0
202009,대전광역시,3,여자,2308,21.0
202009,부산광역시,1,남자,3012,24.0
202009,부산광역시,1,여자,2709,24.0
202009,부산광역시,2,남자,5917,24.0
202009,부산광역시,2,여자,4273,24.0
202009,부산광역시,3,남자,3812,24.0
202009,부산광역시,3,여자,2552,24.0
202009,서울특별시,1,남자,6239,19.0
202009,서울특별시,1,여자,5126,19.0
202009,서울특별시,2,남자,15384,19.0
202009,서울특별시,2,여자,10386,19.0
202009,서울특별시,3,남자,12652,19.0
202009,서울특별시,3,여자,8253,19.0
202009,세종특별자치시,1,남자,892,20.0
202009,세종특별자치시,1,여자,782,20.0
202009,세종특별자치시,2,남자,1623,20.0
202009,세종특별자치시,2,여자,1135,20.0
202009,세종특별자치시,3,남자,1164,20.0
202009,세종특별자치시,3,여자,815,20.0
202009,울산광역시,1,남자,1200,25.0
202009,울산광역시,1,여자,980,25.0
202009,울산광역시,2,남자,2393,25.0
202009,울산광역시,2,여자,1708,25.0
202009,울산광역시,3,남자,1649,25.0
202009,울산광역시,3,여자,1127,25.0
202009,인천광역시,1,남자,3073,20.0
202009,인천광역시,1,여자,2577,20.0
202009,인천광역시,2,남자,6363,20.0
202009,인천광역시,2,여자,4428,20.0
202009,인천광역시,3,남자,4914,20.0
202009,인천광역시,3,여자,3243,20.0
202009,전라남도,1,남자,2342,22.0
202009,전라남도,1,여자,2068,22.0
202009,전라남도,2,남자,4110,22.0
202009,전라남도,2,여자,3122,22.0
202009,전라남도,3,남자,2885,22.0
202009,전라남도,3,여자,1999,22.0
202009,전라북도,1,남자,2201,23.0
202009,전라북도,1,여자,1973,23.0
202009,전라북도,2,남자,4612,23.0
202009,전라북도,2,여자,3387,23.0
202009,전라북도,3,남자,3218,23.0
202009,전라북도,3,여자,2297,23.0
202009,제주특별자치도,1,남자,2342,26.0
202009,제주특별자치도,1,여자,1998,26.0
202009,제주특별자치도,2,남자,4278,26.0
202009,제주특별자치도,2,여자,3223,26.0
202009,제주특별자치도,3,남자,2946,26.0
202009,제주특별자치도,3,여자,2079,26.0
202009,충청남도,1,남자,3333,24.0
202009,충청남도,1,여자,3054,24.0
202009,충청남도,2,남자,6413,24.0
202009,충청남도,2,여자,4653,24.0
202009,충청남도,3,남자,4662,24.0
202009,충청남도,3,여자,3149,24.0
202009,충청북도,1,남자,1818,22.0
202009,충청북도,1,여자,1561,22.0
202009,충청북도,2,남자,3951,22.0
202009,충청북도,2,여자,2872,22.0
202009,충청북도,3,남자,3202,22.0
202009,충청북도,3,여자,2163,22.0
202010,경기도,1,남자,42943,38.0
202010,경기도,1,여자,40371,38.0
202010,경기도,2,남자,36906,38.0
202010,경기도,2,여자,31663,38.0
202010,경기도,3,남자,18605,38.0
202010,경기도,3,여자,14026,38.0
202010,경상남도,1,남자,11195,29.0
202010,경상남도,1,여자,10467,29.0
202010,경상남도,2,남자,12005,29.0
202010,경상남도,2,여자,10552,29.0
202010,경상남도,3,남자,5170,29.0
202010,경상남도,3,여자,3912,29.0
202010,경상북도,1,남자,6398,31.0
202010,경상북도,1,여자,5867,31.0
202010,경상북도,2,남자,7163,31.0
202010,경상북도,2,여자,6513,31.0
202010,경상북도,3,남자,3504,31.0
202010,경상북도,3,여자,2489,31.0
202010,광주광역시,1,남자,5869,31.0
202010,광주광역시,1,여자,5555,31.0
202010,광주광역시,2,남자,6654,31.0
202010,광주광역시,2,여자,6098,31.0
202010,광주광역시,3,남자,2855,31.0
202010,광주광역시,3,여자,2116,31.0
202010,대구광역시,1,남자,8164,33.0
202010,대구광역시,1,여자,7816,33.0
202010,대구광역시,2,남자,9648,33.0
202010,대구광역시,2,여자,8777,33.0
202010,대구광역시,3,남자,4137,33.0
202010,대구광역시,3,여자,3164,33.0
202010,대전광역시,1,남자,4180,33.0
202010,대전광역시,1,여자,4121,33.0
202010,대전광역시,2,남자,4503,33.0
202010,대전광역시,2,여자,3910,33.0
202010,대전광역시,3,남자,2324,33.0
202010,대전광역시,3,여자,1690,33.0
202010,부산광역시,1,남자,9052,30.0
202010,부산광역시,1,여자,8500,30.0
202010,부산광역시,2,남자,8078,30.0
202010,부산광역시,2,여자,6797,30.0
202010,부산광역시,3,남자,3491,30.0
202010,부산광역시,3,여자,2546,30.0
202010,서울특별시,1,남자,16712,33.0
202010,서울특별시,1,여자,14974,33.0
202010,서울특별시,2,남자,15295,33.0
202010,서울특별시,2,여자,12392,33.0
202010,서울특별시,3,남자,8871,33.0
202010,서울특별시,3,여자,6635,33.0
202010,세종특별자치시,1,남자,2290,35.0
202010,세종특별자치시,1,여자,2217,35.0
202010,세종특별자치시,2,남자,2067,35.0
202010,세종특별자치시,2,여자,1928,35.0
202010,세종특별자치시,3,남자,865,35.0
202010,세종특별자치시,3,여자,702,35.0
202010,울산광역시,1,남자,4006,30.0
202010,울산광역시,1,여자,3633,30.0
202010,울산광역시,2,남자,3165,30.0
202010,울산광역시,2,여자,2640,30.0
202010,울산광역시,3,남자,1482,30.0
202010,울산광역시,3,여자,975,30.0
202010,인천광역시,1,남자,9147,34.0
202010,인천광역시,1,여자,8293,34.0
202010,인천광역시,2,남자,8478,34.0
202010,인천광역시,2,여자,7251,34.0
202010,인천광역시,3,남자,4209,34.0
202010,인천광역시,3,여자,3256,34.0
202010,전라남도,1,남자,5303,28.0
202010,전라남도,1,여자,5172,28.0
202010,전라남도,2,남자,5593,28.0
202010,전라남도,2,여자,5150,28.0
202010,전라남도,3,남자,2922,28.0
202010,전라남도,3,여자,2397,28.0
202010,전라북도,1,남자,4265,35.0
202010,전라북도,1,여자,3946,35.0
202010,전라북도,2,남자,5709,35.0
202010,전라북도,2,여자,5056,35.0
202010,전라북도,3,남자,3200,35.0
202010,전라북도,3,여자,2407,35.0
202010,제주특별자치도,1,남자,5917,31.0
202010,제주특별자치도,1,여자,5705,31.0
202010,제주특별자치도,2,남자,6017,31.0
202010,제주특별자치도,2,여자,5381,31.0
202010,제주특별자치도,3,남자,3101,31.0
202010,제주특별자치도,3,여자,2369,31.0
202010,충청남도,1,남자,7618,39.0
202010,충청남도,1,여자,7394,39.0
202010,충청남도,2,남자,7706,39.0
202010,충청남도,2,여자,6889,39.0
202010,충청남도,3,남자,3438,39.0
202010,충청남도,3,여자,2703,39.0
202010,충청북도,1,남자,5069,36.0
202010,충청북도,1,여자,4831,36.0
202010,충청북도,2,남자,4782,36.0
202010,충청북도,2,여자,4183,36.0
202010,충청북도,3,남자,2152,36.0
202010,충청북도,3,여자,1648,36.0
202011,경기도,1,남자,40361,45.0
202011,경기도,1,여자,38882,45.0
202011,경기도,2,남자,45210,45.0
202011,경기도,2,여자,43500,45.0
202011,경기도,3,남자,16745,45.0
202011,경기도,3,여자,15055,45.0
202011,경상남도,1,남자,7234,30.0
202011,경상남도,1,여자,6951,30.0
202011,경상남도,2,남자,11004,30.0
202011,경상남도,2,여자,10944,30.0
202011,경상남도,3,남자,6850,30.0
202011,경상남도,3,여자,5413,30.0
202011,경상북도,1,남자,5473,36.0
202011,경상북도,1,여자,5339,36.0
202011,경상북도,2,남자,7167,36.0
202011,경상북도,2,여자,6891,36.0
202011,경상북도,3,남자,3956,36.0
202011,경상북도,3,여자,3178,36.0
202011,광주광역시,1,남자,3387,32.0
202011,광주광역시,1,여자,3113,32.0
202011,광주광역시,2,남자,4599,32.0
202011,광주광역시,2,여자,4529,32.0
202011,광주광역시,3,남자,3109,32.0
202011,광주광역시,3,여자,2671,32.0
202011,대구광역시,1,남자,4996,40.0
202011,대구광역시,1,여자,4780,40.0
202011,대구광역시,2,남자,6923,40.0
202011,대구광역시,2,여자,6874,40.0
202011,대구광역시,3,남자,4001,40.0
202011,대구광역시,3,여자,3341,40.0
202011,대전광역시,1,남자,3493,37.0
202011,대전광역시,1,여자,3326,37.0
202011,대전광역시,2,남자,4345,37.0
202011,대전광역시,2,여자,4253,37.0
202011,대전광역시,3,남자,2117,37.0
202011,대전광역시,3,여자,1737,37.0
202011,부산광역시,1,남자,8486,31.0
202011,부산광역시,1,여자,8327,31.0
202011,부산광역시,2,남자,9887,31.0
202011,부산광역시,2,여자,9503,31.0
202011,부산광역시,3,남자,4067,31.0
202011,부산광역시,3,여자,3380,31.0
202011,서울특별시,1,남자,21911,42.0
202011,서울특별시,1,여자,20686,42.0
202011,서울특별시,2,남자,22019,42.0
202011,서울특별시,2,여자,20581,42.0
202011,서울특별시,3,남자,7303,42.0
202011,서울특별시,3,여자,6276,42.0
202011,세종특별자치시,1,남자,1544,40.0
202011,세종특별자치시,1,여자,1567,40.0
202011,세종특별자치시,2,남자,1876,40.0
202011,세종특별자치시,2,여자,1883,40.0
202011,세종특별자치시,3,남자,860,40.0
202011,세종특별자치시,3,여자,909,40.0
202011,울산광역시,1,남자,3718,31.0
202011,울산광역시,1,여자,3595,31.0
202011,울산광역시,2,남자,4402,31.0
202011,울산광역시,2,여자,4247,31.0
202011,울산광역시,3,남자,1581,31.0
202011,울산광역시,3,여자,1339,31.0
202011,인천광역시,1,남자,8300,39.0
202011,인천광역시,1,여자,7863,39.0
202011,인천광역시,2,남자,9534,39.0
202011,인천광역시,2,여자,9367,39.0
202011,인천광역시,3,남자,3755,39.0
202011,인천광역시,3,여자,3385,39.0
202011,전라남도,1,남자,4275,29.0
202011,전라남도,1,여자,4165,29.0
202011,전라남도,2,남자,5021,29.0
202011,전라남도,2,여자,5114,29.0
202011,전라남도,3,남자,3126,29.0
202011,전라남도,3,여자,2997,29.0
202011,전라북도,1,남자,2882,36.0
202011,전라북도,1,여자,2888,36.0
202011,전라북도,2,남자,4782,36.0
202011,전라북도,2,여자,4889,36.0
202011,전라북도,3,남자,3695,36.0
202011,전라북도,3,여자,3462,36.0
202011,제주특별자치도,1,남자,5033,28.0
202011,제주특별자치도,1,여자,4773,28.0
202011,제주특별자치도,2,남자,6140,28.0
202011,제주특별자치도,2,여자,5962,28.0
202011,제주특별자치도,3,남자,3419,28.0
202011,제주특별자치도,3,여자,2875,28.0
202011,충청남도,1,남자,5025,42.0
202011,충청남도,1,여자,4998,42.0
202011,충청남도,2,남자,6668,42.0
202011,충청남도,2,여자,6761,42.0
202011,충청남도,3,남자,3559,42.0
202011,충청남도,3,여자,3140,42.0
202011,충청북도,1,남자,4400,41.0
202011,충청북도,1,여자,4102,41.0
202011,충청북도,2,남자,5913,41.0
202011,충청북도,2,여자,6020,41.0
202011,충청북도,3,남자,3405,41.0
202011,충청북도,3,여자,2708,41.0
202012,경기도,1,남자,10508,46.0
202012,경기도,1,여자,9743,46.0
202012,경기도,2,남자,13585,46.0
202012,경기도,2,여자,11320,46.0
202012,경기도,3,남자,7197,46.0
202012,경기도,3,여자,6060,46.0
202012,경상남도,1,남자,2867,30.0
202012,경상남도,1,여자,2666,30.0
202012,경상남도,2,남자,3946,30.0
202012,경상남도,2,여자,3330,30.0
202012,경상남도,3,남자,2289,30.0
202012,경상남도,3,여자,2053,30.0
202012,경상북도,1,남자,2319,36.0
202012,경상북도,1,여자,2251,36.0
202012,경상북도,2,남자,3123,36.0
202012,경상북도,2,여자,2733,36.0
202012,경상북도,3,남자,1619,36.0
202012,경상북도,3,여자,1429,36.0
202012,광주광역시,1,남자,1522,33.0
202012,광주광역시,1,여자,1445,33.0
202012,광주광역시,2,남자,1839,33.0
202012,광주광역시,2,여자,1628,33.0
202012,광주광역시,3,남자,875,33.0
202012,광주광역시,3,여자,731,33.0
202012,대구광역시,1,남자,2737,38.0
202012,대구광역시,1,여자,2601,38.0
202012,대구광역시,2,남자,3505,38.0
202012,대구광역시,2,여자,3212,38.0
202012,대구광역시,3,남자,1911,38.0
202012,대구광역시,3,여자,1730,38.0
202012,대전광역시,1,남자,1294,38.0
202012,대전광역시,1,여자,1266,38.0
202012,대전광역시,2,남자,2029,38.0
202012,대전광역시,2,여자,1834,38.0
202012,대전광역시,3,남자,1305,38.0
202012,대전광역시,3,여자,1063,38.0
202012,부산광역시,1,남자,2505,33.0
202012,부산광역시,1,여자,2252,33.0
202012,부산광역시,2,남자,2990,33.0
202012,부산광역시,2,여자,2667,33.0
202012,부산광역시,3,남자,1733,33.0
202012,부산광역시,3,여자,1437,33.0
202012,서울특별시,1,남자,4552,42.0
202012,서울특별시,1,여자,4233,42.0
202012,서울특별시,2,남자,6256,42.0
202012,서울특별시,2,여자,5182,42.0
202012,서울특별시,3,남자,3808,42.0
202012,서울특별시,3,여자,3075,42.0
202012,세종특별자치시,1,남자,628,44.0
202012,세종특별자치시,1,여자,655,44.0
202012,세종특별자치시,2,남자,720,44.0
202012,세종특별자치시,2,여자,630,44.0
202012,세종특별자치시,3,남자,391,44.0
202012,세종특별자치시,3,여자,356,44.0
202012,울산광역시,1,남자,1007,30.0
202012,울산광역시,1,여자,948,30.0
202012,울산광역시,2,남자,1435,30.0
202012,울산광역시,2,여자,1166,30.0
202012,울산광역시,3,남자,777,30.0
202012,울산광역시,3,여자,633,30.0
202012,인천광역시,1,남자,2040,39.0
202012,인천광역시,1,여자,1943,39.0
202012,인천광역시,2,남자,2853,39.0
202012,인천광역시,2,여자,2268,39.0
202012,인천광역시,3,남자,1677,39.0
202012,인천광역시,3,여자,1419,39.0
202012,전라남도,1,남자,1894,28.0
202012,전라남도,1,여자,1831,28.0
202012,전라남도,2,남자,2191,28.0
202012,전라남도,2,여자,2016,28.0
202012,전라남도,3,남자,1020,28.0
202012,전라남도,3,여자,949,28.0
202012,전라북도,1,남자,1237,36.0
202012,전라북도,1,여자,1135,36.0
202012,전라북도,2,남자,1960,36.0
202012,전라북도,2,여자,1604,36.0
202012,전라북도,3,남자,1048,36.0
202012,전라북도,3,여자,1027,36.0
202012,제주특별자치도,1,남자,2059,24.0
202012,제주특별자치도,1,여자,1898,24.0
202012,제주특별자치도,2,남자,2703,24.0
202012,제주특별자치도,2,여자,2437,24.0
202012,제주특별자치도,3,남자,1438,24.0
202012,제주특별자치도,3,여자,1267,24.0
202012,충청남도,1,남자,2297,42.0
202012,충청남도,1,여자,2195,42.0
202012,충청남도,2,남자,2924,42.0
202012,충청남도,2,여자,2548,42.0
202012,충청남도,3,남자,1576,42.0
202012,충청남도,3,여자,1417,42.0
202012,충청북도,1,남자,1200,44.0
202012,충청북도,1,여자,1105,44.0
202012,충청북도,2,남자,1509,44.0
202012,충청북도,2,여자,1422,44.0
202012,충청북도,3,남자,1026,44.0
202012,충청북도,3,여자,940,44.0
202101,경기도,1,남자,10056,42.0
202101,경기도,1,여자,9082,42.0
202101,경기도,2,남자,10848,42.0
202101,경기도,2,여자,8547,42.0
202101,경기도,3,남자,5579,42.0
202101,경기도,3,여자,4281,42.0
202101,경상남도,1,남자,3091,33.0
202101,경상남도,1,여자,2874,33.0
202101,경상남도,2,남자,3311,33.0
202101,경상남도,2,여자,2569,33.0
202101,경상남도,3,남자,1427,33.0
202101,경상남도,3,여자,1120,33.0
202101,경상북도,1,남자,1577,38.0
202101,경상북도,1,여자,1428,38.0
202101,경상북도,2,남자,1762,38.0
202101,경상북도,2,여자,1382,38.0
202101,경상북도,3,남자,880,38.0
202101,경상북도,3,여자,693,38.0
202101,광주광역시,1,남자,1426,37.0
202101,광주광역시,1,여자,1443,37.0
202101,광주광역시,2,남자,1462,37.0
202101,광주광역시,2,여자,1213,37.0
202101,광주광역시,3,남자,637,37.0
202101,광주광역시,3,여자,523,37.0
202101,대구광역시,1,남자,1631,40.0
202101,대구광역시,1,여자,1565,40.0
202101,대구광역시,2,남자,2018,40.0
202101,대구광역시,2,여자,1672,40.0
202101,대구광역시,3,남자,1109,40.0
202101,대구광역시,3,여자,787,40.0
202101,대전광역시,1,남자,1249,39.0
202101,대전광역시,1,여자,1257,39.0
202101,대전광역시,2,남자,1480,39.0
202101,대전광역시,2,여자,1274,39.0
202101,대전광역시,3,남자,759,39.0
202101,대전광역시,3,여자,629,39.0
202101,부산광역시,1,남자,2329,36.0
202101,부산광역시,1,여자,2143,36.0
202101,부산광역시,2,남자,2415,36.0
202101,부산광역시,2,여자,1895,36.0
202101,부산광역시,3,남자,1171,36.0
202101,부산광역시,3,여자,903,36.0
202101,서울특별시,1,남자,4457,38.0
202101,서울특별시,1,여자,3703,38.0
202101,서울특별시,2,남자,5429,38.0
202101,서울특별시,2,여자,3969,38.0
202101,서울특별시,3,남자,3142,38.0
202101,서울특별시,3,여자,2434,38.0
202101,세종특별자치시,1,남자,680,45.0
202101,세종특별자치시,1,여자,649,45.0
202101,세종특별자치시,2,남자,636,45.0
202101,세종특별자치시,2,여자,537,45.0
202101,세종특별자치시,3,남자,242,45.0
202101,세종특별자치시,3,여자,207,45.0
202101,울산광역시,1,남자,871,34.0
202101,울산광역시,1,여자,723,34.0
202101,울산광역시,2,남자,894,34.0
202101,울산광역시,2,여자,690,34.0
202101,울산광역시,3,남자,402,34.0
202101,울산광역시,3,여자,322,34.0
202101,인천광역시,1,남자,2174,37.0
202101,인천광역시,1,여자,2000,37.0
202101,인천광역시,2,남자,2336,37.0
202101,인천광역시,2,여자,1826,37.0
202101,인천광역시,3,남자,1170,37.0
202101,인천광역시,3,여자,963,37.0
202101,전라남도,1,남자,2607,34.0
202101,전라남도,1,여자,2447,34.0
202101,전라남도,2,남자,2214,34.0
202101,전라남도,2,여자,1916,34.0
202101,전라남도,3,남자,759,34.0
202101,전라남도,3,여자,651,34.0
202101,전라북도,1,남자,1254,40.0
202101,전라북도,1,여자,1071,40.0
202101,전라북도,2,남자,1628,40.0
202101,전라북도,2,여자,1272,40.0
202101,전라북도,3,남자,777,40.0
202101,전라북도,3,여자,634,40.0
202101,제주특별자치도,1,남자,1737,31.0
202101,제주특별자치도,1,여자,1506,31.0
202101,제주특별자치도,2,남자,1690,31.0
202101,제주특별자치도,2,여자,1283,31.0
202101,제주특별자치도,3,남자,870,31.0
202101,제주특별자치도,3,여자,623,31.0
202101,충청남도,1,남자,2255,45.0
202101,충청남도,1,여자,2124,45.0
202101,충청남도,2,남자,2360,45.0
202101,충청남도,2,여자,1999,45.0
202101,충청남도,3,남자,934,45.0
202101,충청남도,3,여자,769,45.0
202101,충청북도,1,남자,1429,43.0
202101,충청북도,1,여자,1449,43.0
202101,충청북도,2,남자,1414,43.0
202101,충청북도,2,여자,1126,43.0
202101,충청북도,3,남자,643,43.0
202101,충청북도,3,여자,550,43.0
202102,경기도,1,남자,23194,52.0
202102,경기도,1,여자,21006,52.0
202102,경기도,2,남자,16582,52.0
202102,경기도,2,여자,13264,52.0
202102,경기도,3,남자,6626,52.0
202102,경기도,3,여자,5167,52.0
202102,경상남도,1,남자,7130,33.0
202102,경상남도,1,여자,6554,33.0
202102,경상남도,2,남자,5311,33.0
202102,경상남도,2,여자,4466,33.0
202102,경상남도,3,남자,1687,33.0
202102,경상남도,3,여자,1293,33.0
202102,경상북도,1,남자,3725,40.0
202102,경상북도,1,여자,3472,40.0
202102,경상북도,2,남자,2762,40.0
202102,경상북도,2,여자,2362,40.0
202102,경상북도,3,남자,1068,40.0
202102,경상북도,3,여자,718,40.0
202102,광주광역시,1,남자,2284,40.0
202102,광주광역시,1,여자,2100,40.0
202102,광주광역시,2,남자,2061,40.0
202102,광주광역시,2,여자,1626,40.0
202102,광주광역시,3,남자,766,40.0
202102,광주광역시,3,여자,627,40.0
202102,대구광역시,1,남자,4051,41.0
202102,대구광역시,1,여자,3690,41.0
202102,대구광역시,2,남자,3049,41.0
202102,대구광역시,2,여자,2604,41.0
202102,대구광역시,3,남자,1168,41.0
202102,대구광역시,3,여자,875,41.0
202102,대전광역시,1,남자,2655,42.0
202102,대전광역시,1,여자,2443,42.0
202102,대전광역시,2,남자,2165,42.0
202102,대전광역시,2,여자,1821,42.0
202102,대전광역시,3,남자,805,42.0
202102,대전광역시,3,여자,602,42.0
202102,부산광역시,1,남자,6080,37.0
202102,부산광역시,1,여자,5670,37.0
202102,부산광역시,2,남자,4034,37.0
202102,부산광역시,2,여자,3413,37.0
202102,부산광역시,3,남자,1236,37.0
202102,부산광역시,3,여자,981,37.0
202102,서울특별시,1,남자,9235,48.0
202102,서울특별시,1,여자,8229,48.0
202102,서울특별시,2,남자,7427,48.0
202102,서울특별시,2,여자,5787,48.0
202102,서울특별시,3,남자,3391,48.0
202102,서울특별시,3,여자,2672,48.0
202102,세종특별자치시,1,남자,1195,47.0
202102,세종특별자치시,1,여자,1111,47.0
202102,세종특별자치시,2,남자,848,47.0
202102,세종특별자치시,2,여자,685,47.0
202102,세종특별자치시,3,남자,295,47.0
202102,세종특별자치시,3,여자,269,47.0
202102,울산광역시,1,남자,2497,35.0
202102,울산광역시,1,여자,2323,35.0
202102,울산광역시,2,남자,1595,35.0
202102,울산광역시,2,여자,1299,35.0
202102,울산광역시,3,남자,506,35.0
202102,울산광역시,3,여자,401,35.0
202102,인천광역시,1,남자,5073,46.0
202102,인천광역시,1,여자,4410,46.0
202102,인천광역시,2,남자,3601,46.0
202102,인천광역시,2,여자,2913,46.0
202102,인천광역시,3,남자,1394,46.0
202102,인천광역시,3,여자,1039,46.0
202102,전라남도,1,남자,3224,35.0
202102,전라남도,1,여자,3053,35.0
202102,전라남도,2,남자,2711,35.0
202102,전라남도,2,여자,2307,35.0
202102,전라남도,3,남자,795,35.0
202102,전라남도,3,여자,683,35.0
202102,전라북도,1,남자,3096,42.0
202102,전라북도,1,여자,2976,42.0
202102,전라북도,2,남자,2526,42.0
202102,전라북도,2,여자,2134,42.0
202102,전라북도,3,남자,882,42.0
202102,전라북도,3,여자,662,42.0
202102,제주특별자치도,1,남자,3808,34.0
202102,제주특별자치도,1,여자,3619,34.0
202102,제주특별자치도,2,남자,3024,34.0
202102,제주특별자치도,2,여자,2419,34.0
202102,제주특별자치도,3,남자,1399,34.0
202102,제주특별자치도,3,여자,956,34.0
202102,충청남도,1,남자,4822,52.0
202102,충청남도,1,여자,4705,52.0
202102,충청남도,2,남자,3544,52.0
202102,충청남도,2,여자,3045,52.0
202102,충청남도,3,남자,1059,52.0
202102,충청남도,3,여자,861,52.0
202102,충청북도,1,남자,3442,46.0
202102,충청북도,1,여자,3228,46.0
202102,충청북도,2,남자,2242,46.0
202102,충청북도,2,여자,1886,46.0
202102,충청북도,3,남자,756,46.0
202102,충청북도,3,여자,600,46.0
202103,경기도,1,남자,68579,72.0
202103,경기도,1,여자,64719,72.0
202103,경기도,2,남자,51328,72.0
202103,경기도,2,여자,45906,72.0
202103,경기도,3,남자,11979,72.0
202103,경기도,3,여자,10033,72.0
202103,경상남도,1,남자,11892,53.0
202103,경상남도,1,여자,11278,53.0
202103,경상남도,2,남자,11733,53.0
202103,경상남도,2,여자,10238,53.0
202103,경상남도,3,남자,3918,53.0
202103,경상남도,3,여자,2940,53.0
202103,경상북도,1,남자,9364,56.0
202103,경상북도,1,여자,8981,56.0
202103,경상북도,2,남자,7393,56.0
202103,경상북도,2,여자,6694,56.0
202103,경상북도,3,남자,2510,56.0
202103,경상북도,3,여자,1779,56.0
202103,광주광역시,1,남자,6085,65.0
202103,광주광역시,1,여자,5908,65.0
202103,광주광역시,2,남자,5178,65.0
202103,광주광역시,2,여자,4538,65.0
202103,광주광역시,3,남자,1611,65.0
202103,광주광역시,3,여자,1175,65.0
202103,대구광역시,1,남자,10688,59.0
202103,대구광역시,1,여자,10120,59.0
202103,대구광역시,2,남자,9489,59.0
202103,대구광역시,2,여자,8349,59.0
202103,대구광역시,3,남자,3126,59.0
202103,대구광역시,3,여자,2393,59.0
202103,대전광역시,1,남자,5338,63.0
202103,대전광역시,1,여자,5076,63.0
202103,대전광역시,2,남자,4293,63.0
202103,대전광역시,2,여자,3957,63.0
202103,대전광역시,3,남자,1422,63.0
202103,대전광역시,3,여자,1161,63.0
202103,부산광역시,1,남자,12488,60.0
202103,부산광역시,1,여자,11786,60.0
202103,부산광역시,2,남자,10802,60.0
202103,부산광역시,2,여자,9360,60.0
202103,부산광역시,3,남자,3222,60.0
202103,부산광역시,3,여자,2321,60.0
202103,서울특별시,1,남자,33666,67.0
202103,서울특별시,1,여자,30944,67.0
202103,서울특별시,2,남자,23490,67.0
202103,서울특별시,2,여자,20805,67.0
202103,서울특별시,3,남자,5944,67.0
202103,서울특별시,3,여자,4852,67.0
202103,세종특별자치시,1,남자,2713,67.0
202103,세종특별자치시,1,여자,2677,67.0
202103,세종특별자치시,2,남자,2145,67.0
202103,세종특별자치시,2,여자,2070,67.0
202103,세종특별자치시,3,남자,628,67.0
202103,세종특별자치시,3,여자,512,67.0
202103,울산광역시,1,남자,5478,55.0
202103,울산광역시,1,여자,5057,55.0
202103,울산광역시,2,남자,4382,55.0
202103,울산광역시,2,여자,3683,55.0
202103,울산광역시,3,남자,1209,55.0
202103,울산광역시,3,여자,823,55.0
202103,인천광역시,1,남자,13687,69.0
202103,인천광역시,1,여자,12779,69.0
202103,인천광역시,2,남자,10797,69.0
202103,인천광역시,2,여자,9789,69.0
202103,인천광역시,3,남자,2869,69.0
202103,인천광역시,3,여자,2375,69.0
202103,전라남도,1,남자,5534,64.0
202103,전라남도,1,여자,5207,64.0
202103,전라남도,2,남자,4793,64.0
202103,전라남도,2,여자,4393,64.0
202103,전라남도,3,남자,2011,64.0
202103,전라남도,3,여자,1435,64.0
202103,전라북도,1,남자,5892,75.0
202103,전라북도,1,여자,5568,75.0
202103,전라북도,2,남자,5971,75.0
202103,전라북도,2,여자,5333,75.0
202103,전라북도,3,남자,1815,75.0
202103,전라북도,3,여자,1501,75.0
202103,제주특별자치도,1,남자,8014,72.0
202103,제주특별자치도,1,여자,7704,72.0
202103,제주특별자치도,2,남자,5767,72.0
202103,제주특별자치도,2,여자,5270,72.0
202103,제주특별자치도,3,남자,1981,72.0
202103,제주특별자치도,3,여자,1594,72.0
202103,충청남도,1,남자,9147,79.0
202103,충청남도,1,여자,8763,79.0
202103,충청남도,2,남자,7048,79.0
202103,충청남도,2,여자,6461,79.0
202103,충청남도,3,남자,1992,79.0
202103,충청남도,3,여자,1711,79.0
202103,충청북도,1,남자,6459,62.0
202103,충청북도,1,여자,5898,62.0
202103,충청북도,2,남자,5209,62.0
202103,충청북도,2,여자,4769,62.0
202103,충청북도,3,남자,1750,62.0
202103,충청북도,3,여자,1350,62.0
202104,경기도,1,남자,32715,46.0
202104,경기도,1,여자,29984,46.0
202104,경기도,2,남자,54028,46.0
202104,경기도,2,여자,43374,46.0
202104,경기도,3,남자,24144,46.0
202104,경기도,3,여자,17404,46.0
202104,경상남도,1,남자,6498,34.0
202104,경상남도,1,여자,5850,34.0
202104,경상남도,2,남자,10744,34.0
202104,경상남도,2,여자,8822,34.0
202104,경상남도,3,남자,5441,34.0
202104,경상남도,3,여자,4042,34.0
202104,경상북도,1,남자,5299,42.0
202104,경상북도,1,여자,4643,42.0
202104,경상북도,2,남자,9092,42.0
202104,경상북도,2,여자,7105,42.0
202104,경상북도,3,남자,5656,42.0
202104,경상북도,3,여자,3834,42.0
202104,광주광역시,1,남자,2960,39.0
202104,광주광역시,1,여자,2818,39.0
202104,광주광역시,2,남자,4963,39.0
202104,광주광역시,2,여자,4243,39.0
202104,광주광역시,3,남자,2380,39.0
202104,광주광역시,3,여자,1738,39.0
202104,대구광역시,1,남자,5295,42.0
202104,대구광역시,1,여자,4840,42.0
202104,대구광역시,2,남자,11971,42.0
202104,대구광역시,2,여자,10078,42.0
202104,대구광역시,3,남자,8156,42.0
202104,대구광역시,3,여자,5730,42.0
202104,대전광역시,1,남자,3199,41.0
202104,대전광역시,1,여자,2881,41.0
202104,대전광역시,2,남자,5367,41.0
202104,대전광역시,2,여자,4085,41.0
202104,대전광역시,3,남자,2977,41.0
202104,대전광역시,3,여자,1946,41.0
202104,부산광역시,1,남자,5546,37.0
202104,부산광역시,1,여자,5223,37.0
202104,부산광역시,2,남자,8340,37.0
202104,부산광역시,2,여자,6979,37.0
202104,부산광역시,3,남자,3860,37.0
202104,부산광역시,3,여자,2820,37.0
202104,서울특별시,1,남자,18273,42.0
202104,서울특별시,1,여자,16481,42.0
202104,서울특별시,2,남자,29178,42.0
202104,서울특별시,2,여자,22021,42.0
202104,서울특별시,3,남자,14469,42.0
202104,서울특별시,3,여자,9676,42.0
202104,세종특별자치시,1,남자,1328,42.0
202104,세종특별자치시,1,여자,1185,42.0
202104,세종특별자치시,2,남자,2038,42.0
202104,세종특별자치시,2,여자,1668,42.0
202104,세종특별자치시,3,남자,1187,42.0
202104,세종특별자치시,3,여자,872,42.0
202104,울산광역시,1,남자,2643,37.0
202104,울산광역시,1,여자,2556,37.0
202104,울산광역시,2,남자,4062,37.0
202104,울산광역시,2,여자,3323,37.0
202104,울산광역시,3,남자,1840,37.0
202104,울산광역시,3,여자,1427,37.0
202104,인천광역시,1,남자,6113,42.0
202104,인천광역시,1,여자,5660,42.0
202104,인천광역시,2,남자,9577,42.0
202104,인천광역시,2,여자,8053,42.0
202104,인천광역시,3,남자,4666,42.0
202104,인천광역시,3,여자,3457,42.0
202104,전라남도,1,남자,3631,34.0
202104,전라남도,1,여자,3422,34.0
202104,전라남도,2,남자,5449,34.0
202104,전라남도,2,여자,4686,34.0
202104,전라남도,3,남자,3095,34.0
202104,전라남도,3,여자,2488,34.0
202104,전라북도,1,남자,2467,43.0
202104,전라북도,1,여자,2384,43.0
202104,전라북도,2,남자,4989,43.0
202104,전라북도,2,여자,4114,43.0
202104,전라북도,3,남자,2985,43.0
202104,전라북도,3,여자,2103,43.0
202104,제주특별자치도,1,남자,4403,36.0
202104,제주특별자치도,1,여자,4230,36.0
202104,제주특별자치도,2,남자,6393,36.0
202104,제주특별자치도,2,여자,5339,36.0
202104,제주특별자치도,3,남자,3462,36.0
202104,제주특별자치도,3,여자,2385,36.0
202104,충청남도,1,남자,4632,46.0
202104,충청남도,1,여자,4289,46.0
202104,충청남도,2,남자,8181,46.0
202104,충청남도,2,여자,6617,46.0
202104,충청남도,3,남자,4078,46.0
202104,충청남도,3,여자,2969,46.0
202104,충청북도,1,남자,3256,41.0
202104,충청북도,1,여자,3005,41.0
202104,충청북도,2,남자,5783,41.0
202104,충청북도,2,여자,4543,41.0
202104,충청북도,3,남자,3357,41.0
202104,충청북도,3,여자,2252,41.0
202105,경기도,1,남자,21317,64.0
202105,경기도,1,여자,20744,64.0
202105,경기도,2,남자,27214,64.0
202105,경기도,2,여자,24912,64.0
202105,경기도,3,남자,12895,64.0
202105,경기도,3,여자,10663,64.0
202105,경상남도,1,남자,4992,36.0
202105,경상남도,1,여자,4894,36.0
202105,경상남도,2,남자,6512,36.0
202105,경상남도,2,여자,5884,36.0
202105,경상남도,3,남자,2698,36.0
202105,경상남도,3,여자,2313,36.0
202105,경상북도,1,남자,3328,43.0
202105,경상북도,1,여자,3089,43.0
202105,경상북도,2,남자,4157,43.0
202105,경상북도,2,여자,3830,43.0
202105,경상북도,3,남자,2438,43.0
202105,경상북도,3,여자,1984,43.0
202105,광주광역시,1,남자,1717,50.0
202105,광주광역시,1,여자,1638,50.0
202105,광주광역시,2,남자,2751,50.0
202105,광주광역시,2,여자,2433,50.0
202105,광주광역시,3,남자,1515,50.0
202105,광주광역시,3,여자,1245,50.0
202105,대구광역시,1,남자,3302,41.0
202105,대구광역시,1,여자,3272,41.0
202105,대구광역시,2,남자,3918,41.0
202105,대구광역시,2,여자,3841,41.0
202105,대구광역시,3,남자,2390,41.0
202105,대구광역시,3,여자,2037,41.0
202105,대전광역시,1,남자,2099,56.0
202105,대전광역시,1,여자,2009,56.0
202105,대전광역시,2,남자,2971,56.0
202105,대전광역시,2,여자,2701,56.0
202105,대전광역시,3,남자,1454,56.0
202105,대전광역시,3,여자,1330,56.0
202105,부산광역시,1,남자,4257,36.0
202105,부산광역시,1,여자,4129,36.0
202105,부산광역시,2,남자,4795,36.0
202105,부산광역시,2,여자,4349,36.0
202105,부산광역시,3,남자,1913,36.0
202105,부산광역시,3,여자,1675,36.0
202105,서울특별시,1,남자,10717,61.0
202105,서울특별시,1,여자,10146,61.0
202105,서울특별시,2,남자,12141,61.0
202105,서울특별시,2,여자,10988,61.0
202105,서울특별시,3,남자,6391,61.0
202105,서울특별시,3,여자,5133,61.0
202105,세종특별자치시,1,남자,1033,61.0
202105,세종특별자치시,1,여자,1077,61.0
202105,세종특별자치시,2,남자,1347,61.0
202105,세종특별자치시,2,여자,1289,61.0
202105,세종특별자치시,3,남자,616,61.0
202105,세종특별자치시,3,여자,600,61.0
202105,울산광역시,1,남자,1209,35.0
202105,울산광역시,1,여자,1169,35.0
202105,울산광역시,2,남자,1449,35.0
202105,울산광역시,2,여자,1259,35.0
202105,울산광역시,3,남자,730,35.0
202105,울산광역시,3,여자,576,35.0
202105,인천광역시,1,남자,4410,59.0
202105,인천광역시,1,여자,4243,59.0
202105,인천광역시,2,남자,5510,59.0
202105,인천광역시,2,여자,4799,59.0
202105,인천광역시,3,남자,2737,59.0
202105,인천광역시,3,여자,2302,59.0
202105,전라남도,1,남자,2058,46.0
202105,전라남도,1,여자,2031,46.0
202105,전라남도,2,남자,2599,46.0
202105,전라남도,2,여자,2367,46.0
202105,전라남도,3,남자,1563,46.0
202105,전라남도,3,여자,1313,46.0
202105,전라북도,1,남자,2062,56.0
202105,전라북도,1,여자,1969,56.0
202105,전라북도,2,남자,3717,56.0
202105,전라북도,2,여자,3277,56.0
202105,전라북도,3,남자,1990,56.0
202105,전라북도,3,여자,1658,56.0
202105,제주특별자치도,1,남자,3102,42.0
202105,제주특별자치도,1,여자,3008,42.0
202105,제주특별자치도,2,남자,4339,42.0
202105,제주특별자치도,2,여자,3708,42.0
202105,제주특별자치도,3,남자,2345,42.0
202105,제주특별자치도,3,여자,1784,42.0
202105,충청남도,1,남자,3338,63.0
202105,충청남도,1,여자,3373,63.0
202105,충청남도,2,남자,5122,63.0
202105,충청남도,2,여자,4703,63.0
202105,충청남도,3,남자,2452,63.0
202105,충청남도,3,여자,2268,63.0
202105,충청북도,1,남자,2416,53.0
202105,충청북도,1,여자,2380,53.0
202105,충청북도,2,남자,3169,53.0
202105,충청북도,2,여자,2933,53.0
202105,충청북도,3,남자,1640,53.0
202105,충청북도,3,여자,1312,53.0
202106,경기도,1,남자,19587,37.0
202106,경기도,1,여자,19024,37.0
202106,경기도,2,남자,25446,37.0
202106,경기도,2,여자,23587,37.0
202106,경기도,3,남자,11390,37.0
202106,경기도,3,여자,10014,37.0
202106,경상남도,1,남자,5168,27.0
202106,경상남도,1,여자,4994,27.0
202106,경상남도,2,남자,6869,27.0
202106,경상남도,2,여자,6276,27.0
202106,경상남도,3,남자,2819,27.0
202106,경상남도,3,여자,2472,27.0
202106,경상북도,1,남자,3229,31.0
202106,경상북도,1,여자,3298,31.0
202106,경상북도,2,남자,4240,31.0
202106,경상북도,2,여자,3966,31.0
202106,경상북도,3,남자,2363,31.0
202106,경상북도,3,여자,2019,31.0
202106,광주광역시,1,남자,2215,29.0
202106,광주광역시,1,여자,2111,29.0
202106,광주광역시,2,남자,3175,29.0
202106,광주광역시,2,여자,2848,29.0
202106,광주광역시,3,남자,1263,29.0
202106,광주광역시,3,여자,1114,29.0
202106,대구광역시,1,남자,3159,35.0
202106,대구광역시,1,여자,2987,35.0
202106,대구광역시,2,남자,3646,35.0
202106,대구광역시,2,여자,3458,35.0
202106,대구광역시,3,남자,1808,35.0
202106,대구광역시,3,여자,1623,35.0
202106,대전광역시,1,남자,2106,31.0
202106,대전광역시,1,여자,1971,31.0
202106,대전광역시,2,남자,2904,31.0
202106,대전광역시,2,여자,2769,31.0
202106,대전광역시,3,남자,1447,31.0
202106,대전광역시,3,여자,1268,31.0
202106,부산광역시,1,남자,4076,26.0
202106,부산광역시,1,여자,4137,26.0
202106,부산광역시,2,남자,4813,26.0
202106,부산광역시,2,여자,4329,26.0
202106,부산광역시,3,남자,1784,26.0
202106,부산광역시,3,여자,1622,26.0
202106,서울특별시,1,남자,9219,33.0
202106,서울특별시,1,여자,8789,33.0
202106,서울특별시,2,남자,10529,33.0
202106,서울특별시,2,여자,9797,33.0
202106,서울특별시,3,남자,5087,33.0
202106,서울특별시,3,여자,4363,33.0
202106,세종특별자치시,1,남자,1013,31.0
202106,세종특별자치시,1,여자,970,31.0
202106,세종특별자치시,2,남자,1340,31.0
202106,세종특별자치시,2,여자,1163,31.0
202106,세종특별자치시,3,남자,584,31.0
202106,세종특별자치시,3,여자,575,31.0
202106,울산광역시,1,남자,2213,28.0
202106,울산광역시,1,여자,2002,28.0
202106,울산광역시,2,남자,1757,28.0
202106,울산광역시,2,여자,1554,28.0
202106,울산광역시,3,남자,690,28.0
202106,울산광역시,3,여자,634,28.0
202106,인천광역시,1,남자,4229,36.0
202106,인천광역시,1,여자,3950,36.0
202106,인천광역시,2,남자,4961,36.0
202106,인천광역시,2,여자,4633,36.0
202106,인천광역시,3,남자,2456,36.0
202106,인천광역시,3,여자,2156,36.0
202106,전라남도,1,남자,2673,27.0
202106,전라남도,1,여자,2689,27.0
202106,전라남도,2,남자,3260,27.0
202106,전라남도,2,여자,3029,27.0
202106,전라남도,3,남자,1344,27.0
202106,전라남도,3,여자,1265,27.0
202106,전라북도,1,남자,2364,36.0
202106,전라북도,1,여자,2241,36.0
202106,전라북도,2,남자,4252,36.0
202106,전라북도,2,여자,3756,36.0
202106,전라북도,3,남자,2705,36.0
202106,전라북도,3,여자,2114,36.0
202106,제주특별자치도,1,남자,2600,25.0
202106,제주특별자치도,1,여자,2495,25.0
202106,제주특별자치도,2,남자,3172,25.0
202106,제주특별자치도,2,여자,2815,25.0
202106,제주특별자치도,3,남자,1699,25.0
202106,제주특별자치도,3,여자,1450,25.0
202106,충청남도,1,남자,3561,34.0
202106,충청남도,1,여자,3291,34.0
202106,충청남도,2,남자,4526,34.0
202106,충청남도,2,여자,4356,34.0
202106,충청남도,3,남자,2253,34.0
202106,충청남도,3,여자,2093,34.0
202106,충청북도,1,남자,2306,32.0
202106,충청북도,1,여자,2300,32.0
202106,충청북도,2,남자,3084,32.0
202106,충청북도,2,여자,2918,32.0
202106,충청북도,3,남자,1513,32.0
202106,충청북도,3,여자,1288,32.0
202107,경기도,1,남자,12684,26.0
202107,경기도,1,여자,11594,26.0
202107,경기도,2,남자,20602,26.0
202107,경기도,2,여자,18359,26.0
202107,경기도,3,남자,9144,26.0
202107,경기도,3,여자,7700,26.0
202107,경상남도,1,남자,3655,20.0
202107,경상남도,1,여자,3421,20.0
202107,경상남도,2,남자,6409,20.0
202107,경상남도,2,여자,5609,20.0
202107,경상남도,3,남자,3015,20.0
202107,경상남도,3,여자,2321,20.0
202107,경상북도,1,남자,3080,21.0
202107,경상북도,1,여자,2943,21.0
202107,경상북도,2,남자,4556,21.0
202107,경상북도,2,여자,4179,21.0
202107,경상북도,3,남자,2157,21.0
202107,경상북도,3,여자,1772,21.0
202107,광주광역시,1,남자,1969,16.0
202107,광주광역시,1,여자,1771,16.0
202107,광주광역시,2,남자,3221,16.0
202107,광주광역시,2,여자,3046,16.0
202107,광주광역시,3,남자,1350,16.0
202107,광주광역시,3,여자,1136,16.0
202107,대구광역시,1,남자,2960,19.0
202107,대구광역시,1,여자,2799,19.0
202107,대구광역시,2,남자,4377,19.0
202107,대구광역시,2,여자,3891,19.0
202107,대구광역시,3,남자,1675,19.0
202107,대구광역시,3,여자,1445,19.0
202107,대전광역시,1,남자,1441,16.0
202107,대전광역시,1,여자,1432,16.0
202107,대전광역시,2,남자,2515,16.0
202107,대전광역시,2,여자,2217,16.0
202107,대전광역시,3,남자,1223,16.0
202107,대전광역시,3,여자,969,16.0
202107,부산광역시,1,남자,3302,18.0
202107,부산광역시,1,여자,2982,18.0
202107,부산광역시,2,남자,4986,18.0
202107,부산광역시,2,여자,4372,18.0
202107,부산광역시,3,남자,2076,18.0
202107,부산광역시,3,여자,1637,18.0
202107,서울특별시,1,남자,6253,24.0
202107,서울특별시,1,여자,5569,24.0
202107,서울특별시,2,남자,10274,24.0
202107,서울특별시,2,여자,8739,24.0
202107,서울특별시,3,남자,4681,24.0
202107,서울특별시,3,여자,3862,24.0
202107,세종특별자치시,1,남자,686,20.0
202107,세종특별자치시,1,여자,684,20.0
202107,세종특별자치시,2,남자,1048,20.0
202107,세종특별자치시,2,여자,892,20.0
202107,세종특별자치시,3,남자,457,20.0
202107,세종특별자치시,3,여자,399,20.0
202107,울산광역시,1,남자,1788,17.0
202107,울산광역시,1,여자,1639,17.0
202107,울산광역시,2,남자,2822,17.0
202107,울산광역시,2,여자,2512,17.0
202107,울산광역시,3,남자,968,17.0
202107,울산광역시,3,여자,848,17.0
202107,인천광역시,1,남자,2585,29.0
202107,인천광역시,1,여자,2422,29.0
202107,인천광역시,2,남자,4426,29.0
202107,인천광역시,2,여자,3764,29.0
202107,인천광역시,3,남자,1967,29.0
202107,인천광역시,3,여자,1743,29.0
202107,전라남도,1,남자,2590,19.0
202107,전라남도,1,여자,2391,19.0
202107,전라남도,2,남자,4304,19.0
202107,전라남도,2,여자,4175,19.0
202107,전라남도,3,남자,1825,19.0
202107,전라남도,3,여자,1537,19.0
202107,전라북도,1,남자,1768,20.0
202107,전라북도,1,여자,1630,20.0
202107,전라북도,2,남자,3203,20.0
202107,전라북도,2,여자,2869,20.0
202107,전라북도,3,남자,1691,20.0
202107,전라북도,3,여자,1476,20.0
202107,제주특별자치도,1,남자,2448,19.0
202107,제주특별자치도,1,여자,2283,19.0
202107,제주특별자치도,2,남자,3610,19.0
202107,제주특별자치도,2,여자,3358,19.0
202107,제주특별자치도,3,남자,1517,19.0
202107,제주특별자치도,3,여자,1316,19.0
202107,충청남도,1,남자,2746,23.0
202107,충청남도,1,여자,2539,23.0
202107,충청남도,2,남자,4195,23.0
202107,충청남도,2,여자,3732,23.0
202107,충청남도,3,남자,1975,23.0
202107,충청남도,3,여자,1607,23.0
202107,충청북도,1,남자,1850,19.0
202107,충청북도,1,여자,1696,19.0
202107,충청북도,2,남자,2763,19.0
202107,충청북도,2,여자,2428,19.0
202107,충청북도,3,남자,1152,19.0
202107,충청북도,3,여자,966,19.0
202108,경기도,1,남자,11299,25.0
202108,경기도,1,여자,10276,25.0
202108,경기도,2,남자,20016,25.0
202108,경기도,2,여자,15227,25.0
202108,경기도,3,남자,10932,25.0
202108,경기도,3,여자,8201,25.0
202108,경상남도,1,남자,2898,20.0
202108,경상남도,1,여자,2492,20.0
202108,경상남도,2,남자,4579,20.0
202108,경상남도,2,여자,3501,20.0
202108,경상남도,3,남자,2335,20.0
202108,경상남도,3,여자,1779,20.0
202108,경상북도,1,남자,2888,23.0
202108,경상북도,1,여자,2499,23.0
202108,경상북도,2,남자,3644,23.0
202108,경상북도,2,여자,3004,23.0
202108,경상북도,3,남자,1874,23.0
202108,경상북도,3,여자,1499,23.0
202108,광주광역시,1,남자,1829,17.0
202108,광주광역시,1,여자,1690,17.0
202108,광주광역시,2,남자,2534,17.0
202108,광주광역시,2,여자,2077,17.0
202108,광주광역시,3,남자,1291,17.0
202108,광주광역시,3,여자,992,17.0
202108,대구광역시,1,남자,3037,21.0
202108,대구광역시,1,여자,2816,21.0
202108,대구광역시,2,남자,4223,21.0
202108,대구광역시,2,여자,3470,21.0
202108,대구광역시,3,남자,2234,21.0
202108,대구광역시,3,여자,1754,21.0
202108,대전광역시,1,남자,1372,18.0
202108,대전광역시,1,여자,1209,18.0
202108,대전광역시,2,남자,2344,18.0
202108,대전광역시,2,여자,1842,18.0
202108,대전광역시,3,남자,1302,18.0
202108,대전광역시,3,여자,997,18.0
202108,부산광역시,1,남자,2966,19.0
202108,부산광역시,1,여자,2683,19.0
202108,부산광역시,2,남자,3959,19.0
202108,부산광역시,2,여자,3135,19.0
202108,부산광역시,3,남자,1891,19.0
202108,부산광역시,3,여자,1344,19.0
202108,서울특별시,1,남자,5169,22.0
202108,서울특별시,1,여자,4362,22.0
202108,서울특별시,2,남자,8879,22.0
202108,서울특별시,2,여자,6706,22.0
202108,서울특별시,3,남자,5373,22.0
202108,서울특별시,3,여자,3959,22.0
202108,세종특별자치시,1,남자,924,21.0
202108,세종특별자치시,1,여자,856,21.0
202108,세종특별자치시,2,남자,1060,21.0
202108,세종특별자치시,2,여자,904,21.0
202108,세종특별자치시,3,남자,519,21.0
202108,세종특별자치시,3,여자,399,21.0
202108,울산광역시,1,남자,1191,20.0
202108,울산광역시,1,여자,1065,20.0
202108,울산광역시,2,남자,1706,20.0
202108,울산광역시,2,여자,1412,20.0
202108,울산광역시,3,남자,913,20.0
202108,울산광역시,3,여자,646,20.0
202108,인천광역시,1,남자,2328,22.0
202108,인천광역시,1,여자,1965,22.0
202108,인천광역시,2,남자,3766,22.0
202108,인천광역시,2,여자,2859,22.0
202108,인천광역시,3,남자,2111,22.0
202108,인천광역시,3,여자,1736,22.0
202108,전라남도,1,남자,1771,20.0
202108,전라남도,1,여자,1588,20.0
202108,전라남도,2,남자,2346,20.0
202108,전라남도,2,여자,1910,20.0
202108,전라남도,3,남자,1166,20.0
202108,전라남도,3,여자,991,20.0
202108,전라북도,1,남자,1858,20.0
202108,전라북도,1,여자,1717,20.0
202108,전라북도,2,남자,2712,20.0
202108,전라북도,2,여자,2117,20.0
202108,전라북도,3,남자,1469,20.0
202108,전라북도,3,여자,1192,20.0
202108,제주특별자치도,1,남자,2287,17.0
202108,제주특별자치도,1,여자,2070,17.0
202108,제주특별자치도,2,남자,3385,17.0
202108,제주특별자치도,2,여자,2651,17.0
202108,제주특별자치도,3,남자,1829,17.0
202108,제주특별자치도,3,여자,1436,17.0
202108,충청남도,1,남자,2995,23.0
202108,충청남도,1,여자,2773,23.0
202108,충청남도,2,남자,3955,23.0
202108,충청남도,2,여자,3151,23.0
202108,충청남도,3,남자,1905,23.0
202108,충청남도,3,여자,1480,23.0
202108,충청북도,1,남자,1987,21.0
202108,충청북도,1,여자,1703,21.0
202108,충청북도,2,남자,2713,21.0
202108,충청북도,2,여자,2192,21.0
202108,충청북도,3,남자,1403,21.0
202108,충청북도,3,여자,1037,21.0
202109,경기도,1,남자,45980,17.0
202109,경기도,1,여자,41963,17.0
202109,경기도,2,남자,45506,17.0
202109,경기도,2,여자,36195,17.0
202109,경기도,3,남자,25363,17.0
202109,경기도,3,여자,17512,17.0
202109,경상남도,1,남자,10474,17.0
202109,경상남도,1,여자,9631,17.0
202109,경상남도,2,남자,10921,17.0
202109,경상남도,2,여자,8957,17.0
202109,경상남도,3,남자,6120,17.0
202109,경상남도,3,여자,4261,17.0
202109,경상북도,1,남자,5650,18.0
202109,경상북도,1,여자,5234,18.0
202109,경상북도,2,남자,7225,18.0
202109,경상북도,2,여자,5877,18.0
202109,경상북도,3,남자,4168,18.0
202109,경상북도,3,여자,2840,18.0
202109,광주광역시,1,남자,4980,15.0
202109,광주광역시,1,여자,4746,15.0
202109,광주광역시,2,남자,5728,15.0
202109,광주광역시,2,여자,4876,15.0
202109,광주광역시,3,남자,3154,15.0
202109,광주광역시,3,여자,2406,15.0
202109,대구광역시,1,남자,6693,18.0
202109,대구광역시,1,여자,6220,18.0
202109,대구광역시,2,남자,8822,18.0
202109,대구광역시,2,여자,7245,18.0
202109,대구광역시,3,남자,4898,18.0
202109,대구광역시,3,여자,3392,18.0
202109,대전광역시,1,남자,5201,15.0
202109,대전광역시,1,여자,4930,15.0
202109,대전광역시,2,남자,5531,15.0
202109,대전광역시,2,여자,4591,15.0
202109,대전광역시,3,남자,3153,15.0
202109,대전광역시,3,여자,2292,15.0
202109,부산광역시,1,남자,9605,17.0
202109,부산광역시,1,여자,9028,17.0
202109,부산광역시,2,남자,8306,17.0
202109,부산광역시,2,여자,7038,17.0
202109,부산광역시,3,남자,3557,17.0
202109,부산광역시,3,여자,2792,17.0
202109,서울특별시,1,남자,19512,15.0
202109,서울특별시,1,여자,17561,15.0
202109,서울특별시,2,남자,18861,15.0
202109,서울특별시,2,여자,14211,15.0
202109,서울특별시,3,남자,10714,15.0
202109,서울특별시,3,여자,7170,15.0
202109,세종특별자치시,1,남자,1999,16.0
202109,세종특별자치시,1,여자,1932,16.0
202109,세종특별자치시,2,남자,2191,16.0
202109,세종특별자치시,2,여자,1783,16.0
202109,세종특별자치시,3,남자,1101,16.0
202109,세종특별자치시,3,여자,869,16.0
202109,울산광역시,1,남자,3235,16.0
202109,울산광역시,1,여자,2924,16.0
202109,울산광역시,2,남자,3312,16.0
202109,울산광역시,2,여자,2750,16.0
202109,울산광역시,3,남자,1641,16.0
202109,울산광역시,3,여자,1068,16.0
202109,인천광역시,1,남자,9677,16.0
202109,인천광역시,1,여자,8839,16.0
202109,인천광역시,2,남자,8866,16.0
202109,인천광역시,2,여자,7249,16.0
202109,인천광역시,3,남자,4611,16.0
202109,인천광역시,3,여자,3341,16.0
202109,전라남도,1,남자,5866,17.0
202109,전라남도,1,여자,5575,17.0
202109,전라남도,2,남자,5547,17.0
202109,전라남도,2,여자,4788,17.0
202109,전라남도,3,남자,2993,17.0
202109,전라남도,3,여자,2246,17.0
202109,전라북도,1,남자,4017,18.0
202109,전라북도,1,여자,3986,18.0
202109,전라북도,2,남자,5578,18.0
202109,전라북도,2,여자,4875,18.0
202109,전라북도,3,남자,3361,18.0
202109,전라북도,3,여자,2500,18.0
202109,제주특별자치도,1,남자,5168,20.0
202109,제주특별자치도,1,여자,4762,20.0
202109,제주특별자치도,2,남자,5526,20.0
202109,제주특별자치도,2,여자,4722,20.0
202109,제주특별자치도,3,남자,2908,20.0
202109,제주특별자치도,3,여자,2188,20.0
202109,충청남도,1,남자,7340,18.0
202109,충청남도,1,여자,6871,18.0
202109,충청남도,2,남자,8071,18.0
202109,충청남도,2,여자,6742,18.0
202109,충청남도,3,남자,4679,18.0
202109,충청남도,3,여자,3366,18.0
202109,충청북도,1,남자,4551,16.0
202109,충청북도,1,여자,4140,16.0
202109,충청북도,2,남자,5619,16.0
202109,충청북도,2,여자,4819,16.0
202109,충청북도,3,남자,3304,16.0
202109,충청북도,3,여자,2364,16.0
202110,경기도,1,남자,40734,31.0
202110,경기도,1,여자,38829,31.0
202110,경기도,2,남자,53389,31.0
202110,경기도,2,여자,47658,31.0
202110,경기도,3,남자,21254,31.0
202110,경기도,3,여자,17853,31.0
202110,경상남도,1,남자,9204,23.0
202110,경상남도,1,여자,8894,23.0
202110,경상남도,2,남자,14942,23.0
202110,경상남도,2,여자,13567,23.0
202110,경상남도,3,남자,7482,23.0
202110,경상남도,3,여자,5901,23.0
202110,경상북도,1,남자,6650,25.0
202110,경상북도,1,여자,6384,25.0
202110,경상북도,2,남자,9501,25.0
202110,경상북도,2,여자,8731,25.0
202110,경상북도,3,남자,4754,25.0
202110,경상북도,3,여자,3701,25.0
202110,광주광역시,1,남자,2924,25.0
202110,광주광역시,1,여자,2760,25.0
202110,광주광역시,2,남자,5033,25.0
202110,광주광역시,2,여자,4624,25.0
202110,광주광역시,3,남자,3124,25.0
202110,광주광역시,3,여자,2533,25.0
202110,대구광역시,1,남자,5862,26.0
202110,대구광역시,1,여자,5477,26.0
202110,대구광역시,2,남자,9364,26.0
202110,대구광역시,2,여자,8640,26.0
202110,대구광역시,3,남자,4947,26.0
202110,대구광역시,3,여자,4031,26.0
202110,대전광역시,1,남자,3491,27.0
202110,대전광역시,1,여자,3324,27.0
202110,대전광역시,2,남자,6009,27.0
202110,대전광역시,2,여자,5428,27.0
202110,대전광역시,3,남자,3214,27.0
202110,대전광역시,3,여자,2725,27.0
202110,부산광역시,1,남자,7388,23.0
202110,부산광역시,1,여자,6975,23.0
202110,부산광역시,2,남자,13786,23.0
202110,부산광역시,2,여자,12269,23.0
202110,부산광역시,3,남자,6544,23.0
202110,부산광역시,3,여자,5300,23.0
202110,서울특별시,1,남자,19884,27.0
202110,서울특별시,1,여자,18393,27.0
202110,서울특별시,2,남자,24649,27.0
202110,서울특별시,2,여자,21445,27.0
202110,서울특별시,3,남자,9778,27.0
202110,서울특별시,3,여자,7921,27.0
202110,세종특별자치시,1,남자,1776,29.0
202110,세종특별자치시,1,여자,1830,29.0
202110,세종특별자치시,2,남자,2236,29.0
202110,세종특별자치시,2,여자,2112,29.0
202110,세종특별자치시,3,남자,901,29.0
202110,세종특별자치시,3,여자,805,29.0
202110,울산광역시,1,남자,3832,22.0
202110,울산광역시,1,여자,3554,22.0
202110,울산광역시,2,남자,5029,22.0
202110,울산광역시,2,여자,4530,22.0
202110,울산광역시,3,남자,2448,22.0
202110,울산광역시,3,여자,1892,22.0
202110,인천광역시,1,남자,8271,28.0
202110,인천광역시,1,여자,7702,28.0
202110,인천광역시,2,남자,11353,28.0
202110,인천광역시,2,여자,10233,28.0
202110,인천광역시,3,남자,4887,28.0
202110,인천광역시,3,여자,4120,28.0
202110,전라남도,1,남자,4566,24.0
202110,전라남도,1,여자,4425,24.0
202110,전라남도,2,남자,5921,24.0
202110,전라남도,2,여자,5514,24.0
202110,전라남도,3,남자,3032,24.0
202110,전라남도,3,여자,2557,24.0
202110,전라북도,1,남자,3384,31.0
202110,전라북도,1,여자,3244,31.0
202110,전라북도,2,남자,6784,31.0
202110,전라북도,2,여자,6094,31.0
202110,전라북도,3,남자,3985,31.0
202110,전라북도,3,여자,3240,31.0
202110,제주특별자치도,1,남자,7248,24.0
202110,제주특별자치도,1,여자,6926,24.0
202110,제주특별자치도,2,남자,8148,24.0
202110,제주특별자치도,2,여자,7295,24.0
202110,제주특별자치도,3,남자,3907,24.0
202110,제주특별자치도,3,여자,3144,24.0
202110,충청남도,1,남자,5426,32.0
202110,충청남도,1,여자,5353,32.0
202110,충청남도,2,남자,8264,32.0
202110,충청남도,2,여자,7818,32.0
202110,충청남도,3,남자,4479,32.0
202110,충청남도,3,여자,3663,32.0
202110,충청북도,1,남자,4239,30.0
202110,충청북도,1,여자,3914,30.0
202110,충청북도,2,남자,6515,30.0
202110,충청북도,2,여자,6069,30.0
202110,충청북도,3,남자,3233,30.0
202110,충청북도,3,여자,2737,30.0
202111,경기도,1,남자,31833,48.0
202111,경기도,1,여자,31368,48.0
202111,경기도,2,남자,63687,48.0
202111,경기도,2,여자,63541,48.0
202111,경기도,3,남자,39487,48.0
202111,경기도,3,여자,36694,48.0
202111,경상남도,1,남자,5090,31.0
202111,경상남도,1,여자,4701,31.0
202111,경상남도,2,남자,13660,31.0
202111,경상남도,2,여자,13687,31.0
202111,경상남도,3,남자,10545,31.0
202111,경상남도,3,여자,9831,31.0
202111,경상북도,1,남자,3681,37.0
202111,경상북도,1,여자,3561,37.0
202111,경상북도,2,남자,9084,37.0
202111,경상북도,2,여자,8838,37.0
202111,경상북도,3,남자,7175,37.0
202111,경상북도,3,여자,6399,37.0
202111,광주광역시,1,남자,2495,34.0
202111,광주광역시,1,여자,2449,34.0
202111,광주광역시,2,남자,7576,34.0
202111,광주광역시,2,여자,7517,34.0
202111,광주광역시,3,남자,5006,34.0
202111,광주광역시,3,여자,4600,34.0
202111,대구광역시,1,남자,4225,40.0
202111,대구광역시,1,여자,4046,40.0
202111,대구광역시,2,남자,10736,40.0
202111,대구광역시,2,여자,10814,40.0
202111,대구광역시,3,남자,7417,40.0
202111,대구광역시,3,여자,7107,40.0
202111,대전광역시,1,남자,2598,38.0
202111,대전광역시,1,여자,2691,38.0
202111,대전광역시,2,남자,6077,38.0
202111,대전광역시,2,여자,6015,38.0
202111,대전광역시,3,남자,5368,38.0
202111,대전광역시,3,여자,4961,38.0
202111,부산광역시,1,남자,4884,34.0
202111,부산광역시,1,여자,4711,34.0
202111,부산광역시,2,남자,10325,34.0
202111,부산광역시,2,여자,10276,34.0
202111,부산광역시,3,남자,7882,34.0
202111,부산광역시,3,여자,7220,34.0
202111,서울특별시,1,남자,15968,45.0
202111,서울특별시,1,여자,15239,45.0
202111,서울특별시,2,남자,30609,45.0
202111,서울특별시,2,여자,29078,45.0
202111,서울특별시,3,남자,18449,45.0
202111,서울특별시,3,여자,16173,45.0
202111,세종특별자치시,1,남자,1283,44.0
202111,세종특별자치시,1,여자,1343,44.0
202111,세종특별자치시,2,남자,2838,44.0
202111,세종특별자치시,2,여자,3011,44.0
202111,세종특별자치시,3,남자,1819,44.0
202111,세종특별자치시,3,여자,1836,44.0
202111,울산광역시,1,남자,2040,32.0
202111,울산광역시,1,여자,1988,32.0
202111,울산광역시,2,남자,5452,32.0
202111,울산광역시,2,여자,5350,32.0
202111,울산광역시,3,남자,4000,32.0
202111,울산광역시,3,여자,3578,32.0
202111,인천광역시,1,남자,6590,44.0
202111,인천광역시,1,여자,6458,44.0
202111,인천광역시,2,남자,12228,44.0
202111,인천광역시,2,여자,12056,44.0
202111,인천광역시,3,남자,8124,44.0
202111,인천광역시,3,여자,7104,44.0
202111,전라남도,1,남자,2518,33.0
202111,전라남도,1,여자,2384,33.0
202111,전라남도,2,남자,7257,33.0
202111,전라남도,2,여자,7481,33.0
202111,전라남도,3,남자,5023,33.0
202111,전라남도,3,여자,4590,33.0
202111,전라북도,1,남자,2197,40.0
202111,전라북도,1,여자,2143,40.0
202111,전라북도,2,남자,6535,40.0
202111,전라북도,2,여자,6517,40.0
202111,전라북도,3,남자,5613,40.0
202111,전라북도,3,여자,5392,40.0
202111,제주특별자치도,1,남자,3688,36.0
202111,제주특별자치도,1,여자,3648,36.0
202111,제주특별자치도,2,남자,8113,36.0
202111,제주특별자치도,2,여자,8119,36.0
202111,제주특별자치도,3,남자,6070,36.0
202111,제주특별자치도,3,여자,5382,36.0
202111,충청남도,1,남자,4084,43.0
202111,충청남도,1,여자,4004,43.0
202111,충청남도,2,남자,9973,43.0
202111,충청남도,2,여자,9995,43.0
202111,충청남도,3,남자,7252,43.0
202111,충청남도,3,여자,6894,43.0
202111,충청북도,1,남자,2946,44.0
202111,충청북도,1,여자,2950,44.0
202111,충청북도,2,남자,6066,44.0
202111,충청북도,2,여자,6564,44.0
202111,충청북도,3,남자,5153,44.0
202111,충청북도,3,여자,4717,44.0
202112,경기도,1,남자,18970,41.0
202112,경기도,1,여자,17894,41.0
202112,경기도,2,남자,23793,41.0
202112,경기도,2,여자,22103,41.0
202112,경기도,3,남자,17761,41.0
202112,경기도,3,여자,16488,41.0
202112,경상남도,1,남자,5935,28.0
202112,경상남도,1,여자,5835,28.0
202112,경상남도,2,남자,6103,28.0
202112,경상남도,2,여자,5827,28.0
202112,경상남도,3,남자,3722,28.0
202112,경상남도,3,여자,3257,28.0
202112,경상북도,1,남자,3583,34.0
202112,경상북도,1,여자,3320,34.0
202112,경상북도,2,남자,3602,34.0
202112,경상북도,2,여자,3457,34.0
202112,경상북도,3,남자,2207,34.0
202112,경상북도,3,여자,1819,34.0
202112,광주광역시,1,남자,2310,34.0
202112,광주광역시,1,여자,2375,34.0
202112,광주광역시,2,남자,2646,34.0
202112,광주광역시,2,여자,2485,34.0
202112,광주광역시,3,남자,1792,34.0
202112,광주광역시,3,여자,1625,34.0
202112,대구광역시,1,남자,3475,38.0
202112,대구광역시,1,여자,3399,38.0
202112,대구광역시,2,남자,3620,38.0
202112,대구광역시,2,여자,3300,38.0
202112,대구광역시,3,남자,2322,38.0
202112,대구광역시,3,여자,2115,38.0
202112,대전광역시,1,남자,1797,40.0
202112,대전광역시,1,여자,1714,40.0
202112,대전광역시,2,남자,2056,40.0
202112,대전광역시,2,여자,1921,40.0
202112,대전광역시,3,남자,1312,40.0
202112,대전광역시,3,여자,1135,40.0
202112,부산광역시,1,남자,5407,31.0
202112,부산광역시,1,여자,5180,31.0
202112,부산광역시,2,남자,5342,31.0
202112,부산광역시,2,여자,4872,31.0
202112,부산광역시,3,남자,2639,31.0
202112,부산광역시,3,여자,2288,31.0
202112,서울특별시,1,남자,9340,39.0
202112,서울특별시,1,여자,8743,39.0
202112,서울특별시,2,남자,10376,39.0
202112,서울특별시,2,여자,9390,39.0
202112,서울특별시,3,남자,8132,39.0
202112,서울특별시,3,여자,7342,39.0
202112,세종특별자치시,1,남자,897,43.0
202112,세종특별자치시,1,여자,933,43.0
202112,세종특별자치시,2,남자,817,43.0
202112,세종특별자치시,2,여자,766,43.0
202112,세종특별자치시,3,남자,543,43.0
202112,세종특별자치시,3,여자,422,43.0
202112,울산광역시,1,남자,2314,29.0
202112,울산광역시,1,여자,2147,29.0
202112,울산광역시,2,남자,2158,29.0
202112,울산광역시,2,여자,1956,29.0
202112,울산광역시,3,남자,1158,29.0
202112,울산광역시,3,여자,1092,29.0
202112,인천광역시,1,남자,3684,39.0
202112,인천광역시,1,여자,3432,39.0
202112,인천광역시,2,남자,4578,39.0
202112,인천광역시,2,여자,4245,39.0
202112,인천광역시,3,남자,3656,39.0
202112,인천광역시,3,여자,3099,39.0
202112,전라남도,1,남자,2743,31.0
202112,전라남도,1,여자,2749,31.0
202112,전라남도,2,남자,3286,31.0
202112,전라남도,2,여자,3192,31.0
202112,전라남도,3,남자,2017,31.0
202112,전라남도,3,여자,1976,31.0
202112,전라북도,1,남자,1881,38.0
202112,전라북도,1,여자,1853,38.0
202112,전라북도,2,남자,2697,38.0
202112,전라북도,2,여자,2535,38.0
202112,전라북도,3,남자,1887,38.0
202112,전라북도,3,여자,1677,38.0
202112,제주특별자치도,1,남자,3066,28.0
202112,제주특별자치도,1,여자,2965,28.0
202112,제주특별자치도,2,남자,3753,28.0
202112,제주특별자치도,2,여자,3625,28.0
202112,제주특별자치도,3,남자,2185,28.0
202112,제주특별자치도,3,여자,1971,28.0
202112,충청남도,1,남자,3152,42.0
202112,충청남도,1,여자,3022,42.0
202112,충청남도,2,남자,3456,42.0
202112,충청남도,2,여자,3183,42.0
202112,충청남도,3,남자,2038,42.0
202112,충청남도,3,여자,1813,42.0
202112,충청북도,1,남자,2232,40.0
202112,충청북도,1,여자,2159,40.0
202112,충청북도,2,남자,2924,40.0
202112,충청북도,2,여자,2738,40.0
202112,충청북도,3,남자,1754,40.0
202112,충청북도,3,여자,1514,40.0
202201,경기도,1,남자,22895,46.0
202201,경기도,1,여자,21722,46.0
202201,경기도,2,남자,26635,46.0
202201,경기도,2,여자,23894,46.0
202201,경기도,3,남자,10342,46.0
202201,경기도,3,여자,8851,46.0
202201,경상남도,1,남자,6052,29.0
202201,경상남도,1,여자,5910,29.0
202201,경상남도,2,남자,7735,29.0
202201,경상남도,2,여자,7220,29.0
202201,경상남도,3,남자,2999,29.0
202201,경상남도,3,여자,2467,29.0
202201,경상북도,1,남자,4137,34.0
202201,경상북도,1,여자,3935,34.0
202201,경상북도,2,남자,4394,34.0
202201,경상북도,2,여자,3952,34.0
202201,경상북도,3,남자,1676,34.0
202201,경상북도,3,여자,1347,34.0
202201,광주광역시,1,남자,2526,32.0
202201,광주광역시,1,여자,2490,32.0
202201,광주광역시,2,남자,3199,32.0
202201,광주광역시,2,여자,2972,32.0
202201,광주광역시,3,남자,1188,32.0
202201,광주광역시,3,여자,1031,32.0
202201,대구광역시,1,남자,3858,37.0
202201,대구광역시,1,여자,3653,37.0
202201,대구광역시,2,남자,4722,37.0
202201,대구광역시,2,여자,4081,37.0
202201,대구광역시,3,남자,1899,37.0
202201,대구광역시,3,여자,1556,37.0
202201,대전광역시,1,남자,2691,45.0
202201,대전광역시,1,여자,2612,45.0
202201,대전광역시,2,남자,3314,45.0
202201,대전광역시,2,여자,2962,45.0
202201,대전광역시,3,남자,1230,45.0
202201,대전광역시,3,여자,1013,45.0
202201,부산광역시,1,남자,4239,31.0
202201,부산광역시,1,여자,4090,31.0
202201,부산광역시,2,남자,5673,31.0
202201,부산광역시,2,여자,5259,31.0
202201,부산광역시,3,남자,2618,31.0
202201,부산광역시,3,여자,1905,31.0
202201,서울특별시,1,남자,12567,43.0
202201,서울특별시,1,여자,11675,43.0
202201,서울특별시,2,남자,12586,43.0
202201,서울특별시,2,여자,10686,43.0
202201,서울특별시,3,남자,5257,43.0
202201,서울특별시,3,여자,4285,43.0
202201,세종특별자치시,1,남자,1295,47.0
202201,세종특별자치시,1,여자,1283,47.0
202201,세종특별자치시,2,남자,1231,47.0
202201,세종특별자치시,2,여자,1216,47.0
202201,세종특별자치시,3,남자,465,47.0
202201,세종특별자치시,3,여자,384,47.0
202201,울산광역시,1,남자,2125,29.0
202201,울산광역시,1,여자,2093,29.0
202201,울산광역시,2,남자,2601,29.0
202201,울산광역시,2,여자,2493,29.0
202201,울산광역시,3,남자,976,29.0
202201,울산광역시,3,여자,761,29.0
202201,인천광역시,1,남자,5445,42.0
202201,인천광역시,1,여자,4934,42.0
202201,인천광역시,2,남자,5892,42.0
202201,인천광역시,2,여자,5306,42.0
202201,인천광역시,3,남자,2425,42.0
202201,인천광역시,3,여자,2054,42.0
202201,전라남도,1,남자,2827,31.0
202201,전라남도,1,여자,2773,31.0
202201,전라남도,2,남자,3281,31.0
202201,전라남도,2,여자,3015,31.0
202201,전라남도,3,남자,1285,31.0
202201,전라남도,3,여자,1109,31.0
202201,전라북도,1,남자,2719,39.0
202201,전라북도,1,여자,2669,39.0
202201,전라북도,2,남자,3325,39.0
202201,전라북도,2,여자,3021,39.0
202201,전라북도,3,남자,1342,39.0
202201,전라북도,3,여자,1107,39.0
202201,제주특별자치도,1,남자,3407,25.0
202201,제주특별자치도,1,여자,3369,25.0
202201,제주특별자치도,2,남자,4110,25.0
202201,제주특별자치도,2,여자,3714,25.0
202201,제주특별자치도,3,남자,1556,25.0
202201,제주특별자치도,3,여자,1323,25.0
202201,충청남도,1,남자,3912,45.0
202201,충청남도,1,여자,3630,45.0
202201,충청남도,2,남자,4706,45.0
202201,충청남도,2,여자,4247,45.0
202201,충청남도,3,남자,1671,45.0
202201,충청남도,3,여자,1414,45.0
202201,충청북도,1,남자,2725,44.0
202201,충청북도,1,여자,2669,44.0
202201,충청북도,2,남자,3429,44.0
202201,충청북도,2,여자,3239,44.0
202201,충청북도,3,남자,1362,44.0
202201,충청북도,3,여자,1166,44.0
202202,경기도,1,남자,16579,42.0
202202,경기도,1,여자,15517,42.0
202202,경기도,2,남자,28800,42.0
202202,경기도,2,여자,24522,42.0
202202,경기도,3,남자,15762,42.0
202202,경기도,3,여자,13457,42.0
202202,경상남도,1,남자,3260,28.0
202202,경상남도,1,여자,3093,28.0
202202,경상남도,2,남자,7528,28.0
202202,경상남도,2,여자,6623,28.0
202202,경상남도,3,남자,4746,28.0
202202,경상남도,3,여자,3848,28.0
202202,경상북도,1,남자,2835,34.0
202202,경상북도,1,여자,2637,34.0
202202,경상북도,2,남자,4888,34.0
202202,경상북도,2,여자,4028,34.0
202202,경상북도,3,남자,2715,34.0
202202,경상북도,3,여자,2259,34.0
202202,광주광역시,1,남자,938,34.0
202202,광주광역시,1,여자,885,34.0
202202,광주광역시,2,남자,2600,34.0
202202,광주광역시,2,여자,2146,34.0
202202,광주광역시,3,남자,1698,34.0
202202,광주광역시,3,여자,1412,34.0
202202,대구광역시,1,남자,2616,35.0
202202,대구광역시,1,여자,2518,35.0
202202,대구광역시,2,남자,5888,35.0
202202,대구광역시,2,여자,5179,35.0
202202,대구광역시,3,남자,3499,35.0
202202,대구광역시,3,여자,2905,35.0
202202,대전광역시,1,남자,1459,40.0
202202,대전광역시,1,여자,1386,40.0
202202,대전광역시,2,남자,3248,40.0
202202,대전광역시,2,여자,2833,40.0
202202,대전광역시,3,남자,1949,40.0
202202,대전광역시,3,여자,1671,40.0
202202,부산광역시,1,남자,3439,30.0
202202,부산광역시,1,여자,3194,30.0
202202,부산광역시,2,남자,7017,30.0
202202,부산광역시,2,여자,5927,30.0
202202,부산광역시,3,남자,4043,30.0
202202,부산광역시,3,여자,3411,30.0
202202,서울특별시,1,남자,9022,40.0
202202,서울특별시,1,여자,8391,40.0
202202,서울특별시,2,남자,15203,40.0
202202,서울특별시,2,여자,13166,40.0
202202,서울특별시,3,남자,8693,40.0
202202,서울특별시,3,여자,7331,40.0
202202,세종특별자치시,1,남자,700,43.0
202202,세종특별자치시,1,여자,668,43.0
202202,세종특별자치시,2,남자,1248,43.0
202202,세종특별자치시,2,여자,1052,43.0
202202,세종특별자치시,3,남자,660,43.0
202202,세종특별자치시,3,여자,613,43.0
202202,울산광역시,1,남자,1249,29.0
202202,울산광역시,1,여자,1201,29.0
202202,울산광역시,2,남자,2661,29.0
202202,울산광역시,2,여자,2254,29.0
202202,울산광역시,3,남자,1469,29.0
202202,울산광역시,3,여자,1198,29.0
202202,인천광역시,1,남자,3710,38.0
202202,인천광역시,1,여자,3519,38.0
202202,인천광역시,2,남자,6837,38.0
202202,인천광역시,2,여자,5744,38.0
202202,인천광역시,3,남자,3880,38.0
202202,인천광역시,3,여자,3292,38.0
202202,전라남도,1,남자,1531,32.0
202202,전라남도,1,여자,1496,32.0
202202,전라남도,2,남자,2659,32.0
202202,전라남도,2,여자,2367,32.0
202202,전라남도,3,남자,1556,32.0
202202,전라남도,3,여자,1326,32.0
202202,전라북도,1,남자,1605,39.0
202202,전라북도,1,여자,1477,39.0
202202,전라북도,2,남자,3292,39.0
202202,전라북도,2,여자,2808,39.0
202202,전라북도,3,남자,2041,39.0
202202,전라북도,3,여자,1777,39.0
202202,제주특별자치도,1,남자,2099,29.0
202202,제주특별자치도,1,여자,1970,29.0
202202,제주특별자치도,2,남자,3493,29.0
202202,제주특별자치도,2,여자,3000,29.0
202202,제주특별자치도,3,남자,2078,29.0
202202,제주특별자치도,3,여자,1658,29.0
202202,충청남도,1,남자,2320,43.0
202202,충청남도,1,여자,2351,43.0
202202,충청남도,2,남자,4619,43.0
202202,충청남도,2,여자,3998,43.0
202202,충청남도,3,남자,2477,43.0
202202,충청남도,3,여자,2142,43.0
202202,충청북도,1,남자,1673,41.0
202202,충청북도,1,여자,1625,41.0
202202,충청북도,2,남자,3112,41.0
202202,충청북도,2,여자,2767,41.0
202202,충청북도,3,남자,1745,41.0
202202,충청북도,3,여자,1591,41.0
202203,경기도,1,남자,26385,46.0
202203,경기도,1,여자,24289,46.0
202203,경기도,2,남자,38552,46.0
202203,경기도,2,여자,31565,46.0
202203,경기도,3,남자,30270,46.0
202203,경기도,3,여자,25542,46.0
202203,경상남도,1,남자,5191,34.0
202203,경상남도,1,여자,4717,34.0
202203,경상남도,2,남자,9823,34.0
202203,경상남도,2,여자,7616,34.0
202203,경상남도,3,남자,8574,34.0
202203,경상남도,3,여자,7160,34.0
202203,경상북도,1,남자,3331,43.0
202203,경상북도,1,여자,3119,43.0
202203,경상북도,2,남자,6308,43.0
202203,경상북도,2,여자,5086,43.0
202203,경상북도,3,남자,5268,43.0
202203,경상북도,3,여자,4147,43.0
202203,광주광역시,1,남자,3075,38.0
202203,광주광역시,1,여자,2853,38.0
202203,광주광역시,2,남자,3958,38.0
202203,광주광역시,2,여자,3194,38.0
202203,광주광역시,3,남자,3671,38.0
202203,광주광역시,3,여자,2954,38.0
202203,대구광역시,1,남자,3930,42.0
202203,대구광역시,1,여자,3568,42.0
202203,대구광역시,2,남자,7297,42.0
202203,대구광역시,2,여자,5926,42.0
202203,대구광역시,3,남자,5737,42.0
202203,대구광역시,3,여자,4724,42.0
202203,대전광역시,1,남자,2187,44.0
202203,대전광역시,1,여자,2004,44.0
202203,대전광역시,2,남자,3791,44.0
202203,대전광역시,2,여자,3163,44.0
202203,대전광역시,3,남자,3440,44.0
202203,대전광역시,3,여자,2799,44.0
202203,부산광역시,1,남자,4957,38.0
202203,부산광역시,1,여자,4594,38.0
202203,부산광역시,2,남자,7643,38.0
202203,부산광역시,2,여자,6196,38.0
202203,부산광역시,3,남자,5875,38.0
202203,부산광역시,3,여자,4812,38.0
202203,서울특별시,1,남자,11886,41.0
202203,서울특별시,1,여자,10596,41.0
202203,서울특별시,2,남자,17629,41.0
202203,서울특별시,2,여자,14135,41.0
202203,서울특별시,3,남자,14674,41.0
202203,서울특별시,3,여자,12382,41.0
202203,세종특별자치시,1,남자,1137,46.0
202203,세종특별자치시,1,여자,1112,46.0
202203,세종특별자치시,2,남자,1816,46.0
202203,세종특별자치시,2,여자,1553,46.0
202203,세종특별자치시,3,남자,1301,46.0
202203,세종특별자치시,3,여자,1208,46.0
202203,울산광역시,1,남자,2068,39.0
202203,울산광역시,1,여자,1852,39.0
202203,울산광역시,2,남자,3263,39.0
202203,울산광역시,2,여자,2608,39.0
202203,울산광역시,3,남자,2782,39.0
202203,울산광역시,3,여자,2128,39.0
202203,인천광역시,1,남자,5185,42.0
202203,인천광역시,1,여자,4823,42.0
202203,인천광역시,2,남자,7554,42.0
202203,인천광역시,2,여자,6328,42.0
202203,인천광역시,3,남자,5996,42.0
202203,인천광역시,3,여자,5026,42.0
202203,전라남도,1,남자,3213,35.0
202203,전라남도,1,여자,2963,35.0
202203,전라남도,2,남자,5048,35.0
202203,전라남도,2,여자,4327,35.0
202203,전라남도,3,남자,3898,35.0
202203,전라남도,3,여자,3320,35.0
202203,전라북도,1,남자,2136,43.0
202203,전라북도,1,여자,1834,43.0
202203,전라북도,2,남자,3982,43.0
202203,전라북도,2,여자,3369,43.0
202203,전라북도,3,남자,3771,43.0
202203,전라북도,3,여자,3182,43.0
202203,제주특별자치도,1,남자,3401,40.0
202203,제주특별자치도,1,여자,3196,40.0
202203,제주특별자치도,2,남자,5406,40.0
202203,제주특별자치도,2,여자,4473,40.0
202203,제주특별자치도,3,남자,4375,40.0
202203,제주특별자치도,3,여자,3531,40.0
202203,충청남도,1,남자,4062,46.0
202203,충청남도,1,여자,3909,46.0
202203,충청남도,2,남자,6188,46.0
202203,충청남도,2,여자,5164,46.0
202203,충청남도,3,남자,4830,46.0
202203,충청남도,3,여자,4025,46.0
202203,충청북도,1,남자,2457,46.0
202203,충청북도,1,여자,2347,46.0
202203,충청북도,2,남자,4306,46.0
202203,충청북도,2,여자,3695,46.0
202203,충청북도,3,남자,3781,46.0
202203,충청북도,3,여자,3121,46.0
202204,경기도,1,남자,46451,47.0
202204,경기도,1,여자,42986,47.0
202204,경기도,2,남자,46469,47.0
202204,경기도,2,여자,36035,47.0
202204,경기도,3,남자,21906,47.0
202204,경기도,3,여자,16007,47.0
202204,경상남도,1,남자,9578,29.0
202204,경상남도,1,여자,9054,29.0
202204,경상남도,2,남자,9850,29.0
202204,경상남도,2,여자,7745,29.0
202204,경상남도,3,남자,5218,29.0
202204,경상남도,3,여자,3759,29.0
202204,경상북도,1,남자,6471,36.0
202204,경상북도,1,여자,5857,36.0
202204,경상북도,2,남자,7765,36.0
202204,경상북도,2,여자,5795,36.0
202204,경상북도,3,남자,4556,36.0
202204,경상북도,3,여자,3001,36.0
202204,광주광역시,1,남자,4558,34.0
202204,광주광역시,1,여자,4363,34.0
202204,광주광역시,2,남자,4183,34.0
202204,광주광역시,2,여자,3361,34.0
202204,광주광역시,3,남자,2337,34.0
202204,광주광역시,3,여자,1772,34.0
202204,대구광역시,1,남자,7320,36.0
202204,대구광역시,1,여자,6841,36.0
202204,대구광역시,2,남자,9003,36.0
202204,대구광역시,2,여자,7082,36.0
202204,대구광역시,3,남자,4978,36.0
202204,대구광역시,3,여자,3549,36.0
202204,대전광역시,1,남자,4644,39.0
202204,대전광역시,1,여자,4281,39.0
202204,대전광역시,2,남자,4840,39.0
202204,대전광역시,2,여자,3737,39.0
202204,대전광역시,3,남자,2676,39.0
202204,대전광역시,3,여자,1892,39.0
202204,부산광역시,1,남자,8141,32.0
202204,부산광역시,1,여자,7686,32.0
202204,부산광역시,2,남자,8038,32.0
202204,부산광역시,2,여자,6399,32.0
202204,부산광역시,3,남자,3156,32.0
202204,부산광역시,3,여자,2274,32.0
202204,서울특별시,1,남자,23583,45.0
202204,서울특별시,1,여자,21081,45.0
202204,서울특별시,2,남자,24336,45.0
202204,서울특별시,2,여자,17510,45.0
202204,서울특별시,3,남자,12619,45.0
202204,서울특별시,3,여자,8443,45.0
202204,세종특별자치시,1,남자,2143,40.0
202204,세종특별자치시,1,여자,1969,40.0
202204,세종특별자치시,2,남자,1953,40.0
202204,세종특별자치시,2,여자,1607,40.0
202204,세종특별자치시,3,남자,877,40.0
202204,세종특별자치시,3,여자,710,40.0
202204,울산광역시,1,남자,3917,34.0
202204,울산광역시,1,여자,3610,34.0
202204,울산광역시,2,남자,3967,34.0
202204,울산광역시,2,여자,3087,34.0
202204,울산광역시,3,남자,1807,34.0
202204,울산광역시,3,여자,1279,34.0
202204,인천광역시,1,남자,9547,44.0
202204,인천광역시,1,여자,9057,44.0
202204,인천광역시,2,남자,8357,44.0
202204,인천광역시,2,여자,6961,44.0
202204,인천광역시,3,남자,4138,44.0
202204,인천광역시,3,여자,3119,44.0
202204,전라남도,1,남자,4756,31.0
202204,전라남도,1,여자,4483,31.0
202204,전라남도,2,남자,3745,31.0
202204,전라남도,2,여자,3081,31.0
202204,전라남도,3,남자,2085,31.0
202204,전라남도,3,여자,1641,31.0
202204,전라북도,1,남자,3854,41.0
202204,전라북도,1,여자,3630,41.0
202204,전라북도,2,남자,3874,41.0
202204,전라북도,2,여자,3038,41.0
202204,전라북도,3,남자,2247,41.0
202204,전라북도,3,여자,1729,41.0
202204,제주특별자치도,1,남자,5933,31.0
202204,제주특별자치도,1,여자,5532,31.0
202204,제주특별자치도,2,남자,5591,31.0
202204,제주특별자치도,2,여자,4280,31.0
202204,제주특별자치도,3,남자,3245,31.0
202204,제주특별자치도,3,여자,2411,31.0
202204,충청남도,1,남자,7039,44.0
202204,충청남도,1,여자,6660,44.0
202204,충청남도,2,남자,6292,44.0
202204,충청남도,2,여자,5057,44.0
202204,충청남도,3,남자,3132,44.0
202204,충청남도,3,여자,2413,44.0
202204,충청북도,1,남자,4961,40.0
202204,충청북도,1,여자,4550,40.0
202204,충청북도,2,남자,5059,40.0
202204,충청북도,2,여자,3844,40.0
202204,충청북도,3,남자,2522,40.0
202204,충청북도,3,여자,1877,40.0
202205,경기도,1,남자,32091,35.0
202205,경기도,1,여자,31839,35.0
202205,경기도,2,남자,35552,35.0
202205,경기도,2,여자,32738,35.0
202205,경기도,3,남자,15992,35.0
202205,경기도,3,여자,13296,35.0
202205,경상남도,1,남자,6196,29.0
202205,경상남도,1,여자,6128,29.0
202205,경상남도,2,남자,7281,29.0
202205,경상남도,2,여자,6824,29.0
202205,경상남도,3,남자,3833,29.0
202205,경상남도,3,여자,2972,29.0
202205,경상북도,1,남자,4819,33.0
202205,경상북도,1,여자,4747,33.0
202205,경상북도,2,남자,4467,33.0
202205,경상북도,2,여자,4311,33.0
202205,경상북도,3,남자,2237,33.0
202205,경상북도,3,여자,1708,33.0
202205,광주광역시,1,남자,3093,29.0
202205,광주광역시,1,여자,3106,29.0
202205,광주광역시,2,남자,3823,29.0
202205,광주광역시,2,여자,3581,29.0
202205,광주광역시,3,남자,1854,29.0
202205,광주광역시,3,여자,1284,29.0
202205,대구광역시,1,남자,4397,33.0
202205,대구광역시,1,여자,4430,33.0
202205,대구광역시,2,남자,4351,33.0
202205,대구광역시,2,여자,4343,33.0
202205,대구광역시,3,남자,2126,33.0
202205,대구광역시,3,여자,1817,33.0
202205,대전광역시,1,남자,3066,31.0
202205,대전광역시,1,여자,3144,31.0
202205,대전광역시,2,남자,3433,31.0
202205,대전광역시,2,여자,3253,31.0
202205,대전광역시,3,남자,1626,31.0
202205,대전광역시,3,여자,1320,31.0
202205,부산광역시,1,남자,5273,31.0
202205,부산광역시,1,여자,5129,31.0
202205,부산광역시,2,남자,6496,31.0
202205,부산광역시,2,여자,5922,31.0
202205,부산광역시,3,남자,2633,31.0
202205,부산광역시,3,여자,2242,31.0
202205,서울특별시,1,남자,16452,33.0
202205,서울특별시,1,여자,15879,33.0
202205,서울특별시,2,남자,16542,33.0
202205,서울특별시,2,여자,15341,33.0
202205,서울특별시,3,남자,7930,33.0
202205,서울특별시,3,여자,6196,33.0
202205,세종특별자치시,1,남자,1409,31.0
202205,세종특별자치시,1,여자,1521,31.0
202205,세종특별자치시,2,남자,1370,31.0
202205,세종특별자치시,2,여자,1363,31.0
202205,세종특별자치시,3,남자,576,31.0
202205,세종특별자치시,3,여자,540,31.0
202205,울산광역시,1,남자,2271,34.0
202205,울산광역시,1,여자,2285,34.0
202205,울산광역시,2,남자,2323,34.0
202205,울산광역시,2,여자,2226,34.0
202205,울산광역시,3,남자,1001,34.0
202205,울산광역시,3,여자,828,34.0
202205,인천광역시,1,남자,6300,32.0
202205,인천광역시,1,여자,6150,32.0
202205,인천광역시,2,남자,7552,32.0
202205,인천광역시,2,여자,6626,32.0
202205,인천광역시,3,남자,3557,32.0
202205,인천광역시,3,여자,2847,32.0
202205,전라남도,1,남자,3980,29.0
202205,전라남도,1,여자,4011,29.0
202205,전라남도,2,남자,4016,29.0
202205,전라남도,2,여자,3732,29.0
202205,전라남도,3,남자,1788,29.0
202205,전라남도,3,여자,1426,29.0
202205,전라북도,1,남자,3772,34.0
202205,전라북도,1,여자,3546,34.0
202205,전라북도,2,남자,4441,34.0
202205,전라북도,2,여자,4103,34.0
202205,전라북도,3,남자,2392,34.0
202205,전라북도,3,여자,1711,34.0
202205,제주특별자치도,1,남자,5104,29.0
202205,제주특별자치도,1,여자,5055,29.0
202205,제주특별자치도,2,남자,5424,29.0
202205,제주특별자치도,2,여자,4727,29.0
202205,제주특별자치도,3,남자,2766,29.0
202205,제주특별자치도,3,여자,2093,29.0
202205,충청남도,1,남자,4836,34.0
202205,충청남도,1,여자,4849,34.0
202205,충청남도,2,남자,5319,34.0
202205,충청남도,2,여자,5076,34.0
202205,충청남도,3,남자,2452,34.0
202205,충청남도,3,여자,1985,34.0
202205,충청북도,1,남자,3302,34.0
202205,충청북도,1,여자,3342,34.0
202205,충청북도,2,남자,3642,34.0
202205,충청북도,2,여자,3433,34.0
202205,충청북도,3,남자,1967,34.0
202205,충청북도,3,여자,1538,34.0
202206,경기도,1,남자,23438,23.0
202206,경기도,1,여자,23831,23.0
202206,경기도,2,남자,30491,23.0
202206,경기도,2,여자,30584,23.0
202206,경기도,3,남자,15027,23.0
202206,경기도,3,여자,13438,23.0
202206,경상남도,1,남자,4631,19.0
202206,경상남도,1,여자,4551,19.0
202206,경상남도,2,남자,6422,19.0
202206,경상남도,2,여자,6407,19.0
202206,경상남도,3,남자,3373,19.0
202206,경상남도,3,여자,2802,19.0
202206,경상북도,1,남자,4196,23.0
202206,경상북도,1,여자,4168,23.0
202206,경상북도,2,남자,4857,23.0
202206,경상북도,2,여자,4860,23.0
202206,경상북도,3,남자,2135,23.0
202206,경상북도,3,여자,1715,23.0
202206,광주광역시,1,남자,2445,20.0
202206,광주광역시,1,여자,2464,20.0
202206,광주광역시,2,남자,3735,20.0
202206,광주광역시,2,여자,3559,20.0
202206,광주광역시,3,남자,1660,20.0
202206,광주광역시,3,여자,1419,20.0
202206,대구광역시,1,남자,4250,22.0
202206,대구광역시,1,여자,4544,22.0
202206,대구광역시,2,남자,6037,22.0
202206,대구광역시,2,여자,6138,22.0
202206,대구광역시,3,남자,2303,22.0
202206,대구광역시,3,여자,1926,22.0
202206,대전광역시,1,남자,2180,21.0
202206,대전광역시,1,여자,2231,21.0
202206,대전광역시,2,남자,2960,21.0
202206,대전광역시,2,여자,2856,21.0
202206,대전광역시,3,남자,1577,21.0
202206,대전광역시,3,여자,1266,21.0
202206,부산광역시,1,남자,4037,19.0
202206,부산광역시,1,여자,4114,19.0
202206,부산광역시,2,남자,5828,19.0
202206,부산광역시,2,여자,5782,19.0
202206,부산광역시,3,남자,2722,19.0
202206,부산광역시,3,여자,2219,19.0
202206,서울특별시,1,남자,11732,22.0
202206,서울특별시,1,여자,11830,22.0
202206,서울특별시,2,남자,13714,22.0
202206,서울특별시,2,여자,13699,22.0
202206,서울특별시,3,남자,7470,22.0
202206,서울특별시,3,여자,6049,22.0
202206,세종특별자치시,1,남자,1013,22.0
202206,세종특별자치시,1,여자,1093,22.0
202206,세종특별자치시,2,남자,1210,22.0
202206,세종특별자치시,2,여자,1246,22.0
202206,세종특별자치시,3,남자,594,22.0
202206,세종특별자치시,3,여자,532,22.0
202206,울산광역시,1,남자,1783,21.0
202206,울산광역시,1,여자,1780,21.0
202206,울산광역시,2,남자,2363,21.0
202206,울산광역시,2,여자,2202,21.0
202206,울산광역시,3,남자,1080,21.0
202206,울산광역시,3,여자,813,21.0
202206,인천광역시,1,남자,4899,21.0
202206,인천광역시,1,여자,4782,21.0
202206,인천광역시,2,남자,6274,21.0
202206,인천광역시,2,여자,6094,21.0
202206,인천광역시,3,남자,3662,21.0
202206,인천광역시,3,여자,2973,21.0
202206,전라남도,1,남자,2652,20.0
202206,전라남도,1,여자,2675,20.0
202206,전라남도,2,남자,3567,20.0
202206,전라남도,2,여자,3537,20.0
202206,전라남도,3,남자,1731,20.0
202206,전라남도,3,여자,1588,20.0
202206,전라북도,1,남자,2198,23.0
202206,전라북도,1,여자,2256,23.0
202206,전라북도,2,남자,3204,23.0
202206,전라북도,2,여자,3182,23.0
202206,전라북도,3,남자,1945,23.0
202206,전라북도,3,여자,1570,23.0
202206,제주특별자치도,1,남자,3423,21.0
202206,제주특별자치도,1,여자,3442,21.0
202206,제주특별자치도,2,남자,3672,21.0
202206,제주특별자치도,2,여자,3554,21.0
202206,제주특별자치도,3,남자,1978,21.0
202206,제주특별자치도,3,여자,1598,21.0
202206,충청남도,1,남자,3460,22.0
202206,충청남도,1,여자,3479,22.0
202206,충청남도,2,남자,4814,22.0
202206,충청남도,2,여자,4737,22.0
202206,충청남도,3,남자,2466,22.0
202206,충청남도,3,여자,2072,22.0
202206,충청북도,1,남자,2460,23.0
202206,충청북도,1,여자,2580,23.0
202206,충청북도,2,남자,3144,23.0
202206,충청북도,2,여자,3205,23.0
202206,충청북도,3,남자,1494,23.0
202206,충청북도,3,여자,1372,23.0
202207,경기도,1,남자,17121,25.0
202207,경기도,1,여자,16740,25.0
202207,경기도,2,남자,43781,25.0
202207,경기도,2,여자,40898,25.0
202207,경기도,3,남자,25360,25.0
202207,경기도,3,여자,22252,25.0
202207,경상남도,1,남자,4204,21.0
202207,경상남도,1,여자,4037,21.0
202207,경상남도,2,남자,10104,21.0
202207,경상남도,2,여자,9406,21.0
202207,경상남도,3,남자,5382,21.0
202207,경상남도,3,여자,4577,21.0
202207,경상북도,1,남자,2774,20.0
202207,경상북도,1,여자,2679,20.0
202207,경상북도,2,남자,6310,20.0
202207,경상북도,2,여자,5932,20.0
202207,경상북도,3,남자,3659,20.0
202207,경상북도,3,여자,2784,20.0
202207,광주광역시,1,남자,1582,18.0
202207,광주광역시,1,여자,1618,18.0
202207,광주광역시,2,남자,4288,18.0
202207,광주광역시,2,여자,4012,18.0
202207,광주광역시,3,남자,2202,18.0
202207,광주광역시,3,여자,1907,18.0
202207,대구광역시,1,남자,2863,20.0
202207,대구광역시,1,여자,2726,20.0
202207,대구광역시,2,남자,6967,20.0
202207,대구광역시,2,여자,6504,20.0
202207,대구광역시,3,남자,3927,20.0
202207,대구광역시,3,여자,3264,20.0
202207,대전광역시,1,남자,1644,20.0
202207,대전광역시,1,여자,1610,20.0
202207,대전광역시,2,남자,4361,20.0
202207,대전광역시,2,여자,3969,20.0
202207,대전광역시,3,남자,2687,20.0
202207,대전광역시,3,여자,2118,20.0
202207,부산광역시,1,남자,3515,20.0
202207,부산광역시,1,여자,3432,20.0
202207,부산광역시,2,남자,7654,20.0
202207,부산광역시,2,여자,6983,20.0
202207,부산광역시,3,남자,4148,20.0
202207,부산광역시,3,여자,3435,20.0
202207,서울특별시,1,남자,8854,25.0
202207,서울특별시,1,여자,8352,25.0
202207,서울특별시,2,남자,20242,25.0
202207,서울특별시,2,여자,18721,25.0
202207,서울특별시,3,남자,12378,25.0
202207,서울특별시,3,여자,10247,25.0
202207,세종특별자치시,1,남자,881,24.0
202207,세종특별자치시,1,여자,827,24.0
202207,세종특별자치시,2,남자,2105,24.0
202207,세종특별자치시,2,여자,1972,24.0
202207,세종특별자치시,3,남자,1009,24.0
202207,세종특별자치시,3,여자,916,24.0
202207,울산광역시,1,남자,1500,21.0
202207,울산광역시,1,여자,1409,21.0
202207,울산광역시,2,남자,3424,21.0
202207,울산광역시,2,여자,3131,21.0
202207,울산광역시,3,남자,1841,21.0
202207,울산광역시,3,여자,1534,21.0
202207,인천광역시,1,남자,3607,26.0
202207,인천광역시,1,여자,3320,26.0
202207,인천광역시,2,남자,9131,26.0
202207,인천광역시,2,여자,8315,26.0
202207,인천광역시,3,남자,5362,26.0
202207,인천광역시,3,여자,4618,26.0
202207,전라남도,1,남자,2027,20.0
202207,전라남도,1,여자,1969,20.0
202207,전라남도,2,남자,4959,20.0
202207,전라남도,2,여자,4763,20.0
202207,전라남도,3,남자,2587,20.0
202207,전라남도,3,여자,2409,20.0
202207,전라북도,1,남자,1659,23.0
202207,전라북도,1,여자,1700,23.0
202207,전라북도,2,남자,5057,23.0
202207,전라북도,2,여자,4753,23.0
202207,전라북도,3,남자,2866,23.0
202207,전라북도,3,여자,2386,23.0
202207,제주특별자치도,1,남자,2531,20.0
202207,제주특별자치도,1,여자,2421,20.0
202207,제주특별자치도,2,남자,5669,20.0
202207,제주특별자치도,2,여자,5377,20.0
202207,제주특별자치도,3,남자,3308,20.0
202207,제주특별자치도,3,여자,2799,20.0
202207,충청남도,1,남자,2530,25.0
202207,충청남도,1,여자,2382,25.0
202207,충청남도,2,남자,6566,25.0
202207,충청남도,2,여자,6193,25.0
202207,충청남도,3,남자,4385,25.0
202207,충청남도,3,여자,3472,25.0
202207,충청북도,1,남자,1724,23.0
202207,충청북도,1,여자,1793,23.0
202207,충청북도,2,남자,4293,23.0
202207,충청북도,2,여자,4063,23.0
202207,충청북도,3,남자,2429,23.0
202207,충청북도,3,여자,1948,23.0
202208,경기도,1,남자,16651,20.0
202208,경기도,1,여자,15406,20.0
202208,경기도,2,남자,32182,20.0
202208,경기도,2,여자,27057,20.0
202208,경기도,3,남자,21722,20.0
202208,경기도,3,여자,18071,20.0
202208,경상남도,1,남자,3407,19.0
202208,경상남도,1,여자,3282,19.0
202208,경상남도,2,남자,7813,19.0
202208,경상남도,2,여자,6409,19.0
202208,경상남도,3,남자,5111,19.0
202208,경상남도,3,여자,4131,19.0
202208,경상북도,1,남자,2612,18.0
202208,경상북도,1,여자,2436,18.0
202208,경상북도,2,남자,5483,18.0
202208,경상북도,2,여자,4469,18.0
202208,경상북도,3,남자,3537,18.0
202208,경상북도,3,여자,2845,18.0
202208,광주광역시,1,남자,1612,16.0
202208,광주광역시,1,여자,1501,16.0
202208,광주광역시,2,남자,3645,16.0
202208,광주광역시,2,여자,3012,16.0
202208,광주광역시,3,남자,2535,16.0
202208,광주광역시,3,여자,2071,16.0
202208,대구광역시,1,남자,2599,18.0
202208,대구광역시,1,여자,2440,18.0
202208,대구광역시,2,남자,5801,18.0
202208,대구광역시,2,여자,5071,18.0
202208,대구광역시,3,남자,3894,18.0
202208,대구광역시,3,여자,3202,18.0
202208,대전광역시,1,남자,1692,15.0
202208,대전광역시,1,여자,1516,15.0
202208,대전광역시,2,남자,3600,15.0
202208,대전광역시,2,여자,3101,15.0
202208,대전광역시,3,남자,2733,15.0
202208,대전광역시,3,여자,2216,15.0
202208,부산광역시,1,남자,3461,19.0
202208,부산광역시,1,여자,3284,19.0
202208,부산광역시,2,남자,6893,19.0
202208,부산광역시,2,여자,5988,19.0
202208,부산광역시,3,남자,3742,19.0
202208,부산광역시,3,여자,3045,19.0
202208,서울특별시,1,남자,8418,20.0
202208,서울특별시,1,여자,7579,20.0
202208,서울특별시,2,남자,15116,20.0
202208,서울특별시,2,여자,12539,20.0
202208,서울특별시,3,남자,10114,20.0
202208,서울특별시,3,여자,8399,20.0
202208,세종특별자치시,1,남자,755,18.0
202208,세종특별자치시,1,여자,696,18.0
202208,세종특별자치시,2,남자,1500,18.0
202208,세종특별자치시,2,여자,1237,18.0
202208,세종특별자치시,3,남자,947,18.0
202208,세종특별자치시,3,여자,879,18.0
202208,울산광역시,1,남자,1354,23.0
202208,울산광역시,1,여자,1344,23.0
202208,울산광역시,2,남자,2693,23.0
202208,울산광역시,2,여자,2229,23.0
202208,울산광역시,3,남자,1711,23.0
202208,울산광역시,3,여자,1324,23.0
202208,인천광역시,1,남자,3523,21.0
202208,인천광역시,1,여자,3356,21.0
202208,인천광역시,2,남자,6630,21.0
202208,인천광역시,2,여자,5672,21.0
202208,인천광역시,3,남자,4386,21.0
202208,인천광역시,3,여자,3846,21.0
202208,전라남도,1,남자,1813,17.0
202208,전라남도,1,여자,1810,17.0
202208,전라남도,2,남자,3642,17.0
202208,전라남도,2,여자,3175,17.0
202208,전라남도,3,남자,2530,17.0
202208,전라남도,3,여자,2124,17.0
202208,전라북도,1,남자,1600,18.0
202208,전라북도,1,여자,1468,18.0
202208,전라북도,2,남자,3795,18.0
202208,전라북도,2,여자,3008,18.0
202208,전라북도,3,남자,2737,18.0
202208,전라북도,3,여자,2377,18.0
202208,제주특별자치도,1,남자,2571,18.0
202208,제주특별자치도,1,여자,2362,18.0
202208,제주특별자치도,2,남자,4569,18.0
202208,제주특별자치도,2,여자,3851,18.0
202208,제주특별자치도,3,남자,2993,18.0
202208,제주특별자치도,3,여자,2341,18.0
202208,충청남도,1,남자,2501,19.0
202208,충청남도,1,여자,2336,19.0
202208,충청남도,2,남자,5181,19.0
202208,충청남도,2,여자,4465,19.0
202208,충청남도,3,남자,3589,19.0
202208,충청남도,3,여자,2915,19.0
202208,충청북도,1,남자,1986,17.0
202208,충청북도,1,여자,1748,17.0
202208,충청북도,2,남자,3735,17.0
202208,충청북도,2,여자,3130,17.0
202208,충청북도,3,남자,2478,17.0
202208,충청북도,3,여자,2054,17.0
202209,경기도,1,남자,30803,24.0
202209,경기도,1,여자,28888,24.0
202209,경기도,2,남자,57354,24.0
202209,경기도,2,여자,50011,24.0
202209,경기도,3,남자,33018,24.0
202209,경기도,3,여자,26044,24.0
202209,경상남도,1,남자,6266,20.0
202209,경상남도,1,여자,5865,20.0
202209,경상남도,2,남자,12451,20.0
202209,경상남도,2,여자,10629,20.0
202209,경상남도,3,남자,7242,20.0
202209,경상남도,3,여자,5302,20.0
202209,경상북도,1,남자,4345,21.0
202209,경상북도,1,여자,4003,21.0
202209,경상북도,2,남자,7773,21.0
202209,경상북도,2,여자,6830,21.0
202209,경상북도,3,남자,4854,21.0
202209,경상북도,3,여자,3288,21.0
202209,광주광역시,1,남자,2748,21.0
202209,광주광역시,1,여자,2699,21.0
202209,광주광역시,2,남자,5662,21.0
202209,광주광역시,2,여자,4911,21.0
202209,광주광역시,3,남자,3645,21.0
202209,광주광역시,3,여자,2666,21.0
202209,대구광역시,1,남자,4395,20.0
202209,대구광역시,1,여자,4029,20.0
202209,대구광역시,2,남자,8878,20.0
202209,대구광역시,2,여자,7449,20.0
202209,대구광역시,3,남자,4758,20.0
202209,대구광역시,3,여자,3503,20.0
202209,대전광역시,1,남자,2703,19.0
202209,대전광역시,1,여자,2761,19.0
202209,대전광역시,2,남자,5590,19.0
202209,대전광역시,2,여자,4849,19.0
202209,대전광역시,3,남자,3849,19.0
202209,대전광역시,3,여자,2656,19.0
202209,부산광역시,1,남자,5013,20.0
202209,부산광역시,1,여자,4757,20.0
202209,부산광역시,2,남자,8621,20.0
202209,부산광역시,2,여자,7532,20.0
202209,부산광역시,3,남자,4205,20.0
202209,부산광역시,3,여자,3151,20.0
202209,서울특별시,1,남자,14085,22.0
202209,서울특별시,1,여자,13256,22.0
202209,서울특별시,2,남자,24630,22.0
202209,서울특별시,2,여자,20981,22.0
202209,서울특별시,3,남자,14382,22.0
202209,서울특별시,3,여자,10608,22.0
202209,세종특별자치시,1,남자,1374,21.0
202209,세종특별자치시,1,여자,1363,21.0
202209,세종특별자치시,2,남자,2445,21.0
202209,세종특별자치시,2,여자,2268,21.0
202209,세종특별자치시,3,남자,1376,21.0
202209,세종특별자치시,3,여자,1111,21.0
202209,울산광역시,1,남자,2413,24.0
202209,울산광역시,1,여자,2264,24.0
202209,울산광역시,2,남자,3838,24.0
202209,울산광역시,2,여자,3487,24.0
202209,울산광역시,3,남자,1825,24.0
202209,울산광역시,3,여자,1386,24.0
202209,인천광역시,1,남자,6365,26.0
202209,인천광역시,1,여자,6075,26.0
202209,인천광역시,2,남자,11479,26.0
202209,인천광역시,2,여자,10037,26.0
202209,인천광역시,3,남자,6607,26.0
202209,인천광역시,3,여자,5174,26.0
202209,전라남도,1,남자,2944,21.0
202209,전라남도,1,여자,2890,21.0
202209,전라남도,2,남자,5660,21.0
202209,전라남도,2,여자,5055,21.0
202209,전라남도,3,남자,3610,21.0
202209,전라남도,3,여자,2730,21.0
202209,전라북도,1,남자,2633,25.0
202209,전라북도,1,여자,2666,25.0
202209,전라북도,2,남자,6001,25.0
202209,전라북도,2,여자,5145,25.0
202209,전라북도,3,남자,4197,25.0
202209,전라북도,3,여자,3211,25.0
202209,제주특별자치도,1,남자,4389,28.0
202209,제주특별자치도,1,여자,4141,28.0
202209,제주특별자치도,2,남자,6850,28.0
202209,제주특별자치도,2,여자,6036,28.0
202209,제주특별자치도,3,남자,3591,28.0
202209,제주특별자치도,3,여자,2800,28.0
202209,충청남도,1,남자,4590,25.0
202209,충청남도,1,여자,4438,25.0
202209,충청남도,2,남자,9217,25.0
202209,충청남도,2,여자,7719,25.0
202209,충청남도,3,남자,5646,25.0
202209,충청남도,3,여자,4281,25.0
202209,충청북도,1,남자,3388,20.0
202209,충청북도,1,여자,3197,20.0
202209,충청북도,2,남자,6689,20.0
202209,충청북도,2,여자,5864,20.0
202209,충청북도,3,남자,4560,20.0
202209,충청북도,3,여자,3145,20.0
202210,경기도,1,남자,27271,29.0
202210,경기도,1,여자,27317,29.0
202210,경기도,2,남자,57704,29.0
202210,경기도,2,여자,56695,29.0
202210,경기도,3,남자,36299,29.0
202210,경기도,3,여자,33772,29.0
202210,경상남도,1,남자,6101,21.0
202210,경상남도,1,여자,6027,21.0
202210,경상남도,2,남자,14292,21.0
202210,경상남도,2,여자,13410,21.0
202210,경상남도,3,남자,8934,21.0
202210,경상남도,3,여자,7122,21.0
202210,경상북도,1,남자,4358,24.0
202210,경상북도,1,여자,4348,24.0
202210,경상북도,2,남자,9275,24.0
202210,경상북도,2,여자,8585,24.0
202210,경상북도,3,남자,5786,24.0
202210,경상북도,3,여자,4380,24.0
202210,광주광역시,1,남자,2648,25.0
202210,광주광역시,1,여자,2605,25.0
202210,광주광역시,2,남자,6095,25.0
202210,광주광역시,2,여자,5769,25.0
202210,광주광역시,3,남자,4610,25.0
202210,광주광역시,3,여자,3766,25.0
202210,대구광역시,1,남자,4618,24.0
202210,대구광역시,1,여자,4468,24.0
202210,대구광역시,2,남자,10396,24.0
202210,대구광역시,2,여자,9976,24.0
202210,대구광역시,3,남자,5929,24.0
202210,대구광역시,3,여자,4934,24.0
202210,대전광역시,1,남자,2805,24.0
202210,대전광역시,1,여자,2791,24.0
202210,대전광역시,2,남자,6141,24.0
202210,대전광역시,2,여자,5893,24.0
202210,대전광역시,3,남자,4043,24.0
202210,대전광역시,3,여자,3455,24.0
202210,부산광역시,1,남자,5677,21.0
202210,부산광역시,1,여자,5615,21.0
202210,부산광역시,2,남자,12264,21.0
202210,부산광역시,2,여자,11179,21.0
202210,부산광역시,3,남자,6343,21.0
202210,부산광역시,3,여자,4944,21.0
202210,서울특별시,1,남자,14681,25.0
202210,서울특별시,1,여자,13804,25.0
202210,서울특별시,2,남자,28780,25.0
202210,서울특별시,2,여자,27283,25.0
202210,서울특별시,3,남자,18067,25.0
202210,서울특별시,3,여자,16333,25.0
202210,세종특별자치시,1,남자,1190,28.0
202210,세종특별자치시,1,여자,1276,28.0
202210,세종특별자치시,2,남자,2492,28.0
202210,세종특별자치시,2,여자,2464,28.0
202210,세종특별자치시,3,남자,1402,28.0
202210,세종특별자치시,3,여자,1253,28.0
202210,울산광역시,1,남자,2234,25.0
202210,울산광역시,1,여자,2157,25.0
202210,울산광역시,2,남자,5023,25.0
202210,울산광역시,2,여자,4493,25.0
202210,울산광역시,3,남자,2812,25.0
202210,울산광역시,3,여자,2047,25.0
202210,인천광역시,1,남자,5683,30.0
202210,인천광역시,1,여자,5483,30.0
202210,인천광역시,2,남자,12168,30.0
202210,인천광역시,2,여자,11681,30.0
202210,인천광역시,3,남자,8158,30.0
202210,인천광역시,3,여자,7355,30.0
202210,전라남도,1,남자,3089,21.0
202210,전라남도,1,여자,3011,21.0
202210,전라남도,2,남자,6712,21.0
202210,전라남도,2,여자,6364,21.0
202210,전라남도,3,남자,4998,21.0
202210,전라남도,3,여자,3932,21.0
202210,전라북도,1,남자,2719,31.0
202210,전라북도,1,여자,2718,31.0
202210,전라북도,2,남자,6743,31.0
202210,전라북도,2,여자,6570,31.0
202210,전라북도,3,남자,4961,31.0
202210,전라북도,3,여자,4339,31.0
202210,제주특별자치도,1,남자,4299,26.0
202210,제주특별자치도,1,여자,4252,26.0
202210,제주특별자치도,2,남자,8252,26.0
202210,제주특별자치도,2,여자,7898,26.0
202210,제주특별자치도,3,남자,5658,26.0
202210,제주특별자치도,3,여자,4392,26.0
202210,충청남도,1,남자,4118,33.0
202210,충청남도,1,여자,4016,33.0
202210,충청남도,2,남자,8562,33.0
202210,충청남도,2,여자,8429,33.0
202210,충청남도,3,남자,5616,33.0
202210,충청남도,3,여자,5079,33.0
202210,충청북도,1,남자,2943,26.0
202210,충청북도,1,여자,2947,26.0
202210,충청북도,2,남자,6315,26.0
202210,충청북도,2,여자,6488,26.0
202210,충청북도,3,남자,4232,26.0
202210,충청북도,3,여자,3613,26.0
202211,경기도,1,남자,19013,44.0
202211,경기도,1,여자,18979,44.0
202211,경기도,2,남자,38792,44.0
202211,경기도,2,여자,39151,44.0
202211,경기도,3,남자,30836,44.0
202211,경기도,3,여자,29879,44.0
202211,경상남도,1,남자,4464,31.0
202211,경상남도,1,여자,4371,31.0
202211,경상남도,2,남자,11293,31.0
202211,경상남도,2,여자,11030,31.0
202211,경상남도,3,남자,10828,31.0
202211,경상남도,3,여자,9027,31.0
202211,경상북도,1,남자,3094,39.0
202211,경상북도,1,여자,2965,39.0
202211,경상북도,2,남자,6613,39.0
202211,경상북도,2,여자,6744,39.0
202211,경상북도,3,남자,6403,39.0
202211,경상북도,3,여자,5178,39.0
202211,광주광역시,1,남자,1997,34.0
202211,광주광역시,1,여자,1924,34.0
202211,광주광역시,2,남자,4390,34.0
202211,광주광역시,2,여자,4237,34.0
202211,광주광역시,3,남자,3463,34.0
202211,광주광역시,3,여자,3158,34.0
202211,대구광역시,1,남자,3061,41.0
202211,대구광역시,1,여자,3105,41.0
202211,대구광역시,2,남자,7407,41.0
202211,대구광역시,2,여자,7564,41.0
202211,대구광역시,3,남자,6632,41.0
202211,대구광역시,3,여자,5962,41.0
202211,대전광역시,1,남자,1889,39.0
202211,대전광역시,1,여자,1967,39.0
202211,대전광역시,2,남자,3964,39.0
202211,대전광역시,2,여자,3879,39.0
202211,대전광역시,3,남자,3697,39.0
202211,대전광역시,3,여자,3361,39.0
202211,부산광역시,1,남자,3979,33.0
202211,부산광역시,1,여자,4008,33.0
202211,부산광역시,2,남자,9185,33.0
202211,부산광역시,2,여자,8852,33.0
202211,부산광역시,3,남자,7708,33.0
202211,부산광역시,3,여자,6539,33.0
202211,서울특별시,1,남자,9758,39.0
202211,서울특별시,1,여자,9329,39.0
202211,서울특별시,2,남자,18231,39.0
202211,서울특별시,2,여자,17692,39.0
202211,서울특별시,3,남자,14357,39.0
202211,서울특별시,3,여자,13341,39.0
202211,세종특별자치시,1,남자,899,45.0
202211,세종특별자치시,1,여자,858,45.0
202211,세종특별자치시,2,남자,1717,45.0
202211,세종특별자치시,2,여자,1745,45.0
202211,세종특별자치시,3,남자,1254,45.0
202211,세종특별자치시,3,여자,1256,45.0
202211,울산광역시,1,남자,1683,35.0
202211,울산광역시,1,여자,1680,35.0
202211,울산광역시,2,남자,4078,35.0
202211,울산광역시,2,여자,3966,35.0
202211,울산광역시,3,남자,3114,35.0
202211,울산광역시,3,여자,2802,35.0
202211,인천광역시,1,남자,4017,41.0
202211,인천광역시,1,여자,3822,41.0
202211,인천광역시,2,남자,8072,41.0
202211,인천광역시,2,여자,7889,41.0
202211,인천광역시,3,남자,7137,41.0
202211,인천광역시,3,여자,6479,41.0
202211,전라남도,1,남자,2139,30.0
202211,전라남도,1,여자,2089,30.0
202211,전라남도,2,남자,4516,30.0
202211,전라남도,2,여자,4539,30.0
202211,전라남도,3,남자,4458,30.0
202211,전라남도,3,여자,3928,30.0
202211,전라북도,1,남자,1890,43.0
202211,전라북도,1,여자,1958,43.0
202211,전라북도,2,남자,4336,43.0
202211,전라북도,2,여자,4350,43.0
202211,전라북도,3,남자,4595,43.0
202211,전라북도,3,여자,4158,43.0
202211,제주특별자치도,1,남자,2770,30.0
202211,제주특별자치도,1,여자,2921,30.0
202211,제주특별자치도,2,남자,5546,30.0
202211,제주특별자치도,2,여자,5278,30.0
202211,제주특별자치도,3,남자,4931,30.0
202211,제주특별자치도,3,여자,4180,30.0
202211,충청남도,1,남자,2758,46.0
202211,충청남도,1,여자,2872,46.0
202211,충청남도,2,남자,6240,46.0
202211,충청남도,2,여자,6069,46.0
202211,충청남도,3,남자,5350,46.0
202211,충청남도,3,여자,4641,46.0
202211,충청북도,1,남자,1945,44.0
202211,충청북도,1,여자,1986,44.0
202211,충청북도,2,남자,4399,44.0
202211,충청북도,2,여자,4378,44.0
202211,충청북도,3,남자,4058,44.0
202211,충청북도,3,여자,3455,44.0
202212,경기도,1,남자,18500,39.0
202212,경기도,1,여자,18168,39.0
202212,경기도,2,남자,42379,39.0
202212,경기도,2,여자,40169,39.0
202212,경기도,3,남자,35326,39.0
202212,경기도,3,여자,29830,39.0
202212,경상남도,1,남자,4084,28.0
202212,경상남도,1,여자,4012,28.0
202212,경상남도,2,남자,10527,28.0
202212,경상남도,2,여자,9685,28.0
202212,경상남도,3,남자,10935,28.0
202212,경상남도,3,여자,8470,28.0
202212,경상북도,1,남자,2830,33.0
202212,경상북도,1,여자,2679,33.0
202212,경상북도,2,남자,6933,33.0
202212,경상북도,2,여자,6287,33.0
202212,경상북도,3,남자,7180,33.0
202212,경상북도,3,여자,5403,33.0
202212,광주광역시,1,남자,1787,33.0
202212,광주광역시,1,여자,1783,33.0
202212,광주광역시,2,남자,4189,33.0
202212,광주광역시,2,여자,4034,33.0
202212,광주광역시,3,남자,3530,33.0
202212,광주광역시,3,여자,3022,33.0
202212,대구광역시,1,남자,2733,35.0
202212,대구광역시,1,여자,2709,35.0
202212,대구광역시,2,남자,6998,35.0
202212,대구광역시,2,여자,6550,35.0
202212,대구광역시,3,남자,6122,35.0
202212,대구광역시,3,여자,4972,35.0
202212,대전광역시,1,남자,1805,35.0
202212,대전광역시,1,여자,1849,35.0
202212,대전광역시,2,남자,4316,35.0
202212,대전광역시,2,여자,4167,35.0
202212,대전광역시,3,남자,4113,35.0
202212,대전광역시,3,여자,3114,35.0
202212,부산광역시,1,남자,3621,30.0
202212,부산광역시,1,여자,3484,30.0
202212,부산광역시,2,남자,8548,30.0
202212,부산광역시,2,여자,7941,30.0
202212,부산광역시,3,남자,7556,30.0
202212,부산광역시,3,여자,6031,30.0
202212,서울특별시,1,남자,9588,38.0
202212,서울특별시,1,여자,9356,38.0
202212,서울특별시,2,남자,20515,38.0
202212,서울특별시,2,여자,18771,38.0
202212,서울특별시,3,남자,17759,38.0
202212,서울특별시,3,여자,13651,38.0
202212,세종특별자치시,1,남자,787,40.0
202212,세종특별자치시,1,여자,831,40.0
202212,세종특별자치시,2,남자,1984,40.0
202212,세종특별자치시,2,여자,1847,40.0
202212,세종특별자치시,3,남자,1529,40.0
202212,세종특별자치시,3,여자,1329,40.0
202212,울산광역시,1,남자,1536,31.0
202212,울산광역시,1,여자,1590,31.0
202212,울산광역시,2,남자,3608,31.0
202212,울산광역시,2,여자,3287,31.0
202212,울산광역시,3,남자,3082,31.0
202212,울산광역시,3,여자,2373,31.0
202212,인천광역시,1,남자,3872,38.0
202212,인천광역시,1,여자,3668,38.0
202212,인천광역시,2,남자,9167,38.0
202212,인천광역시,2,여자,8589,38.0
202212,인천광역시,3,남자,8439,38.0
202212,인천광역시,3,여자,6719,38.0
202212,전라남도,1,남자,2085,29.0
202212,전라남도,1,여자,2147,29.0
202212,전라남도,2,남자,4841,29.0
202212,전라남도,2,여자,4554,29.0
202212,전라남도,3,남자,4045,29.0
202212,전라남도,3,여자,3509,29.0
202212,전라북도,1,남자,1824,38.0
202212,전라북도,1,여자,1825,38.0
202212,전라북도,2,남자,4507,38.0
202212,전라북도,2,여자,4322,38.0
202212,전라북도,3,남자,4674,38.0
202212,전라북도,3,여자,3916,38.0
202212,제주특별자치도,1,남자,2754,28.0
202212,제주특별자치도,1,여자,2848,28.0
202212,제주특별자치도,2,남자,6435,28.0
202212,제주특별자치도,2,여자,5970,28.0
202212,제주특별자치도,3,남자,6027,28.0
202212,제주특별자치도,3,여자,4762,28.0
202212,충청남도,1,남자,2505,38.0
202212,충청남도,1,여자,2541,38.0
202212,충청남도,2,남자,6731,38.0
202212,충청남도,2,여자,6323,38.0
202212,충청남도,3,남자,6140,38.0
202212,충청남도,3,여자,4734,38.0
202212,충청북도,1,남자,1921,40.0
202212,충청북도,1,여자,1951,40.0
202212,충청북도,2,남자,5035,40.0
202212,충청북도,2,여자,4950,40.0
202212,충청북도,3,남자,4619,40.0
202212,충청북도,3,여자,3623,40.0
202301,경기도,1,남자,15817,50.0
202301,경기도,1,여자,15033,50.0
202301,경기도,2,남자,25482,50.0
202301,경기도,2,여자,23664,50.0
202301,경기도,3,남자,18974,50.0
202301,경기도,3,여자,16441,50.0
202301,경상남도,1,남자,3351,35.0
202301,경상남도,1,여자,3227,35.0
202301,경상남도,2,남자,5670,35.0
202301,경상남도,2,여자,5382,35.0
202301,경상남도,3,남자,4492,35.0
202301,경상남도,3,여자,3991,35.0
202301,경상북도,1,남자,2379,40.0
202301,경상북도,1,여자,2249,40.0
202301,경상북도,2,남자,3511,40.0
202301,경상북도,2,여자,3261,40.0
202301,경상북도,3,남자,2765,40.0
202301,경상북도,3,여자,2436,40.0
202301,광주광역시,1,남자,1589,47.0
202301,광주광역시,1,여자,1499,47.0
202301,광주광역시,2,남자,2910,47.0
202301,광주광역시,2,여자,2588,47.0
202301,광주광역시,3,남자,2156,47.0
202301,광주광역시,3,여자,1957,47.0
202301,대구광역시,1,남자,2192,42.0
202301,대구광역시,1,여자,2171,42.0
202301,대구광역시,2,남자,3900,42.0
202301,대구광역시,2,여자,3704,42.0
202301,대구광역시,3,남자,2869,42.0
202301,대구광역시,3,여자,2664,42.0
202301,대전광역시,1,남자,1590,44.0
202301,대전광역시,1,여자,1518,44.0
202301,대전광역시,2,남자,2697,44.0
202301,대전광역시,2,여자,2531,44.0
202301,대전광역시,3,남자,2436,44.0
202301,대전광역시,3,여자,2088,44.0
202301,부산광역시,1,남자,2940,37.0
202301,부산광역시,1,여자,2908,37.0
202301,부산광역시,2,남자,4935,37.0
202301,부산광역시,2,여자,4554,37.0
202301,부산광역시,3,남자,3385,37.0
202301,부산광역시,3,여자,2930,37.0
202301,서울특별시,1,남자,8507,48.0
202301,서울특별시,1,여자,7983,48.0
202301,서울특별시,2,남자,13503,48.0
202301,서울특별시,2,여자,12319,48.0
202301,서울특별시,3,남자,9201,48.0
202301,서울특별시,3,여자,7994,48.0
202301,세종특별자치시,1,남자,654,49.0
202301,세종특별자치시,1,여자,604,49.0
202301,세종특별자치시,2,남자,1029,49.0
202301,세종특별자치시,2,여자,1079,49.0
202301,세종특별자치시,3,남자,815,49.0
202301,세종특별자치시,3,여자,776,49.0
202301,울산광역시,1,남자,1326,37.0
202301,울산광역시,1,여자,1218,37.0
202301,울산광역시,2,남자,2279,37.0
202301,울산광역시,2,여자,2103,37.0
202301,울산광역시,3,남자,1512,37.0
202301,울산광역시,3,여자,1254,37.0
202301,인천광역시,1,남자,3190,50.0
202301,인천광역시,1,여자,3008,50.0
202301,인천광역시,2,남자,4930,50.0
202301,인천광역시,2,여자,4902,50.0
202301,인천광역시,3,남자,3877,50.0
202301,인천광역시,3,여자,3564,50.0
202301,전라남도,1,남자,1817,41.0
202301,전라남도,1,여자,1738,41.0
202301,전라남도,2,남자,2991,41.0
202301,전라남도,2,여자,2857,41.0
202301,전라남도,3,남자,2406,41.0
202301,전라남도,3,여자,2180,41.0
202301,전라북도,1,남자,1568,48.0
202301,전라북도,1,여자,1579,48.0
202301,전라북도,2,남자,3017,48.0
202301,전라북도,2,여자,2914,48.0
202301,전라북도,3,남자,2334,48.0
202301,전라북도,3,여자,2251,48.0
202301,제주특별자치도,1,남자,2341,37.0
202301,제주특별자치도,1,여자,2229,37.0
202301,제주특별자치도,2,남자,3690,37.0
202301,제주특별자치도,2,여자,3351,37.0
202301,제주특별자치도,3,남자,2610,37.0
202301,제주특별자치도,3,여자,2318,37.0
202301,충청남도,1,남자,2232,51.0
202301,충청남도,1,여자,2146,51.0
202301,충청남도,2,남자,3713,51.0
202301,충청남도,2,여자,3490,51.0
202301,충청남도,3,남자,2984,51.0
202301,충청남도,3,여자,2621,51.0
202301,충청북도,1,남자,1786,48.0
202301,충청북도,1,여자,1632,48.0
202301,충청북도,2,남자,2839,48.0
202301,충청북도,2,여자,2686,48.0
202301,충청북도,3,남자,2182,48.0
202301,충청북도,3,여자,2084,48.0
202302,경기도,1,남자,23817,50.0
202302,경기도,1,여자,23136,50.0
202302,경기도,2,남자,33939,50.0
202302,경기도,2,여자,31566,50.0
202302,경기도,3,남자,16146,50.0
202302,경기도,3,여자,13555,50.0
202302,경상남도,1,남자,4696,31.0
202302,경상남도,1,여자,4503,31.0
202302,경상남도,2,남자,9156,31.0
202302,경상남도,2,여자,8400,31.0
202302,경상남도,3,남자,4408,31.0
202302,경상남도,3,여자,3785,31.0
202302,경상북도,1,남자,3471,38.0
202302,경상북도,1,여자,3257,38.0
202302,경상북도,2,남자,5060,38.0
202302,경상북도,2,여자,4788,38.0
202302,경상북도,3,남자,2581,38.0
202302,경상북도,3,여자,2237,38.0
202302,광주광역시,1,남자,2290,41.0
202302,광주광역시,1,여자,2265,41.0
202302,광주광역시,2,남자,3801,41.0
202302,광주광역시,2,여자,3440,41.0
202302,광주광역시,3,남자,1718,41.0
202302,광주광역시,3,여자,1412,41.0
202302,대구광역시,1,남자,3598,42.0
202302,대구광역시,1,여자,3466,42.0
202302,대구광역시,2,남자,6825,42.0
202302,대구광역시,2,여자,6367,42.0
202302,대구광역시,3,남자,3448,42.0
202302,대구광역시,3,여자,2867,42.0
202302,대전광역시,1,남자,2277,46.0
202302,대전광역시,1,여자,2178,46.0
202302,대전광역시,2,남자,3852,46.0
202302,대전광역시,2,여자,3556,46.0
202302,대전광역시,3,남자,1957,46.0
202302,대전광역시,3,여자,1870,46.0
202302,부산광역시,1,남자,4523,34.0
202302,부산광역시,1,여자,4370,34.0
202302,부산광역시,2,남자,8232,34.0
202302,부산광역시,2,여자,7405,34.0
202302,부산광역시,3,남자,4121,34.0
202302,부산광역시,3,여자,3287,34.0
202302,서울특별시,1,남자,12036,46.0
202302,서울특별시,1,여자,11423,46.0
202302,서울특별시,2,남자,18876,46.0
202302,서울특별시,2,여자,17243,46.0
202302,서울특별시,3,남자,10587,46.0
202302,서울특별시,3,여자,8409,46.0
202302,세종특별자치시,1,남자,1000,54.0
202302,세종특별자치시,1,여자,998,54.0
202302,세종특별자치시,2,남자,1544,54.0
202302,세종특별자치시,2,여자,1396,54.0
202302,세종특별자치시,3,남자,685,54.0
202302,세종특별자치시,3,여자,632,54.0
202302,울산광역시,1,남자,1924,35.0
202302,울산광역시,1,여자,1870,35.0
202302,울산광역시,2,남자,2958,35.0
202302,울산광역시,2,여자,2642,35.0
202302,울산광역시,3,남자,1345,35.0
202302,울산광역시,3,여자,1051,35.0
202302,인천광역시,1,남자,5076,48.0
202302,인천광역시,1,여자,4792,48.0
202302,인천광역시,2,남자,7439,48.0
202302,인천광역시,2,여자,6703,48.0
202302,인천광역시,3,남자,3686,48.0
202302,인천광역시,3,여자,3254,48.0
202302,전라남도,1,남자,2383,33.0
202302,전라남도,1,여자,2340,33.0
202302,전라남도,2,남자,3562,33.0
202302,전라남도,2,여자,3287,33.0
202302,전라남도,3,남자,1700,33.0
202302,전라남도,3,여자,1501,33.0
202302,전라북도,1,남자,2250,49.0
202302,전라북도,1,여자,2238,49.0
202302,전라북도,2,남자,4036,49.0
202302,전라북도,2,여자,3679,49.0
202302,전라북도,3,남자,2431,49.0
202302,전라북도,3,여자,1913,49.0
202302,제주특별자치도,1,남자,3574,29.0
202302,제주특별자치도,1,여자,3328,29.0
202302,제주특별자치도,2,남자,4791,29.0
202302,제주특별자치도,2,여자,4540,29.0
202302,제주특별자치도,3,남자,2339,29.0
202302,제주특별자치도,3,여자,1991,29.0
202302,충청남도,1,남자,3248,54.0
202302,충청남도,1,여자,3313,54.0
202302,충청남도,2,남자,4857,54.0
202302,충청남도,2,여자,4573,54.0
202302,충청남도,3,남자,2555,54.0
202302,충청남도,3,여자,2165,54.0
202302,충청북도,1,남자,2525,49.0
202302,충청북도,1,여자,2468,49.0
202302,충청북도,2,남자,3418,49.0
202302,충청북도,2,여자,3404,49.0
202302,충청북도,3,남자,1761,49.0
202302,충청북도,3,여자,1518,49.0
202303,경기도,1,남자,30513,73.0
202303,경기도,1,여자,30119,73.0
202303,경기도,2,남자,63805,73.0
202303,경기도,2,여자,59978,73.0
202303,경기도,3,남자,54149,73.0
202303,경기도,3,여자,49172,73.0
202303,경상남도,1,남자,5158,50.0
202303,경상남도,1,여자,5019,50.0
202303,경상남도,2,남자,13660,50.0
202303,경상남도,2,여자,12418,50.0
202303,경상남도,3,남자,13857,50.0
202303,경상남도,3,여자,10824,50.0
202303,경상북도,1,남자,4347,59.0
202303,경상북도,1,여자,4273,59.0
202303,경상북도,2,남자,8955,59.0
202303,경상북도,2,여자,8148,59.0
202303,경상북도,3,남자,8603,59.0
202303,경상북도,3,여자,6427,59.0
202303,광주광역시,1,남자,2504,61.0
202303,광주광역시,1,여자,2462,61.0
202303,광주광역시,2,남자,5963,61.0
202303,광주광역시,2,여자,5507,61.0
202303,광주광역시,3,남자,5961,61.0
202303,광주광역시,3,여자,4758,61.0
202303,대구광역시,1,남자,3990,62.0
202303,대구광역시,1,여자,3991,62.0
202303,대구광역시,2,남자,9051,62.0
202303,대구광역시,2,여자,8055,62.0
202303,대구광역시,3,남자,8945,62.0
202303,대구광역시,3,여자,6746,62.0
202303,대전광역시,1,남자,2689,64.0
202303,대전광역시,1,여자,2490,64.0
202303,대전광역시,2,남자,5730,64.0
202303,대전광역시,2,여자,5390,64.0
202303,대전광역시,3,남자,6106,64.0
202303,대전광역시,3,여자,5012,64.0
202303,부산광역시,1,남자,5037,56.0
202303,부산광역시,1,여자,4890,56.0
202303,부산광역시,2,남자,10507,56.0
202303,부산광역시,2,여자,9671,56.0
202303,부산광역시,3,남자,10057,56.0
202303,부산광역시,3,여자,7270,56.0
202303,서울특별시,1,남자,15374,68.0
202303,서울특별시,1,여자,14695,68.0
202303,서울특별시,2,남자,27789,68.0
202303,서울특별시,2,여자,25651,68.0
202303,서울특별시,3,남자,26641,68.0
202303,서울특별시,3,여자,21137,68.0
202303,세종특별자치시,1,남자,1256,68.0
202303,세종특별자치시,1,여자,1284,68.0
202303,세종특별자치시,2,남자,2711,68.0
202303,세종특별자치시,2,여자,2728,68.0
202303,세종특별자치시,3,남자,1936,68.0
202303,세종특별자치시,3,여자,1815,68.0
202303,울산광역시,1,남자,2371,58.0
202303,울산광역시,1,여자,2337,58.0
202303,울산광역시,2,남자,4928,58.0
202303,울산광역시,2,여자,4369,58.0
202303,울산광역시,3,남자,4105,58.0
202303,울산광역시,3,여자,3286,58.0
202303,인천광역시,1,남자,6415,71.0
202303,인천광역시,1,여자,6224,71.0
202303,인천광역시,2,남자,12772,71.0
202303,인천광역시,2,여자,12073,71.0
202303,인천광역시,3,남자,12074,71.0
202303,인천광역시,3,여자,9573,71.0
202303,전라남도,1,남자,2961,52.0
202303,전라남도,1,여자,2983,52.0
202303,전라남도,2,남자,6717,52.0
202303,전라남도,2,여자,6059,52.0
202303,전라남도,3,남자,5810,52.0
202303,전라남도,3,여자,5100,52.0
202303,전라북도,1,남자,2430,68.0
202303,전라북도,1,여자,2502,68.0
202303,전라북도,2,남자,6673,68.0
202303,전라북도,2,여자,6131,68.0
202303,전라북도,3,남자,6659,68.0
202303,전라북도,3,여자,5812,68.0
202303,제주특별자치도,1,남자,4294,56.0
202303,제주특별자치도,1,여자,4273,56.0
202303,제주특별자치도,2,남자,8457,56.0
202303,제주특별자치도,2,여자,7901,56.0
202303,제주특별자치도,3,남자,7851,56.0
202303,제주특별자치도,3,여자,6254,56.0
202303,충청남도,1,남자,4329,70.0
202303,충청남도,1,여자,4249,70.0
202303,충청남도,2,남자,9878,70.0
202303,충청남도,2,여자,9121,70.0
202303,충청남도,3,남자,8989,70.0
202303,충청남도,3,여자,7744,70.0
202303,충청북도,1,남자,3184,68.0
202303,충청북도,1,여자,3196,68.0
202303,충청북도,2,남자,6718,68.0
202303,충청북도,2,여자,6555,68.0
202303,충청북도,3,남자,6010,68.0
202303,충청북도,3,여자,5011,68.0
202304,경기도,1,남자,18749,68.0
202304,경기도,1,여자,18276,68.0
202304,경기도,2,남자,57408,68.0
202304,경기도,2,여자,52444,68.0
202304,경기도,3,남자,48310,68.0
202304,경기도,3,여자,43625,68.0
202304,경상남도,1,남자,3241,56.0
202304,경상남도,1,여자,3105,56.0
202304,경상남도,2,남자,11205,56.0
202304,경상남도,2,여자,10536,56.0
202304,경상남도,3,남자,10579,56.0
202304,경상남도,3,여자,10098,56.0
202304,경상북도,1,남자,3156,68.0
202304,경상북도,1,여자,2999,68.0
202304,경상북도,2,남자,9114,68.0
202304,경상북도,2,여자,8165,68.0
202304,경상북도,3,남자,8239,68.0
202304,경상북도,3,여자,6999,68.0
202304,광주광역시,1,남자,1469,60.0
202304,광주광역시,1,여자,1427,60.0
202304,광주광역시,2,남자,4889,60.0
202304,광주광역시,2,여자,4516,60.0
202304,광주광역시,3,남자,4244,60.0
202304,광주광역시,3,여자,4004,60.0
202304,대구광역시,1,남자,2826,67.0
202304,대구광역시,1,여자,2918,67.0
202304,대구광역시,2,남자,10375,67.0
202304,대구광역시,2,여자,9701,67.0
202304,대구광역시,3,남자,8380,67.0
202304,대구광역시,3,여자,7662,67.0
202304,대전광역시,1,남자,1675,68.0
202304,대전광역시,1,여자,1650,68.0
202304,대전광역시,2,남자,5456,68.0
202304,대전광역시,2,여자,4982,68.0
202304,대전광역시,3,남자,5248,68.0
202304,대전광역시,3,여자,4667,68.0
202304,부산광역시,1,남자,3083,61.0
202304,부산광역시,1,여자,3012,61.0
202304,부산광역시,2,남자,9249,61.0
202304,부산광역시,2,여자,8751,61.0
202304,부산광역시,3,남자,8488,61.0
202304,부산광역시,3,여자,7745,61.0
202304,서울특별시,1,남자,10470,63.0
202304,서울특별시,1,여자,10129,63.0
202304,서울특별시,2,남자,29536,63.0
202304,서울특별시,2,여자,26042,63.0
202304,서울특별시,3,남자,27428,63.0
202304,서울특별시,3,여자,23125,63.0
202304,세종특별자치시,1,남자,750,70.0
202304,세종특별자치시,1,여자,762,70.0
202304,세종특별자치시,2,남자,2439,70.0
202304,세종특별자치시,2,여자,2094,70.0
202304,세종특별자치시,3,남자,1817,70.0
202304,세종특별자치시,3,여자,1784,70.0
202304,울산광역시,1,남자,1397,64.0
202304,울산광역시,1,여자,1389,64.0
202304,울산광역시,2,남자,4160,64.0
202304,울산광역시,2,여자,3847,64.0
202304,울산광역시,3,남자,3469,64.0
202304,울산광역시,3,여자,3172,64.0
202304,인천광역시,1,남자,3678,68.0
202304,인천광역시,1,여자,3815,68.0
202304,인천광역시,2,남자,11015,68.0
202304,인천광역시,2,여자,10184,68.0
202304,인천광역시,3,남자,9799,68.0
202304,인천광역시,3,여자,9244,68.0
202304,전라남도,1,남자,1800,60.0
202304,전라남도,1,여자,1788,60.0
202304,전라남도,2,남자,5116,60.0
202304,전라남도,2,여자,4820,60.0
202304,전라남도,3,남자,4580,60.0
202304,전라남도,3,여자,4509,60.0
202304,전라북도,1,남자,1555,69.0
202304,전라북도,1,여자,1528,69.0
202304,전라북도,2,남자,5787,69.0
202304,전라북도,2,여자,5171,69.0
202304,전라북도,3,남자,5359,69.0
202304,전라북도,3,여자,5037,69.0
202304,제주특별자치도,1,남자,2852,62.0
202304,제주특별자치도,1,여자,2816,62.0
202304,제주특별자치도,2,남자,7360,62.0
202304,제주특별자치도,2,여자,6698,62.0
202304,제주특별자치도,3,남자,6014,62.0
202304,제주특별자치도,3,여자,5295,62.0
202304,충청남도,1,남자,2408,74.0
202304,충청남도,1,여자,2403,74.0
202304,충청남도,2,남자,8237,74.0
202304,충청남도,2,여자,7497,74.0
202304,충청남도,3,남자,6900,74.0
202304,충청남도,3,여자,6234,74.0
202304,충청북도,1,남자,1873,69.0
202304,충청북도,1,여자,1715,69.0
202304,충청북도,2,남자,6119,69.0
202304,충청북도,2,여자,5543,69.0
202304,충청북도,3,남자,5320,69.0
202304,충청북도,3,여자,4837,69.0
202305,경기도,1,남자,12668,41.0
202305,경기도,1,여자,12302,41.0
202305,경기도,2,남자,29216,41.0
202305,경기도,2,여자,29064,41.0
202305,경기도,3,남자,29853,41.0
202305,경기도,3,여자,28973,41.0
202305,경상남도,1,남자,2784,32.0
202305,경상남도,1,여자,2760,32.0
202305,경상남도,2,남자,8150,32.0
202305,경상남도,2,여자,7797,32.0
202305,경상남도,3,남자,7972,32.0
202305,경상남도,3,여자,7176,32.0
202305,경상북도,1,남자,2184,35.0
202305,경상북도,1,여자,2138,35.0
202305,경상북도,2,남자,4792,35.0
202305,경상북도,2,여자,4772,35.0
202305,경상북도,3,남자,4620,35.0
202305,경상북도,3,여자,4239,35.0
202305,광주광역시,1,남자,1177,30.0
202305,광주광역시,1,여자,1156,30.0
202305,광주광역시,2,남자,3180,30.0
202305,광주광역시,2,여자,3034,30.0
202305,광주광역시,3,남자,3371,30.0
202305,광주광역시,3,여자,2827,30.0
202305,대구광역시,1,남자,1859,34.0
202305,대구광역시,1,여자,1835,34.0
202305,대구광역시,2,남자,5032,34.0
202305,대구광역시,2,여자,5189,34.0
202305,대구광역시,3,남자,5023,34.0
202305,대구광역시,3,여자,4515,34.0
202305,대전광역시,1,남자,1150,34.0
202305,대전광역시,1,여자,1074,34.0
202305,대전광역시,2,남자,2833,34.0
202305,대전광역시,2,여자,2788,34.0
202305,대전광역시,3,남자,3237,34.0
202305,대전광역시,3,여자,2714,34.0
202305,부산광역시,1,남자,2500,32.0
202305,부산광역시,1,여자,2481,32.0
202305,부산광역시,2,남자,6539,32.0
202305,부산광역시,2,여자,6412,32.0
202305,부산광역시,3,남자,6530,32.0
202305,부산광역시,3,여자,5560,32.0
202305,서울특별시,1,남자,6849,38.0
202305,서울특별시,1,여자,6515,38.0
202305,서울특별시,2,남자,14216,38.0
202305,서울특별시,2,여자,14397,38.0
202305,서울특별시,3,남자,15599,38.0
202305,서울특별시,3,여자,14153,38.0
202305,세종특별자치시,1,남자,533,36.0
202305,세종특별자치시,1,여자,531,36.0
202305,세종특별자치시,2,남자,1279,36.0
202305,세종특별자치시,2,여자,1302,36.0
202305,세종특별자치시,3,남자,1162,36.0
202305,세종특별자치시,3,여자,1178,36.0
202305,울산광역시,1,남자,1018,36.0
202305,울산광역시,1,여자,1035,36.0
202305,울산광역시,2,남자,2757,36.0
202305,울산광역시,2,여자,2748,36.0
202305,울산광역시,3,남자,2365,36.0
202305,울산광역시,3,여자,2202,36.0
202305,인천광역시,1,남자,2459,42.0
202305,인천광역시,1,여자,2455,42.0
202305,인천광역시,2,남자,5967,42.0
202305,인천광역시,2,여자,5866,42.0
202305,인천광역시,3,남자,6425,42.0
202305,인천광역시,3,여자,5650,42.0
202305,전라남도,1,남자,1406,33.0
202305,전라남도,1,여자,1336,33.0
202305,전라남도,2,남자,3512,33.0
202305,전라남도,2,여자,3433,33.0
202305,전라남도,3,남자,3555,33.0
202305,전라남도,3,여자,3233,33.0
202305,전라북도,1,남자,1213,38.0
202305,전라북도,1,여자,1261,38.0
202305,전라북도,2,남자,3595,38.0
202305,전라북도,2,여자,3463,38.0
202305,전라북도,3,남자,4252,38.0
202305,전라북도,3,여자,3721,38.0
202305,제주특별자치도,1,남자,1930,34.0
202305,제주특별자치도,1,여자,2006,34.0
202305,제주특별자치도,2,남자,4700,34.0
202305,제주특별자치도,2,여자,4616,34.0
202305,제주특별자치도,3,남자,4692,34.0
202305,제주특별자치도,3,여자,4235,34.0
202305,충청남도,1,남자,1703,40.0
202305,충청남도,1,여자,1617,40.0
202305,충청남도,2,남자,4351,40.0
202305,충청남도,2,여자,4347,40.0
202305,충청남도,3,남자,4623,40.0
202305,충청남도,3,여자,4199,40.0
202305,충청북도,1,남자,1401,36.0
202305,충청북도,1,여자,1409,36.0
202305,충청북도,2,남자,3248,36.0
202305,충청북도,2,여자,3409,36.0
202305,충청북도,3,남자,3148,36.0
202305,충청북도,3,여자,2959,36.0
202306,경기도,1,남자,14324,30.0
202306,경기도,1,여자,14156,30.0
202306,경기도,2,남자,29397,30.0
202306,경기도,2,여자,29455,30.0
202306,경기도,3,남자,24024,30.0
202306,경기도,3,여자,25081,30.0
202306,경상남도,1,남자,3100,22.0
202306,경상남도,1,여자,3157,22.0
202306,경상남도,2,남자,7460,22.0
202306,경상남도,2,여자,7090,22.0
202306,경상남도,3,남자,6412,22.0
202306,경상남도,3,여자,6103,22.0
202306,경상북도,1,남자,2153,26.0
202306,경상북도,1,여자,2079,26.0
202306,경상북도,2,남자,4666,26.0
202306,경상북도,2,여자,4301,26.0
202306,경상북도,3,남자,3656,26.0
202306,경상북도,3,여자,3565,26.0
202306,광주광역시,1,남자,1326,22.0
202306,광주광역시,1,여자,1343,22.0
202306,광주광역시,2,남자,3153,22.0
202306,광주광역시,2,여자,2910,22.0
202306,광주광역시,3,남자,2426,22.0
202306,광주광역시,3,여자,2339,22.0
202306,대구광역시,1,남자,1911,25.0
202306,대구광역시,1,여자,1738,25.0
202306,대구광역시,2,남자,4528,25.0
202306,대구광역시,2,여자,4388,25.0
202306,대구광역시,3,남자,3594,25.0
202306,대구광역시,3,여자,3225,25.0
202306,대전광역시,1,남자,1252,25.0
202306,대전광역시,1,여자,1209,25.0
202306,대전광역시,2,남자,2611,25.0
202306,대전광역시,2,여자,2634,25.0
202306,대전광역시,3,남자,2223,25.0
202306,대전광역시,3,여자,2075,25.0
202306,부산광역시,1,남자,2769,23.0
202306,부산광역시,1,여자,2611,23.0
202306,부산광역시,2,남자,6242,23.0
202306,부산광역시,2,여자,5876,23.0
202306,부산광역시,3,남자,4405,23.0
202306,부산광역시,3,여자,4275,23.0
202306,서울특별시,1,남자,7262,28.0
202306,서울특별시,1,여자,6604,28.0
202306,서울특별시,2,남자,13682,28.0
202306,서울특별시,2,여자,13935,28.0
202306,서울특별시,3,남자,13051,28.0
202306,서울특별시,3,여자,12533,28.0
202306,세종특별자치시,1,남자,589,26.0
202306,세종특별자치시,1,여자,614,26.0
202306,세종특별자치시,2,남자,1272,26.0
202306,세종특별자치시,2,여자,1350,26.0
202306,세종특별자치시,3,남자,970,26.0
202306,세종특별자치시,3,여자,953,26.0
202306,울산광역시,1,남자,1119,28.0
202306,울산광역시,1,여자,1057,28.0
202306,울산광역시,2,남자,2476,28.0
202306,울산광역시,2,여자,2370,28.0
202306,울산광역시,3,남자,2057,28.0
202306,울산광역시,3,여자,2015,28.0
202306,인천광역시,1,남자,3251,29.0
202306,인천광역시,1,여자,3066,29.0
202306,인천광역시,2,남자,6429,29.0
202306,인천광역시,2,여자,6412,29.0
202306,인천광역시,3,남자,5693,29.0
202306,인천광역시,3,여자,5499,29.0
202306,전라남도,1,남자,1737,21.0
202306,전라남도,1,여자,1717,21.0
202306,전라남도,2,남자,3287,21.0
202306,전라남도,2,여자,3169,21.0
202306,전라남도,3,남자,2505,21.0
202306,전라남도,3,여자,2517,21.0
202306,전라북도,1,남자,1427,28.0
202306,전라북도,1,여자,1443,28.0
202306,전라북도,2,남자,3313,28.0
202306,전라북도,2,여자,3237,28.0
202306,전라북도,3,남자,2986,28.0
202306,전라북도,3,여자,2808,28.0
202306,제주특별자치도,1,남자,2086,23.0
202306,제주특별자치도,1,여자,2054,23.0
202306,제주특별자치도,2,남자,3824,23.0
202306,제주특별자치도,2,여자,3642,23.0
202306,제주특별자치도,3,남자,3116,23.0
202306,제주특별자치도,3,여자,2954,23.0
202306,충청남도,1,남자,2226,28.0
202306,충청남도,1,여자,2227,28.0
202306,충청남도,2,남자,4700,28.0
202306,충청남도,2,여자,4546,28.0
202306,충청남도,3,남자,3474,28.0
202306,충청남도,3,여자,3344,28.0
202306,충청북도,1,남자,1632,27.0
202306,충청북도,1,여자,1561,27.0
202306,충청북도,2,남자,3064,27.0
202306,충청북도,2,여자,3029,27.0
202306,충청북도,3,남자,2600,27.0
202306,충청북도,3,여자,2513,27.0
202307,경기도,1,남자,18747,27.0
202307,경기도,1,여자,18072,27.0
202307,경기도,2,남자,48525,27.0
202307,경기도,2,여자,46033,27.0
202307,경기도,3,남자,31255,27.0
202307,경기도,3,여자,31023,27.0
202307,경상남도,1,남자,3843,21.0
202307,경상남도,1,여자,3664,21.0
202307,경상남도,2,남자,11325,21.0
202307,경상남도,2,여자,10527,21.0
202307,경상남도,3,남자,7595,21.0
202307,경상남도,3,여자,7448,21.0
202307,경상북도,1,남자,2797,26.0
202307,경상북도,1,여자,2621,26.0
202307,경상북도,2,남자,7094,26.0
202307,경상북도,2,여자,6849,26.0
202307,경상북도,3,남자,4533,26.0
202307,경상북도,3,여자,4283,26.0
202307,광주광역시,1,남자,1914,18.0
202307,광주광역시,1,여자,1878,18.0
202307,광주광역시,2,남자,5305,18.0
202307,광주광역시,2,여자,5033,18.0
202307,광주광역시,3,남자,2894,18.0
202307,광주광역시,3,여자,2874,18.0
202307,대구광역시,1,남자,2655,24.0
202307,대구광역시,1,여자,2565,24.0
202307,대구광역시,2,남자,7954,24.0
202307,대구광역시,2,여자,7528,24.0
202307,대구광역시,3,남자,5141,24.0
202307,대구광역시,3,여자,4852,24.0
202307,대전광역시,1,남자,1880,21.0
202307,대전광역시,1,여자,1717,21.0
202307,대전광역시,2,남자,5097,21.0
202307,대전광역시,2,여자,4827,21.0
202307,대전광역시,3,남자,3284,21.0
202307,대전광역시,3,여자,3090,21.0
202307,부산광역시,1,남자,3323,19.0
202307,부산광역시,1,여자,3251,19.0
202307,부산광역시,2,남자,9128,19.0
202307,부산광역시,2,여자,8375,19.0
202307,부산광역시,3,남자,5583,19.0
202307,부산광역시,3,여자,5404,19.0
202307,서울특별시,1,남자,9537,26.0
202307,서울특별시,1,여자,9038,26.0
202307,서울특별시,2,남자,23446,26.0
202307,서울특별시,2,여자,21814,26.0
202307,서울특별시,3,남자,15526,26.0
202307,서울특별시,3,여자,15310,26.0
202307,세종특별자치시,1,남자,818,22.0
202307,세종특별자치시,1,여자,854,22.0
202307,세종특별자치시,2,남자,2169,22.0
202307,세종특별자치시,2,여자,2088,22.0
202307,세종특별자치시,3,남자,1207,22.0
202307,세종특별자치시,3,여자,1299,22.0
202307,울산광역시,1,남자,1636,27.0
202307,울산광역시,1,여자,1501,27.0
202307,울산광역시,2,남자,4107,27.0
202307,울산광역시,2,여자,3725,27.0
202307,울산광역시,3,남자,2287,27.0
202307,울산광역시,3,여자,2182,27.0
202307,인천광역시,1,남자,4064,27.0
202307,인천광역시,1,여자,3992,27.0
202307,인천광역시,2,남자,10014,27.0
202307,인천광역시,2,여자,9298,27.0
202307,인천광역시,3,남자,6414,27.0
202307,인천광역시,3,여자,6345,27.0
202307,전라남도,1,남자,2239,20.0
202307,전라남도,1,여자,2235,20.0
202307,전라남도,2,남자,5312,20.0
202307,전라남도,2,여자,5008,20.0
202307,전라남도,3,남자,3219,20.0
202307,전라남도,3,여자,3002,20.0
202307,전라북도,1,남자,1767,22.0
202307,전라북도,1,여자,1797,22.0
202307,전라북도,2,남자,4949,22.0
202307,전라북도,2,여자,4658,22.0
202307,전라북도,3,남자,3298,22.0
202307,전라북도,3,여자,3340,22.0
202307,제주특별자치도,1,남자,2790,20.0
202307,제주특별자치도,1,여자,2767,20.0
202307,제주특별자치도,2,남자,6145,20.0
202307,제주특별자치도,2,여자,5819,20.0
202307,제주특별자치도,3,남자,3672,20.0
202307,제주특별자치도,3,여자,3536,20.0
202307,충청남도,1,남자,2684,24.0
202307,충청남도,1,여자,2697,24.0
202307,충청남도,2,남자,7233,24.0
202307,충청남도,2,여자,6802,24.0
202307,충청남도,3,남자,4440,24.0
202307,충청남도,3,여자,4390,24.0
202307,충청북도,1,남자,2063,23.0
202307,충청북도,1,여자,1964,23.0
202307,충청북도,2,남자,5450,23.0
202307,충청북도,2,여자,5177,23.0
202307,충청북도,3,남자,3321,23.0
202307,충청북도,3,여자,3180,23.0
202308,경기도,1,남자,15172,23.0
202308,경기도,1,여자,14472,23.0
202308,경기도,2,남자,29927,23.0
202308,경기도,2,여자,26643,23.0
202308,경기도,3,남자,25811,23.0
202308,경기도,3,여자,22193,23.0
202308,경상남도,1,남자,3404,20.0
202308,경상남도,1,여자,3399,20.0
202308,경상남도,2,남자,7731,20.0
202308,경상남도,2,여자,6812,20.0
202308,경상남도,3,남자,5342,20.0
202308,경상남도,3,여자,4462,20.0
202308,경상북도,1,남자,2515,23.0
202308,경상북도,1,여자,2405,23.0
202308,경상북도,2,남자,5801,23.0
202308,경상북도,2,여자,5053,23.0
202308,경상북도,3,남자,3787,23.0
202308,경상북도,3,여자,3210,23.0
202308,광주광역시,1,남자,1700,18.0
202308,광주광역시,1,여자,1623,18.0
202308,광주광역시,2,남자,3644,18.0
202308,광주광역시,2,여자,3326,18.0
202308,광주광역시,3,남자,2512,18.0
202308,광주광역시,3,여자,2108,18.0
202308,대구광역시,1,남자,2464,18.0
202308,대구광역시,1,여자,2358,18.0
202308,대구광역시,2,남자,5817,18.0
202308,대구광역시,2,여자,5217,18.0
202308,대구광역시,3,남자,4252,18.0
202308,대구광역시,3,여자,3639,18.0
202308,대전광역시,1,남자,1685,21.0
202308,대전광역시,1,여자,1622,21.0
202308,대전광역시,2,남자,3501,21.0
202308,대전광역시,2,여자,3154,21.0
202308,대전광역시,3,남자,2737,21.0
202308,대전광역시,3,여자,2346,21.0
202308,부산광역시,1,남자,2974,17.0
202308,부산광역시,1,여자,2954,17.0
202308,부산광역시,2,남자,6229,17.0
202308,부산광역시,2,여자,5670,17.0
202308,부산광역시,3,남자,4017,17.0
202308,부산광역시,3,여자,3457,17.0
202308,서울특별시,1,남자,7907,21.0
202308,서울특별시,1,여자,7462,21.0
202308,서울특별시,2,남자,14641,21.0
202308,서울특별시,2,여자,12894,21.0
202308,서울특별시,3,남자,12044,21.0
202308,서울특별시,3,여자,10668,21.0
202308,세종특별자치시,1,남자,660,21.0
202308,세종특별자치시,1,여자,657,21.0
202308,세종특별자치시,2,남자,1610,21.0
202308,세종특별자치시,2,여자,1411,21.0
202308,세종특별자치시,3,남자,1183,21.0
202308,세종특별자치시,3,여자,1074,21.0
202308,울산광역시,1,남자,1265,21.0
202308,울산광역시,1,여자,1311,21.0
202308,울산광역시,2,남자,2593,21.0
202308,울산광역시,2,여자,2287,21.0
202308,울산광역시,3,남자,1804,21.0
202308,울산광역시,3,여자,1513,21.0
202308,인천광역시,1,남자,3015,23.0
202308,인천광역시,1,여자,2882,23.0
202308,인천광역시,2,남자,5886,23.0
202308,인천광역시,2,여자,5274,23.0
202308,인천광역시,3,남자,5175,23.0
202308,인천광역시,3,여자,4433,23.0
202308,전라남도,1,남자,1982,21.0
202308,전라남도,1,여자,2029,21.0
202308,전라남도,2,남자,4049,21.0
202308,전라남도,2,여자,3783,21.0
202308,전라남도,3,남자,2809,21.0
202308,전라남도,3,여자,2496,21.0
202308,전라북도,1,남자,1640,25.0
202308,전라북도,1,여자,1590,25.0
202308,전라북도,2,남자,3946,25.0
202308,전라북도,2,여자,3530,25.0
202308,전라북도,3,남자,3188,25.0
202308,전라북도,3,여자,2788,25.0
202308,제주특별자치도,1,남자,2634,20.0
202308,제주특별자치도,1,여자,2475,20.0
202308,제주특별자치도,2,남자,4512,20.0
202308,제주특별자치도,2,여자,4089,20.0
202308,제주특별자치도,3,남자,3186,20.0
202308,제주특별자치도,3,여자,2696,20.0
202308,충청남도,1,남자,2131,25.0
202308,충청남도,1,여자,2001,25.0
202308,충청남도,2,남자,4780,25.0
202308,충청남도,2,여자,4175,25.0
202308,충청남도,3,남자,3700,25.0
202308,충청남도,3,여자,3172,25.0
202308,충청북도,1,남자,1806,22.0
202308,충청북도,1,여자,1719,22.0
202308,충청북도,2,남자,3730,22.0
202308,충청북도,2,여자,3409,22.0
202308,충청북도,3,남자,2787,22.0
202308,충청북도,3,여자,2270,22.0
202309,경기도,1,남자,19433,23.0
202309,경기도,1,여자,19615,23.0
202309,경기도,2,남자,53220,23.0
202309,경기도,2,여자,51463,23.0
202309,경기도,3,남자,55808,23.0
202309,경기도,3,여자,50976,23.0
202309,경상남도,1,남자,4010,18.0
202309,경상남도,1,여자,3993,18.0
202309,경상남도,2,남자,12325,18.0
202309,경상남도,2,여자,11425,18.0
202309,경상남도,3,남자,12304,18.0
202309,경상남도,3,여자,10588,18.0
202309,경상북도,1,남자,2991,22.0
202309,경상북도,1,여자,2957,22.0
202309,경상북도,2,남자,7668,22.0
202309,경상북도,2,여자,7385,22.0
202309,경상북도,3,남자,7678,22.0
202309,경상북도,3,여자,6331,22.0
202309,광주광역시,1,남자,1736,18.0
202309,광주광역시,1,여자,1837,18.0
202309,광주광역시,2,남자,4863,18.0
202309,광주광역시,2,여자,4391,18.0
202309,광주광역시,3,남자,4847,18.0
202309,광주광역시,3,여자,4148,18.0
202309,대구광역시,1,남자,3051,18.0
202309,대구광역시,1,여자,2891,18.0
202309,대구광역시,2,남자,9140,18.0
202309,대구광역시,2,여자,8847,18.0
202309,대구광역시,3,남자,8884,18.0
202309,대구광역시,3,여자,7534,18.0
202309,대전광역시,1,남자,1841,19.0
202309,대전광역시,1,여자,1817,19.0
202309,대전광역시,2,남자,4911,19.0
202309,대전광역시,2,여자,4652,19.0
202309,대전광역시,3,남자,5208,19.0
202309,대전광역시,3,여자,4504,19.0
202309,부산광역시,1,남자,3487,16.0
202309,부산광역시,1,여자,3417,16.0
202309,부산광역시,2,남자,9794,16.0
202309,부산광역시,2,여자,9589,16.0
202309,부산광역시,3,남자,8716,16.0
202309,부산광역시,3,여자,7473,16.0
202309,서울특별시,1,남자,10219,20.0
202309,서울특별시,1,여자,9732,20.0
202309,서울특별시,2,남자,24630,20.0
202309,서울특별시,2,여자,23062,20.0
202309,서울특별시,3,남자,25385,20.0
202309,서울특별시,3,여자,22483,20.0
202309,세종특별자치시,1,남자,709,20.0
202309,세종특별자치시,1,여자,820,20.0
202309,세종특별자치시,2,남자,2039,20.0
202309,세종특별자치시,2,여자,1958,20.0
202309,세종특별자치시,3,남자,2033,20.0
202309,세종특별자치시,3,여자,1906,20.0
202309,울산광역시,1,남자,1618,20.0
202309,울산광역시,1,여자,1679,20.0
202309,울산광역시,2,남자,4328,20.0
202309,울산광역시,2,여자,4101,20.0
202309,울산광역시,3,남자,3589,20.0
202309,울산광역시,3,여자,3252,20.0
202309,인천광역시,1,남자,4128,23.0
202309,인천광역시,1,여자,4081,23.0
202309,인천광역시,2,남자,10233,23.0
202309,인천광역시,2,여자,9957,23.0
202309,인천광역시,3,남자,10833,23.0
202309,인천광역시,3,여자,9720,23.0
202309,전라남도,1,남자,2026,20.0
202309,전라남도,1,여자,2049,20.0
202309,전라남도,2,남자,4856,20.0
202309,전라남도,2,여자,4535,20.0
202309,전라남도,3,남자,4720,20.0
202309,전라남도,3,여자,4348,20.0
202309,전라북도,1,남자,1742,25.0
202309,전라북도,1,여자,1781,25.0
202309,전라북도,2,남자,5336,25.0
202309,전라북도,2,여자,4949,25.0
202309,전라북도,3,남자,5366,25.0
202309,전라북도,3,여자,4899,25.0
202309,제주특별자치도,1,남자,2987,20.0
202309,제주특별자치도,1,여자,2838,20.0
202309,제주특별자치도,2,남자,6343,20.0
202309,제주특별자치도,2,여자,6252,20.0
202309,제주특별자치도,3,남자,5779,20.0
202309,제주특별자치도,3,여자,5216,20.0
202309,충청남도,1,남자,2805,24.0
202309,충청남도,1,여자,2673,24.0
202309,충청남도,2,남자,7454,24.0
202309,충청남도,2,여자,7012,24.0
202309,충청남도,3,남자,7798,24.0
202309,충청남도,3,여자,6868,24.0
202309,충청북도,1,남자,2122,21.0
202309,충청북도,1,여자,2073,21.0
202309,충청북도,2,남자,5954,21.0
202309,충청북도,2,여자,5738,21.0
202309,충청북도,3,남자,6187,21.0
202309,충청북도,3,여자,5381,21.0
202310,경기도,1,남자,20238,32.0
202310,경기도,1,여자,20077,32.0
202310,경기도,2,남자,48871,32.0
202310,경기도,2,여자,47371,32.0
202310,경기도,3,남자,49403,32.0
202310,경기도,3,여자,49906,32.0
202310,경상남도,1,남자,4290,22.0
202310,경상남도,1,여자,4317,22.0
202310,경상남도,2,남자,11718,22.0
202310,경상남도,2,여자,11270,22.0
202310,경상남도,3,남자,12167,22.0
202310,경상남도,3,여자,11639,22.0
202310,경상북도,1,남자,3013,29.0
202310,경상북도,1,여자,3062,29.0
202310,경상북도,2,남자,7460,29.0
202310,경상북도,2,여자,7057,29.0
202310,경상북도,3,남자,7925,29.0
202310,경상북도,3,여자,7398,29.0
202310,광주광역시,1,남자,2114,26.0
202310,광주광역시,1,여자,2130,26.0
202310,광주광역시,2,남자,5828,26.0
202310,광주광역시,2,여자,5515,26.0
202310,광주광역시,3,남자,5134,26.0
202310,광주광역시,3,여자,5145,26.0
202310,대구광역시,1,남자,2975,27.0
202310,대구광역시,1,여자,2934,27.0
202310,대구광역시,2,남자,7970,27.0
202310,대구광역시,2,여자,7787,27.0
202310,대구광역시,3,남자,8470,27.0
202310,대구광역시,3,여자,8351,27.0
202310,대전광역시,1,남자,2005,26.0
202310,대전광역시,1,여자,1972,26.0
202310,대전광역시,2,남자,5048,26.0
202310,대전광역시,2,여자,4920,26.0
202310,대전광역시,3,남자,6153,26.0
202310,대전광역시,3,여자,5864,26.0
202310,부산광역시,1,남자,3826,24.0
202310,부산광역시,1,여자,3724,24.0
202310,부산광역시,2,남자,9438,24.0
202310,부산광역시,2,여자,8915,24.0
202310,부산광역시,3,남자,9118,24.0
202310,부산광역시,3,여자,8504,24.0
202310,서울특별시,1,남자,10251,28.0
202310,서울특별시,1,여자,9820,28.0
202310,서울특별시,2,남자,24046,28.0
202310,서울특별시,2,여자,22642,28.0
202310,서울특별시,3,남자,24503,28.0
202310,서울특별시,3,여자,23761,28.0
202310,세종특별자치시,1,남자,765,28.0
202310,세종특별자치시,1,여자,796,28.0
202310,세종특별자치시,2,남자,1999,28.0
202310,세종특별자치시,2,여자,2143,28.0
202310,세종특별자치시,3,남자,2181,28.0
202310,세종특별자치시,3,여자,2233,28.0
202310,울산광역시,1,남자,1843,26.0
202310,울산광역시,1,여자,1750,26.0
202310,울산광역시,2,남자,4209,26.0
202310,울산광역시,2,여자,4036,26.0
202310,울산광역시,3,남자,3915,26.0
202310,울산광역시,3,여자,3633,26.0
202310,인천광역시,1,남자,4215,31.0
202310,인천광역시,1,여자,4076,31.0
202310,인천광역시,2,남자,10128,31.0
202310,인천광역시,2,여자,9800,31.0
202310,인천광역시,3,남자,10396,31.0
202310,인천광역시,3,여자,10320,31.0
202310,전라남도,1,남자,2360,25.0
202310,전라남도,1,여자,2353,25.0
202310,전라남도,2,남자,5262,25.0
202310,전라남도,2,여자,5107,25.0
202310,전라남도,3,남자,5134,25.0
202310,전라남도,3,여자,5240,25.0
202310,전라북도,1,남자,2161,32.0
202310,전라북도,1,여자,2302,32.0
202310,전라북도,2,남자,5875,32.0
202310,전라북도,2,여자,5764,32.0
202310,전라북도,3,남자,6270,32.0
202310,전라북도,3,여자,6387,32.0
202310,제주특별자치도,1,남자,3122,23.0
202310,제주특별자치도,1,여자,3037,23.0
202310,제주특별자치도,2,남자,6862,23.0
202310,제주특별자치도,2,여자,6423,23.0
202310,제주특별자치도,3,남자,6299,23.0
202310,제주특별자치도,3,여자,6088,23.0
202310,충청남도,1,남자,3002,32.0
202310,충청남도,1,여자,3125,32.0
202310,충청남도,2,남자,7420,32.0
202310,충청남도,2,여자,7160,32.0
202310,충청남도,3,남자,7207,32.0
202310,충청남도,3,여자,7030,32.0
202310,충청북도,1,남자,2200,29.0
202310,충청북도,1,여자,2193,29.0
202310,충청북도,2,남자,5131,29.0
202310,충청북도,2,여자,5055,29.0
202310,충청북도,3,남자,5393,29.0
202310,충청북도,3,여자,5240,29.0
202311,경기도,1,남자,15936,33.0
202311,경기도,1,여자,16004,33.0
202311,경기도,2,남자,35879,33.0
202311,경기도,2,여자,37008,33.0
202311,경기도,3,남자,40807,33.0
202311,경기도,3,여자,41568,33.0
202311,경상남도,1,남자,3324,22.0
202311,경상남도,1,여자,3398,22.0
202311,경상남도,2,남자,8665,22.0
202311,경상남도,2,여자,8763,22.0
202311,경상남도,3,남자,10220,22.0
202311,경상남도,3,여자,10375,22.0
202311,경상북도,1,남자,2292,30.0
202311,경상북도,1,여자,2285,30.0
202311,경상북도,2,남자,5294,30.0
202311,경상북도,2,여자,5365,30.0
202311,경상북도,3,남자,6277,30.0
202311,경상북도,3,여자,6116,30.0
202311,광주광역시,1,남자,1494,26.0
202311,광주광역시,1,여자,1578,26.0
202311,광주광역시,2,남자,3686,26.0
202311,광주광역시,2,여자,3635,26.0
202311,광주광역시,3,남자,3922,26.0
202311,광주광역시,3,여자,3987,26.0
202311,대구광역시,1,남자,2385,30.0
202311,대구광역시,1,여자,2333,30.0
202311,대구광역시,2,남자,5718,30.0
202311,대구광역시,2,여자,5993,30.0
202311,대구광역시,3,남자,7117,30.0
202311,대구광역시,3,여자,6918,30.0
202311,대전광역시,1,남자,1545,27.0
202311,대전광역시,1,여자,1588,27.0
202311,대전광역시,2,남자,3425,27.0
202311,대전광역시,2,여자,3536,27.0
202311,대전광역시,3,남자,4617,27.0
202311,대전광역시,3,여자,4469,27.0
202311,부산광역시,1,남자,2962,25.0
202311,부산광역시,1,여자,2975,25.0
202311,부산광역시,2,남자,7246,25.0
202311,부산광역시,2,여자,6983,25.0
202311,부산광역시,3,남자,8057,25.0
202311,부산광역시,3,여자,8211,25.0
202311,서울특별시,1,남자,8183,30.0
202311,서울특별시,1,여자,8295,30.0
202311,서울특별시,2,남자,17148,30.0
202311,서울특별시,2,여자,17259,30.0
202311,서울특별시,3,남자,19338,30.0
202311,서울특별시,3,여자,19293,30.0
202311,세종특별자치시,1,남자,636,28.0
202311,세종특별자치시,1,여자,667,28.0
202311,세종특별자치시,2,남자,1468,28.0
202311,세종특별자치시,2,여자,1580,28.0
202311,세종특별자치시,3,남자,1721,28.0
202311,세종특별자치시,3,여자,1778,28.0
202311,울산광역시,1,남자,1511,28.0
202311,울산광역시,1,여자,1509,28.0
202311,울산광역시,2,남자,3381,28.0
202311,울산광역시,2,여자,3444,28.0
202311,울산광역시,3,남자,3304,28.0
202311,울산광역시,3,여자,3380,28.0
202311,인천광역시,1,남자,3457,34.0
202311,인천광역시,1,여자,3435,34.0
202311,인천광역시,2,남자,7823,34.0
202311,인천광역시,2,여자,7908,34.0
202311,인천광역시,3,남자,9733,34.0
202311,인천광역시,3,여자,9756,34.0
202311,전라남도,1,남자,1966,23.0
202311,전라남도,1,여자,2047,23.0
202311,전라남도,2,남자,4366,23.0
202311,전라남도,2,여자,4349,23.0
202311,전라남도,3,남자,4789,23.0
202311,전라남도,3,여자,4796,23.0
202311,전라북도,1,남자,1607,29.0
202311,전라북도,1,여자,1645,29.0
202311,전라북도,2,남자,3920,29.0
202311,전라북도,2,여자,3951,29.0
202311,전라북도,3,남자,4685,29.0
202311,전라북도,3,여자,4767,29.0
202311,제주특별자치도,1,남자,2617,24.0
202311,제주특별자치도,1,여자,2501,24.0
202311,제주특별자치도,2,남자,5664,24.0
202311,제주특별자치도,2,여자,5579,24.0
202311,제주특별자치도,3,남자,6307,24.0
202311,제주특별자치도,3,여자,6012,24.0
202311,충청남도,1,남자,2271,31.0
202311,충청남도,1,여자,2281,31.0
202311,충청남도,2,남자,5511,31.0
202311,충청남도,2,여자,5640,31.0
202311,충청남도,3,남자,6430,31.0
202311,충청남도,3,여자,6277,31.0
202311,충청북도,1,남자,1786,32.0
202311,충청북도,1,여자,1737,32.0
202311,충청북도,2,남자,3921,32.0
202311,충청북도,2,여자,4073,32.0
202311,충청북도,3,남자,4993,32.0
202311,충청북도,3,여자,4840,32.0
202312,경기도,1,남자,11601,38.0
202312,경기도,1,여자,11572,38.0
202312,경기도,2,남자,26915,38.0
202312,경기도,2,여자,26441,38.0
202312,경기도,3,남자,36441,38.0
202312,경기도,3,여자,35576,38.0
202312,경상남도,1,남자,2534,28.0
202312,경상남도,1,여자,2499,28.0
202312,경상남도,2,남자,7002,28.0
202312,경상남도,2,여자,6740,28.0
202312,경상남도,3,남자,9516,28.0
202312,경상남도,3,여자,8779,28.0
202312,경상북도,1,남자,1842,35.0
202312,경상북도,1,여자,1826,35.0
202312,경상북도,2,남자,4471,35.0
202312,경상북도,2,여자,4337,35.0
202312,경상북도,3,남자,5262,35.0
202312,경상북도,3,여자,5063,35.0
202312,광주광역시,1,남자,1047,32.0
202312,광주광역시,1,여자,1128,32.0
202312,광주광역시,2,남자,2648,32.0
202312,광주광역시,2,여자,2592,32.0
202312,광주광역시,3,남자,3502,32.0
202312,광주광역시,3,여자,3213,32.0
202312,대구광역시,1,남자,1695,37.0
202312,대구광역시,1,여자,1761,37.0
202312,대구광역시,2,남자,4644,37.0
202312,대구광역시,2,여자,4512,37.0
202312,대구광역시,3,남자,6240,37.0
202312,대구광역시,3,여자,5988,37.0
202312,대전광역시,1,남자,1119,34.0
202312,대전광역시,1,여자,1070,34.0
202312,대전광역시,2,남자,2680,34.0
202312,대전광역시,2,여자,2706,34.0
202312,대전광역시,3,남자,3475,34.0
202312,대전광역시,3,여자,3395,34.0
202312,부산광역시,1,남자,2181,31.0
202312,부산광역시,1,여자,2149,31.0
202312,부산광역시,2,남자,5210,31.0
202312,부산광역시,2,여자,5171,31.0
202312,부산광역시,3,남자,6652,31.0
202312,부산광역시,3,여자,6644,31.0
202312,서울특별시,1,남자,6393,36.0
202312,서울특별시,1,여자,6213,36.0
202312,서울특별시,2,남자,13787,36.0
202312,서울특별시,2,여자,13510,36.0
202312,서울특별시,3,남자,18970,36.0
202312,서울특별시,3,여자,17976,36.0
202312,세종특별자치시,1,남자,532,39.0
202312,세종특별자치시,1,여자,503,39.0
202312,세종특별자치시,2,남자,1191,39.0
202312,세종특별자치시,2,여자,1136,39.0
202312,세종특별자치시,3,남자,1609,39.0
202312,세종특별자치시,3,여자,1636,39.0
202312,울산광역시,1,남자,1082,32.0
202312,울산광역시,1,여자,1025,32.0
202312,울산광역시,2,남자,2369,32.0
202312,울산광역시,2,여자,2287,32.0
202312,울산광역시,3,남자,2651,32.0
202312,울산광역시,3,여자,2493,32.0
202312,인천광역시,1,남자,2343,39.0
202312,인천광역시,1,여자,2341,39.0
202312,인천광역시,2,남자,5354,39.0
202312,인천광역시,2,여자,5306,39.0
202312,인천광역시,3,남자,7929,39.0
202312,인천광역시,3,여자,7664,39.0
202312,전라남도,1,남자,1386,30.0
202312,전라남도,1,여자,1441,30.0
202312,전라남도,2,남자,3238,30.0
202312,전라남도,2,여자,3259,30.0
202312,전라남도,3,남자,3476,30.0
202312,전라남도,3,여자,3586,30.0
202312,전라북도,1,남자,1160,35.0
202312,전라북도,1,여자,1125,35.0
202312,전라북도,2,남자,3215,35.0
202312,전라북도,2,여자,3151,35.0
202312,전라북도,3,남자,4307,35.0
202312,전라북도,3,여자,4030,35.0
202312,제주특별자치도,1,남자,1957,29.0
202312,제주특별자치도,1,여자,1830,29.0
202312,제주특별자치도,2,남자,4067,29.0
202312,제주특별자치도,2,여자,4069,29.0
202312,제주특별자치도,3,남자,4931,29.0
202312,제주특별자치도,3,여자,4755,29.0
202312,충청남도,1,남자,1668,39.0
202312,충청남도,1,여자,1715,39.0
202312,충청남도,2,남자,4128,39.0
202312,충청남도,2,여자,4202,39.0
202312,충청남도,3,남자,5515,39.0
202312,충청남도,3,여자,5426,39.0
202312,충청북도,1,남자,1371,39.0
202312,충청북도,1,여자,1286,39.0
202312,충청북도,2,남자,3271,39.0
202312,충청북도,2,여자,3245,39.0
202312,충청북도,3,남자,4330,39.0
202312,충청북도,3,여자,3921,39.0
